ping_id,vehicle_id,operator_id,lat,lon,speed_kmph,recorded_at,received_at
P-0000001,V-11,5,19.21834,72.977987,1.9,2026-06-15 06:54:00+05:30,2026-06-15 06:54:04+05:30
P-0000002,V-11,5,19.217698,72.977558,14.7,2026-06-15 06:54:23+05:30,2026-06-15 06:54:24+05:30
P-0000003,V-11,5,19.216867,72.977275,17.7,2026-06-15 06:54:46+05:30,2026-06-15 06:54:50+05:30
P-0000004,V-11,5,19.216179,72.976733,17.2,2026-06-15 06:55:09+05:30,2026-06-15 06:55:12+05:30
P-0000005,V-11,5,19.215612,72.976577,11.9,2026-06-15 06:55:26+05:30,2026-06-15 06:55:28+05:30
P-0000006,V-11,5,19.215089,72.976079,13.6,2026-06-15 06:55:47+05:30,2026-06-15 06:55:51+05:30
P-0000007,V-11,5,19.214408,72.975784,14.5,2026-06-15 06:56:06+05:30,2026-06-15 06:56:07+05:30
P-0000008,V-11,5,19.213806,72.975323,15.6,2026-06-15 06:56:27+05:30,2026-06-15 06:56:28+05:30
P-0000009,V-11,5,19.213175,72.9751,12.3,2026-06-15 06:56:48+05:30,2026-06-15 06:56:52+05:30
P-0000010,V-11,5,19.212505,72.974618,15.6,2026-06-15 06:57:07+05:30,2026-06-15 06:57:08+05:30
P-0000011,V-11,5,19.211943,72.974254,13.8,2026-06-15 06:57:25+05:30,2026-06-15 06:57:28+05:30
P-0000012,V-11,5,19.211274,72.973823,16.1,2026-06-15 06:57:48+05:30,2026-06-15 06:57:51+05:30
P-0000013,V-11,5,19.210543,72.973589,16.2,2026-06-15 06:58:07+05:30,2026-06-15 06:58:11+05:30
P-0000014,V-11,5,19.210056,72.973292,10.1,2026-06-15 06:58:24+05:30,2026-06-15 06:58:26+05:30
P-0000015,V-11,5,19.209593,72.972888,10.2,2026-06-15 06:58:42+05:30,2026-06-15 06:58:45+05:30
P-0000016,V-11,5,19.208793,72.972498,18.8,2026-06-15 06:59:05+05:30,2026-06-15 06:59:09+05:30
P-0000017,V-11,5,19.208071,72.972107,16.0,2026-06-15 06:59:28+05:30,2026-06-15 06:59:30+05:30
P-0000018,V-11,5,19.207387,72.971576,15.3,2026-06-15 06:59:49+05:30,2026-06-15 06:59:53+05:30
P-0000019,V-11,5,19.206812,72.971377,10.3,2026-06-15 07:00:10+05:30,2026-06-15 07:00:11+05:30
P-0000020,V-11,5,19.206282,72.970846,15.5,2026-06-15 07:00:31+05:30,2026-06-15 07:00:35+05:30
P-0000021,V-11,5,19.205709,72.970512,14.8,2026-06-15 07:00:50+05:30,2026-06-15 07:00:53+05:30
P-0000022,V-11,5,19.20503,72.970257,16.3,2026-06-15 07:01:08+05:30,2026-06-15 07:01:12+05:30
P-0000023,V-11,5,19.204371,72.969691,18.7,2026-06-15 07:01:30+05:30,2026-06-15 07:01:31+05:30
P-0000024,V-11,5,19.203754,72.969467,14.5,2026-06-15 07:01:51+05:30,2026-06-15 07:01:54+05:30
P-0000025,V-11,5,19.20328,72.969018,13.9,2026-06-15 07:02:09+05:30,2026-06-15 07:02:12+05:30
P-0000026,V-11,5,19.202771,72.968581,15.0,2026-06-15 07:02:26+05:30,2026-06-15 07:02:30+05:30
P-0000027,V-11,5,19.202021,72.968093,19.5,2026-06-15 07:02:48+05:30,2026-06-15 07:02:50+05:30
P-0000028,V-11,5,19.201531,72.967592,12.9,2026-06-15 07:03:10+05:30,2026-06-15 07:03:12+05:30
P-0000029,V-11,5,19.200903,72.96735,12.3,2026-06-15 07:03:27+05:30,2026-06-15 07:03:30+05:30
P-0000030,V-11,5,19.200412,72.966923,12.5,2026-06-15 07:03:47+05:30,2026-06-15 07:03:48+05:30
P-0000031,V-11,5,19.199684,72.966404,17.2,2026-06-15 07:04:10+05:30,2026-06-15 07:04:12+05:30
P-0000032,V-11,5,19.199085,72.96586,14.2,2026-06-15 07:04:28+05:30,2026-06-15 07:04:29+05:30
P-0000033,V-11,5,19.198563,72.965491,10.8,2026-06-15 07:04:46+05:30,2026-06-15 07:04:50+05:30
P-0000034,V-11,5,19.198077,72.96504,11.2,2026-06-15 07:05:08+05:30,2026-06-15 07:05:09+05:30
P-0000035,V-11,5,19.197509,72.964696,14.7,2026-06-15 07:05:28+05:30,2026-06-15 07:05:30+05:30
P-0000036,V-11,5,19.196987,72.964286,13.9,2026-06-15 07:05:47+05:30,2026-06-15 07:05:51+05:30
P-0000037,V-11,5,19.196427,72.963755,14.7,2026-06-15 07:06:04+05:30,2026-06-15 07:06:05+05:30
P-0000038,V-11,5,19.19587,72.96326,16.1,2026-06-15 07:06:24+05:30,2026-06-15 07:06:25+05:30
P-0000039,V-11,5,19.195307,72.962928,12.8,2026-06-15 07:06:41+05:30,2026-06-15 07:06:44+05:30
P-0000040,V-11,5,19.19485,72.96254,13.2,2026-06-15 07:06:59+05:30,2026-06-15 07:07:01+05:30
P-0000041,V-11,5,19.194226,72.962075,15.0,2026-06-15 07:07:21+05:30,2026-06-15 07:07:23+05:30
P-0000042,V-11,5,19.193559,72.961594,16.6,2026-06-15 07:07:43+05:30,2026-06-15 07:07:47+05:30
P-0000043,V-11,5,19.192946,72.961109,15.9,2026-06-15 07:08:06+05:30,2026-06-15 07:08:09+05:30
P-0000044,V-11,5,19.192249,72.960682,18.0,2026-06-15 07:08:26+05:30,2026-06-15 07:08:29+05:30
P-0000045,V-11,5,19.191714,72.960154,13.1,2026-06-15 07:08:45+05:30,2026-06-15 07:08:49+05:30
P-0000046,V-11,5,19.191042,72.959816,16.2,2026-06-15 07:09:08+05:30,2026-06-15 07:09:11+05:30
P-0000047,V-11,5,19.190636,72.959409,11.6,2026-06-15 07:09:27+05:30,2026-06-15 07:09:28+05:30
P-0000048,V-11,5,19.190103,72.958985,12.6,2026-06-15 07:09:47+05:30,2026-06-15 07:09:48+05:30
P-0000049,V-11,5,19.189473,72.958348,16.3,2026-06-15 07:10:08+05:30,2026-06-15 07:10:12+05:30
P-0000050,V-11,5,19.188963,72.95796,11.2,2026-06-15 07:10:28+05:30,2026-06-15 07:10:31+05:30
P-0000051,V-11,5,19.188173,72.957587,15.4,2026-06-15 07:10:48+05:30,2026-06-15 07:10:50+05:30
P-0000052,V-11,5,19.187787,72.957156,10.1,2026-06-15 07:11:08+05:30,2026-06-15 07:11:09+05:30
P-0000053,V-11,5,19.187234,72.956743,12.4,2026-06-15 07:11:26+05:30,2026-06-15 07:11:27+05:30
P-0000054,V-11,5,19.186476,72.95626,17.3,2026-06-15 07:11:49+05:30,2026-06-15 07:11:53+05:30
P-0000055,V-11,5,19.185919,72.955636,16.3,2026-06-15 07:12:12+05:30,2026-06-15 07:12:15+05:30
P-0000056,V-11,5,19.185129,72.955067,21.0,2026-06-15 07:12:34+05:30,2026-06-15 07:12:38+05:30
P-0000057,V-11,5,19.184478,72.954602,15.4,2026-06-15 07:12:57+05:30,2026-06-15 07:13:00+05:30
P-0000058,V-11,5,19.183979,72.954213,13.2,2026-06-15 07:13:15+05:30,2026-06-15 07:13:16+05:30
P-0000059,V-11,5,19.183341,72.953849,16.3,2026-06-15 07:13:36+05:30,2026-06-15 07:13:37+05:30
P-0000060,V-11,5,19.182678,72.953333,14.6,2026-06-15 07:13:57+05:30,2026-06-15 07:14:01+05:30
P-0000061,V-11,5,19.182122,72.953035,12.0,2026-06-15 07:14:18+05:30,2026-06-15 07:14:19+05:30
P-0000062,V-11,5,19.181586,72.95255,13.9,2026-06-15 07:14:35+05:30,2026-06-15 07:14:39+05:30
P-0000063,V-11,5,19.181032,72.95221,14.2,2026-06-15 07:14:58+05:30,2026-06-15 07:15:00+05:30
P-0000064,V-11,5,19.180361,72.951886,12.9,2026-06-15 07:15:15+05:30,2026-06-15 07:15:18+05:30
P-0000065,V-11,5,19.17976,72.951337,14.4,2026-06-15 07:15:34+05:30,2026-06-15 07:15:36+05:30
P-0000066,V-11,5,19.179185,72.950997,12.8,2026-06-15 07:15:53+05:30,2026-06-15 07:15:57+05:30
P-0000067,V-11,5,19.17875,72.95075,9.5,2026-06-15 07:16:12+05:30,2026-06-15 07:16:16+05:30
P-0000068,V-11,5,19.178169,72.950305,14.3,2026-06-15 07:16:33+05:30,2026-06-15 07:16:37+05:30
P-0000069,V-11,5,19.177388,72.949787,19.3,2026-06-15 07:16:53+05:30,2026-06-15 07:16:57+05:30
P-0000070,V-11,5,19.176983,72.949419,11.2,2026-06-15 07:17:11+05:30,2026-06-15 07:17:12+05:30
P-0000071,V-11,5,19.176329,72.949022,15.9,2026-06-15 07:17:33+05:30,2026-06-15 07:17:36+05:30
P-0000072,V-11,5,19.175644,72.9486,16.4,2026-06-15 07:17:53+05:30,2026-06-15 07:17:55+05:30
P-0000073,V-11,5,19.175003,72.948206,15.0,2026-06-15 07:18:13+05:30,2026-06-15 07:18:16+05:30
P-0000074,V-11,5,19.174524,72.947839,10.0,2026-06-15 07:18:35+05:30,2026-06-15 07:18:36+05:30
P-0000075,V-11,5,19.173736,72.947522,18.1,2026-06-15 07:18:55+05:30,2026-06-15 07:18:57+05:30
P-0000076,V-11,5,19.173339,72.946974,11.6,2026-06-15 07:19:14+05:30,2026-06-15 07:19:15+05:30
P-0000077,V-11,5,19.172442,72.9466,20.0,2026-06-15 07:19:37+05:30,2026-06-15 07:19:39+05:30
P-0000078,V-11,5,19.171922,72.946097,13.6,2026-06-15 07:19:58+05:30,2026-06-15 07:19:59+05:30
P-0000079,V-11,5,19.171206,72.945721,16.2,2026-06-15 07:20:19+05:30,2026-06-15 07:20:21+05:30
P-0000080,V-11,5,19.17066,72.945398,13.9,2026-06-15 07:20:39+05:30,2026-06-15 07:20:43+05:30
P-0000081,V-11,5,19.170218,72.944896,14.1,2026-06-15 07:20:56+05:30,2026-06-15 07:20:58+05:30
P-0000082,V-11,5,19.16977,72.944625,10.7,2026-06-15 07:21:13+05:30,2026-06-15 07:21:16+05:30
P-0000083,V-11,5,19.169122,72.944249,14.2,2026-06-15 07:21:30+05:30,2026-06-15 07:21:32+05:30
P-0000084,V-11,5,19.168603,72.944023,12.2,2026-06-15 07:21:49+05:30,2026-06-15 07:21:53+05:30
P-0000085,V-11,5,19.167976,72.94329,20.4,2026-06-15 07:22:12+05:30,2026-06-15 07:22:13+05:30
P-0000086,V-11,5,19.16751,72.942753,13.8,2026-06-15 07:22:29+05:30,2026-06-15 07:22:30+05:30
P-0000087,V-11,5,19.167209,72.942425,10.0,2026-06-15 07:22:47+05:30,2026-06-15 07:22:51+05:30
P-0000088,V-11,5,19.166816,72.941791,13.5,2026-06-15 07:23:05+05:30,2026-06-15 07:23:06+05:30
P-0000089,V-11,5,19.166384,72.941426,13.0,2026-06-15 07:23:22+05:30,2026-06-15 07:23:26+05:30
P-0000090,V-11,5,19.165964,72.940855,12.8,2026-06-15 07:23:39+05:30,2026-06-15 07:23:43+05:30
P-0000091,V-11,5,19.165318,72.940387,15.5,2026-06-15 07:23:59+05:30,2026-06-15 07:24:01+05:30
P-0000092,V-11,5,19.16482,72.939787,15.3,2026-06-15 07:24:21+05:30,2026-06-15 07:24:22+05:30
P-0000093,V-11,5,19.164509,72.93937,11.3,2026-06-15 07:24:38+05:30,2026-06-15 07:24:39+05:30
P-0000094,V-11,5,19.163936,72.938815,14.7,2026-06-15 07:25:00+05:30,2026-06-15 07:25:01+05:30
P-0000095,V-11,5,19.163478,72.938123,14.8,2026-06-15 07:25:21+05:30,2026-06-15 07:25:22+05:30
P-0000096,V-11,5,19.162849,72.937495,15.8,2026-06-15 07:25:44+05:30,2026-06-15 07:25:46+05:30
P-0000097,V-11,5,19.162227,72.936938,18.2,2026-06-15 07:26:06+05:30,2026-06-15 07:26:07+05:30
P-0000098,V-11,5,19.161763,72.936439,14.9,2026-06-15 07:26:24+05:30,2026-06-15 07:26:27+05:30
P-0000099,V-11,5,19.161373,72.936074,11.5,2026-06-15 07:26:41+05:30,2026-06-15 07:26:44+05:30
P-0000100,V-11,5,19.160959,72.935486,15.8,2026-06-15 07:27:00+05:30,2026-06-15 07:27:01+05:30
P-0000101,V-11,5,19.160496,72.935038,11.5,2026-06-15 07:27:21+05:30,2026-06-15 07:27:22+05:30
P-0000102,V-11,5,19.159877,72.93425,19.4,2026-06-15 07:27:43+05:30,2026-06-15 07:27:44+05:30
P-0000103,V-11,5,19.159444,72.933845,10.0,2026-06-15 07:28:02+05:30,2026-06-15 07:28:03+05:30
P-0000104,V-11,5,19.158863,72.93314,17.3,2026-06-15 07:28:24+05:30,2026-06-15 07:28:27+05:30
P-0000105,V-11,5,19.158387,72.93249,15.8,2026-06-15 07:28:47+05:30,2026-06-15 07:28:51+05:30
P-0000106,V-11,5,19.157972,72.932183,8.7,2026-06-15 07:29:05+05:30,2026-06-15 07:29:07+05:30
P-0000107,V-11,5,19.157292,72.931427,18.4,2026-06-15 07:29:28+05:30,2026-06-15 07:29:31+05:30
P-0000108,V-11,5,19.156719,72.93095,15.0,2026-06-15 07:29:51+05:30,2026-06-15 07:29:52+05:30
P-0000109,V-11,5,19.156341,72.930464,10.8,2026-06-15 07:30:08+05:30,2026-06-15 07:30:11+05:30
P-0000110,V-11,5,19.155883,72.92992,14.5,2026-06-15 07:30:28+05:30,2026-06-15 07:30:32+05:30
P-0000111,V-11,5,19.155308,72.929173,16.8,2026-06-15 07:30:49+05:30,2026-06-15 07:30:51+05:30
P-0000112,V-11,5,19.154858,72.928679,14.8,2026-06-15 07:31:10+05:30,2026-06-15 07:31:14+05:30
P-0000113,V-11,5,19.154341,72.928132,15.3,2026-06-15 07:31:30+05:30,2026-06-15 07:31:34+05:30
P-0000114,V-11,5,19.153832,72.927596,14.5,2026-06-15 07:31:48+05:30,2026-06-15 07:31:51+05:30
P-0000115,V-11,5,19.153324,72.927128,14.5,2026-06-15 07:32:06+05:30,2026-06-15 07:32:09+05:30
P-0000116,V-11,5,19.152898,72.926666,12.4,2026-06-15 07:32:25+05:30,2026-06-15 07:32:29+05:30
P-0000117,V-11,5,19.152215,72.926292,17.1,2026-06-15 07:32:44+05:30,2026-06-15 07:32:45+05:30
P-0000118,V-11,5,19.151663,72.926006,11.2,2026-06-15 07:33:07+05:30,2026-06-15 07:33:08+05:30
P-0000119,V-11,5,19.151011,72.92577,15.4,2026-06-15 07:33:24+05:30,2026-06-15 07:33:28+05:30
P-0000120,V-11,5,19.150378,72.925221,17.7,2026-06-15 07:33:44+05:30,2026-06-15 07:33:45+05:30
P-0000121,V-11,5,19.14969,72.924817,13.9,2026-06-15 07:34:05+05:30,2026-06-15 07:34:07+05:30
P-0000122,V-11,5,19.148984,72.924557,13.2,2026-06-15 07:34:28+05:30,2026-06-15 07:34:29+05:30
P-0000123,V-11,5,19.148588,72.92424,10.7,2026-06-15 07:34:46+05:30,2026-06-15 07:34:49+05:30
P-0000124,V-11,5,19.148053,72.924005,13.5,2026-06-15 07:35:03+05:30,2026-06-15 07:35:07+05:30
P-0000125,V-11,5,19.147203,72.923532,20.1,2026-06-15 07:35:26+05:30,2026-06-15 07:35:29+05:30
P-0000126,V-11,5,19.146664,72.92323,13.5,2026-06-15 07:35:47+05:30,2026-06-15 07:35:49+05:30
P-0000127,V-11,5,19.145845,72.922771,19.1,2026-06-15 07:36:09+05:30,2026-06-15 07:36:13+05:30
P-0000128,V-11,5,19.145194,72.922335,17.3,2026-06-15 07:36:31+05:30,2026-06-15 07:36:34+05:30
P-0000129,V-11,5,19.144467,72.922032,15.3,2026-06-15 07:36:51+05:30,2026-06-15 07:36:52+05:30
P-0000130,V-11,5,19.143923,72.921659,12.2,2026-06-15 07:37:14+05:30,2026-06-15 07:37:16+05:30
P-0000131,V-11,5,19.143376,72.921215,12.9,2026-06-15 07:37:31+05:30,2026-06-15 07:37:35+05:30
P-0000132,V-11,5,19.142661,72.920991,13.1,2026-06-15 07:37:54+05:30,2026-06-15 07:37:55+05:30
P-0000133,V-11,5,19.142034,72.920593,14.1,2026-06-15 07:38:15+05:30,2026-06-15 07:38:17+05:30
P-0000134,V-11,5,19.141363,72.920193,13.9,2026-06-15 07:38:36+05:30,2026-06-15 07:38:39+05:30
P-0000135,V-11,5,19.140525,72.919818,18.5,2026-06-15 07:38:58+05:30,2026-06-15 07:39:02+05:30
P-0000136,V-11,5,19.140062,72.919375,14.2,2026-06-15 07:39:17+05:30,2026-06-15 07:39:18+05:30
P-0000137,V-11,5,19.139329,72.91912,17.2,2026-06-15 07:39:38+05:30,2026-06-15 07:39:41+05:30
P-0000138,V-11,5,19.138576,72.91859,19.3,2026-06-15 07:40:00+05:30,2026-06-15 07:40:01+05:30
P-0000139,V-11,5,19.137855,72.918253,17.3,2026-06-15 07:40:22+05:30,2026-06-15 07:40:23+05:30
P-0000140,V-11,5,19.137265,72.917749,16.6,2026-06-15 07:40:42+05:30,2026-06-15 07:40:43+05:30
P-0000141,V-11,5,19.136741,72.917411,10.5,2026-06-15 07:41:05+05:30,2026-06-15 07:41:06+05:30
P-0000142,V-11,5,19.136286,72.917086,10.0,2026-06-15 07:41:22+05:30,2026-06-15 07:41:26+05:30
P-0000143,V-11,5,19.135709,72.916591,13.8,2026-06-15 07:41:40+05:30,2026-06-15 07:41:43+05:30
P-0000144,V-11,5,19.135101,72.916114,16.3,2026-06-15 07:42:03+05:30,2026-06-15 07:42:06+05:30
P-0000145,V-11,5,19.134486,72.915682,13.5,2026-06-15 07:42:22+05:30,2026-06-15 07:42:25+05:30
P-0000146,V-11,5,19.13391,72.915356,11.2,2026-06-15 07:42:42+05:30,2026-06-15 07:42:45+05:30
P-0000147,V-11,5,19.133186,72.914948,17.9,2026-06-15 07:43:02+05:30,2026-06-15 07:43:05+05:30
P-0000148,V-11,5,19.132678,72.914402,13.3,2026-06-15 07:43:24+05:30,2026-06-15 07:43:27+05:30
P-0000149,V-11,5,19.132038,72.913964,16.7,2026-06-15 07:43:47+05:30,2026-06-15 07:43:49+05:30
P-0000150,V-11,5,19.131412,72.913498,14.5,2026-06-15 07:44:06+05:30,2026-06-15 07:44:10+05:30
P-0000151,V-11,5,19.130784,72.912978,16.5,2026-06-15 07:44:26+05:30,2026-06-15 07:44:27+05:30
P-0000152,V-11,5,19.130356,72.912756,9.7,2026-06-15 07:44:45+05:30,2026-06-15 07:44:46+05:30
P-0000153,V-11,5,19.129744,72.912369,13.9,2026-06-15 07:45:02+05:30,2026-06-15 07:45:05+05:30
P-0000154,V-11,5,19.129321,72.911873,11.7,2026-06-15 07:45:20+05:30,2026-06-15 07:45:24+05:30
P-0000155,V-11,5,19.12843,72.911339,21.9,2026-06-15 07:45:43+05:30,2026-06-15 07:45:47+05:30
P-0000156,V-11,5,19.127786,72.911021,15.6,2026-06-15 07:46:05+05:30,2026-06-15 07:46:07+05:30
P-0000157,V-11,5,19.12725,72.910452,13.7,2026-06-15 07:46:25+05:30,2026-06-15 07:46:29+05:30
P-0000158,V-11,5,19.126719,72.910152,10.6,2026-06-15 07:46:43+05:30,2026-06-15 07:46:46+05:30
P-0000159,V-11,5,19.126155,72.909749,12.0,2026-06-15 07:47:06+05:30,2026-06-15 07:47:10+05:30
P-0000160,V-11,5,19.125346,72.909094,19.1,2026-06-15 07:47:29+05:30,2026-06-15 07:47:30+05:30
P-0000161,V-11,5,19.124886,72.908604,14.5,2026-06-15 07:47:52+05:30,2026-06-15 07:47:53+05:30
P-0000162,V-11,5,19.124235,72.908261,16.5,2026-06-15 07:48:12+05:30,2026-06-15 07:48:14+05:30
P-0000163,V-11,5,19.123736,72.907874,13.7,2026-06-15 07:48:29+05:30,2026-06-15 07:48:32+05:30
P-0000164,V-11,5,19.122979,72.907409,18.0,2026-06-15 07:48:51+05:30,2026-06-15 07:48:55+05:30
P-0000165,V-11,5,19.122642,72.907097,7.7,2026-06-15 07:49:08+05:30,2026-06-15 07:49:09+05:30
P-0000166,V-11,5,19.121899,72.90655,19.4,2026-06-15 07:49:30+05:30,2026-06-15 07:49:32+05:30
P-0000167,V-11,5,19.121305,72.906101,14.4,2026-06-15 07:49:48+05:30,2026-06-15 07:49:49+05:30
P-0000168,V-11,5,19.120711,72.90571,12.6,2026-06-15 07:50:08+05:30,2026-06-15 07:50:09+05:30
P-0000169,V-11,5,19.120096,72.905406,13.7,2026-06-15 07:50:28+05:30,2026-06-15 07:50:32+05:30
P-0000170,V-11,5,19.11959,72.905086,12.4,2026-06-15 07:50:45+05:30,2026-06-15 07:50:47+05:30
P-0000171,V-11,5,19.119758,72.904925,5.3,2026-06-15 07:51:05+05:30,2026-06-15 07:51:07+05:30
P-0000172,V-11,5,19.119716,72.905099,2.9,2026-06-15 07:51:25+05:30,2026-06-15 07:51:28+05:30
P-0000173,V-11,5,19.119654,72.905034,2.7,2026-06-15 07:51:46+05:30,2026-06-15 07:51:47+05:30
P-0000174,V-11,5,19.119595,72.904935,2.6,2026-06-15 07:52:09+05:30,2026-06-15 07:52:10+05:30
P-0000175,V-11,5,19.119651,72.904981,2.8,2026-06-15 07:52:31+05:30,2026-06-15 07:52:34+05:30
P-0000176,V-11,5,19.119623,72.904893,1.0,2026-06-15 07:52:53+05:30,2026-06-15 07:52:56+05:30
P-0000177,V-11,5,19.119594,72.90494,0.8,2026-06-15 07:53:13+05:30,2026-06-15 07:53:15+05:30
P-0000178,V-11,5,19.119596,72.905117,1.9,2026-06-15 07:53:35+05:30,2026-06-15 07:53:36+05:30
P-0000179,V-11,5,19.11976,72.905092,1.6,2026-06-15 07:53:55+05:30,2026-06-15 07:53:58+05:30
P-0000180,V-11,5,19.119699,72.905032,0.0,2026-06-15 07:54:13+05:30,2026-06-15 07:54:15+05:30
P-0000181,V-11,5,19.119803,72.905089,1.5,2026-06-15 07:54:32+05:30,2026-06-15 07:54:36+05:30
P-0000182,V-11,5,19.119714,72.905118,1.1,2026-06-15 07:54:55+05:30,2026-06-15 07:54:58+05:30
P-0000183,V-11,5,19.119589,72.904945,5.9,2026-06-15 07:55:12+05:30,2026-06-15 07:55:13+05:30
P-0000184,V-11,5,19.119783,72.905069,2.9,2026-06-15 07:55:30+05:30,2026-06-15 07:55:31+05:30
P-0000185,V-11,5,19.119695,72.905037,3.7,2026-06-15 07:55:48+05:30,2026-06-15 07:55:50+05:30
P-0000186,V-11,5,19.119612,72.90495,1.4,2026-06-15 07:56:11+05:30,2026-06-15 07:56:15+05:30
P-0000187,V-11,5,19.119604,72.90502,0.1,2026-06-15 07:56:31+05:30,2026-06-15 07:56:35+05:30
P-0000188,V-11,5,19.119808,72.904933,5.3,2026-06-15 07:56:50+05:30,2026-06-15 07:56:54+05:30
P-0000189,V-11,5,19.119647,72.904983,2.8,2026-06-15 07:57:12+05:30,2026-06-15 07:57:13+05:30
P-0000190,V-11,5,19.119713,72.904989,1.1,2026-06-15 07:57:31+05:30,2026-06-15 07:57:32+05:30
P-0000191,V-11,5,19.1197,72.905109,2.9,2026-06-15 07:57:54+05:30,2026-06-15 07:57:58+05:30
P-0000192,V-11,5,19.119642,72.905087,0.0,2026-06-15 07:58:14+05:30,2026-06-15 07:58:17+05:30
P-0000193,V-11,5,19.119721,72.904993,2.6,2026-06-15 07:58:31+05:30,2026-06-15 07:58:34+05:30
P-0000194,V-11,5,19.119819,72.905031,3.2,2026-06-15 07:58:49+05:30,2026-06-15 07:58:50+05:30
P-0000195,V-11,5,19.119621,72.904905,4.5,2026-06-15 07:59:11+05:30,2026-06-15 07:59:15+05:30
P-0000196,V-11,5,19.119736,72.905074,3.2,2026-06-15 07:59:28+05:30,2026-06-15 07:59:30+05:30
P-0000197,V-11,5,19.119802,72.904908,4.7,2026-06-15 07:59:49+05:30,2026-06-15 07:59:53+05:30
P-0000198,V-11,5,19.119636,72.905036,3.0,2026-06-15 08:00:09+05:30,2026-06-15 08:00:11+05:30
P-0000199,V-11,5,19.119596,72.904926,3.1,2026-06-15 08:00:32+05:30,2026-06-15 08:00:33+05:30
P-0000200,V-11,5,19.119686,72.905117,4.3,2026-06-15 08:00:54+05:30,2026-06-15 08:00:57+05:30
P-0000201,V-11,5,19.119741,72.905047,2.1,2026-06-15 08:01:16+05:30,2026-06-15 08:01:20+05:30
P-0000202,V-11,5,19.119696,72.904969,1.9,2026-06-15 08:01:38+05:30,2026-06-15 08:01:42+05:30
P-0000203,V-11,5,19.119688,72.904981,1.7,2026-06-15 08:01:59+05:30,2026-06-15 08:02:01+05:30
P-0000204,V-11,5,19.119775,72.905034,2.9,2026-06-15 08:02:16+05:30,2026-06-15 08:02:19+05:30
P-0000205,V-11,5,19.119744,72.905038,1.1,2026-06-15 08:02:39+05:30,2026-06-15 08:02:41+05:30
P-0000206,V-11,5,19.119599,72.905105,1.2,2026-06-15 08:02:57+05:30,2026-06-15 08:03:00+05:30
P-0000207,V-11,5,19.119614,72.904922,2.2,2026-06-15 08:03:14+05:30,2026-06-15 08:03:18+05:30
P-0000208,V-11,5,19.119649,72.904926,0.0,2026-06-15 08:03:32+05:30,2026-06-15 08:03:33+05:30
P-0000209,V-11,5,19.11962,72.904927,2.5,2026-06-15 08:03:50+05:30,2026-06-15 08:03:54+05:30
P-0000210,V-11,5,19.119685,72.905069,4.7,2026-06-15 08:04:13+05:30,2026-06-15 08:04:16+05:30
P-0000211,V-11,5,19.119701,72.9051,0.0,2026-06-15 08:04:31+05:30,2026-06-15 08:04:32+05:30
P-0000212,V-11,5,19.119788,72.905094,3.5,2026-06-15 08:04:54+05:30,2026-06-15 08:04:56+05:30
P-0000213,V-11,5,19.119632,72.904997,5.1,2026-06-15 08:05:15+05:30,2026-06-15 08:05:17+05:30
P-0000214,V-11,5,19.119674,72.905115,1.3,2026-06-15 08:05:32+05:30,2026-06-15 08:05:33+05:30
P-0000215,V-11,5,19.119653,72.905101,1.2,2026-06-15 08:05:53+05:30,2026-06-15 08:05:54+05:30
P-0000216,V-11,5,19.119753,72.904892,3.3,2026-06-15 08:06:13+05:30,2026-06-15 08:06:17+05:30
P-0000217,V-11,5,19.119786,72.904901,0.0,2026-06-15 08:06:33+05:30,2026-06-15 08:06:36+05:30
P-0000218,V-11,5,19.119762,72.904889,1.6,2026-06-15 08:06:51+05:30,2026-06-15 08:06:53+05:30
P-0000219,V-11,5,19.119772,72.905119,6.2,2026-06-15 08:07:10+05:30,2026-06-15 08:07:13+05:30
P-0000220,V-11,5,19.119781,72.904915,2.7,2026-06-15 08:07:31+05:30,2026-06-15 08:07:33+05:30
P-0000221,V-11,5,19.119703,72.904966,2.2,2026-06-15 08:07:52+05:30,2026-06-15 08:07:55+05:30
P-0000222,V-11,5,19.119786,72.904952,1.6,2026-06-15 08:08:09+05:30,2026-06-15 08:08:10+05:30
P-0000223,V-11,5,19.119693,72.904978,1.8,2026-06-15 08:08:29+05:30,2026-06-15 08:08:33+05:30
P-0000224,V-11,5,19.119612,72.90493,2.0,2026-06-15 08:08:47+05:30,2026-06-15 08:08:50+05:30
P-0000225,V-11,5,19.119691,72.904969,0.8,2026-06-15 08:09:06+05:30,2026-06-15 08:09:10+05:30
P-0000226,V-11,5,19.119777,72.904992,0.0,2026-06-15 08:09:24+05:30,2026-06-15 08:09:26+05:30
P-0000227,V-11,5,19.119611,72.905053,3.1,2026-06-15 08:09:44+05:30,2026-06-15 08:09:48+05:30
P-0000228,V-11,5,19.119787,72.904991,4.9,2026-06-15 08:10:05+05:30,2026-06-15 08:10:07+05:30
P-0000229,V-11,5,19.119698,72.905036,0.8,2026-06-15 08:10:26+05:30,2026-06-15 08:10:28+05:30
P-0000230,V-11,5,19.11967,72.904909,1.4,2026-06-15 08:10:46+05:30,2026-06-15 08:10:49+05:30
P-0000231,V-11,5,19.119703,72.905106,2.1,2026-06-15 08:11:03+05:30,2026-06-15 08:11:05+05:30
P-0000232,V-11,5,19.119607,72.904935,5.0,2026-06-15 08:11:25+05:30,2026-06-15 08:11:28+05:30
P-0000233,V-11,5,19.119645,72.904901,2.7,2026-06-15 08:11:44+05:30,2026-06-15 08:11:46+05:30
P-0000234,V-11,5,19.119624,72.904908,0.0,2026-06-15 08:12:01+05:30,2026-06-15 08:12:05+05:30
P-0000235,V-11,5,19.119598,72.905053,2.9,2026-06-15 08:12:22+05:30,2026-06-15 08:12:25+05:30
P-0000236,V-11,5,19.119757,72.905033,1.6,2026-06-15 08:12:45+05:30,2026-06-15 08:12:46+05:30
P-0000237,V-11,5,19.119614,72.905084,4.4,2026-06-15 08:13:03+05:30,2026-06-15 08:13:06+05:30
P-0000238,V-11,5,19.119655,72.904961,4.3,2026-06-15 08:13:25+05:30,2026-06-15 08:13:29+05:30
P-0000239,V-11,5,19.119784,72.904902,4.3,2026-06-15 08:13:48+05:30,2026-06-15 08:13:50+05:30
P-0000240,V-06,5,19.22907,72.85674,3.0,2026-06-15 06:40:00+05:30,2026-06-15 06:40:01+05:30
P-0000241,V-06,5,19.228328,72.856689,15.6,2026-06-15 06:40:17+05:30,2026-06-15 06:40:19+05:30
P-0000242,V-06,5,19.227415,72.85681,19.8,2026-06-15 06:40:40+05:30,2026-06-15 06:40:44+05:30
P-0000243,V-06,5,19.226564,72.856942,16.5,2026-06-15 06:41:03+05:30,2026-06-15 06:41:06+05:30
P-0000244,V-06,5,19.225723,72.857125,16.0,2026-06-15 06:41:26+05:30,2026-06-15 06:41:28+05:30
P-0000245,V-06,5,19.22484,72.857197,17.6,2026-06-15 06:41:48+05:30,2026-06-15 06:41:51+05:30
P-0000246,V-06,5,19.223828,72.857194,18.6,2026-06-15 06:42:09+05:30,2026-06-15 06:42:10+05:30
P-0000247,V-06,5,19.223189,72.857339,13.7,2026-06-15 06:42:27+05:30,2026-06-15 06:42:28+05:30
P-0000248,V-06,5,19.222354,72.857446,17.1,2026-06-15 06:42:50+05:30,2026-06-15 06:42:52+05:30
P-0000249,V-06,5,19.221614,72.857616,14.5,2026-06-15 06:43:10+05:30,2026-06-15 06:43:13+05:30
P-0000250,V-06,5,19.220546,72.857746,19.7,2026-06-15 06:43:33+05:30,2026-06-15 06:43:34+05:30
P-0000251,V-06,5,19.219807,72.857671,16.3,2026-06-15 06:43:56+05:30,2026-06-15 06:43:58+05:30
P-0000252,V-06,5,19.218819,72.857757,17.9,2026-06-15 06:44:19+05:30,2026-06-15 06:44:20+05:30
P-0000253,V-06,5,19.218012,72.858057,18.4,2026-06-15 06:44:36+05:30,2026-06-15 06:44:38+05:30
P-0000254,V-06,5,19.217313,72.85816,13.8,2026-06-15 06:44:59+05:30,2026-06-15 06:45:03+05:30
P-0000255,V-06,5,19.216313,72.858062,18.6,2026-06-15 06:45:20+05:30,2026-06-15 06:45:21+05:30
P-0000256,V-06,5,19.215614,72.858181,15.5,2026-06-15 06:45:37+05:30,2026-06-15 06:45:38+05:30
P-0000257,V-06,5,19.214794,72.858356,16.8,2026-06-15 06:45:59+05:30,2026-06-15 06:46:03+05:30
P-0000258,V-06,5,19.21417,72.858408,11.1,2026-06-15 06:46:17+05:30,2026-06-15 06:46:18+05:30
P-0000259,V-06,5,19.213312,72.85857,18.8,2026-06-15 06:46:37+05:30,2026-06-15 06:46:40+05:30
P-0000260,V-06,5,19.212602,72.858551,15.0,2026-06-15 06:46:59+05:30,2026-06-15 06:47:01+05:30
P-0000261,V-06,5,19.211784,72.85874,14.8,2026-06-15 06:47:16+05:30,2026-06-15 06:47:17+05:30
P-0000262,V-06,5,19.211041,72.858745,16.1,2026-06-15 06:47:33+05:30,2026-06-15 06:47:36+05:30
P-0000263,V-06,5,19.210355,72.858865,15.8,2026-06-15 06:47:56+05:30,2026-06-15 06:48:00+05:30
P-0000264,V-06,5,19.209471,72.858919,18.5,2026-06-15 06:48:15+05:30,2026-06-15 06:48:16+05:30
P-0000265,V-06,5,19.208583,72.859009,16.2,2026-06-15 06:48:36+05:30,2026-06-15 06:48:39+05:30
P-0000266,V-06,5,19.207799,72.859222,17.2,2026-06-15 06:48:57+05:30,2026-06-15 06:48:58+05:30
P-0000267,V-06,5,19.207089,72.859253,15.1,2026-06-15 06:49:15+05:30,2026-06-15 06:49:19+05:30
P-0000268,V-06,5,19.206468,72.859187,12.5,2026-06-15 06:49:34+05:30,2026-06-15 06:49:37+05:30
P-0000269,V-06,5,19.205654,72.859392,17.7,2026-06-15 06:49:54+05:30,2026-06-15 06:49:58+05:30
P-0000270,V-06,5,19.204728,72.859471,20.3,2026-06-15 06:50:17+05:30,2026-06-15 06:50:19+05:30
P-0000271,V-06,5,19.204008,72.859552,15.3,2026-06-15 06:50:36+05:30,2026-06-15 06:50:37+05:30
P-0000272,V-06,5,19.203201,72.859507,16.4,2026-06-15 06:50:54+05:30,2026-06-15 06:50:57+05:30
P-0000273,V-06,5,19.202522,72.859443,12.1,2026-06-15 06:51:13+05:30,2026-06-15 06:51:14+05:30
P-0000274,V-06,5,19.201533,72.859545,18.3,2026-06-15 06:51:34+05:30,2026-06-15 06:51:37+05:30
P-0000275,V-06,5,19.200878,72.859784,12.9,2026-06-15 06:51:55+05:30,2026-06-15 06:51:56+05:30
P-0000276,V-06,5,19.199855,72.859708,19.8,2026-06-15 06:52:17+05:30,2026-06-15 06:52:19+05:30
P-0000277,V-06,5,19.199329,72.859823,12.6,2026-06-15 06:52:34+05:30,2026-06-15 06:52:37+05:30
P-0000278,V-06,5,19.198399,72.85994,18.6,2026-06-15 06:52:54+05:30,2026-06-15 06:52:56+05:30
P-0000279,V-06,5,19.197607,72.860012,15.1,2026-06-15 06:53:16+05:30,2026-06-15 06:53:20+05:30
P-0000280,V-06,5,19.196802,72.859915,15.8,2026-06-15 06:53:38+05:30,2026-06-15 06:53:39+05:30
P-0000281,V-06,5,19.196046,72.859991,16.8,2026-06-15 06:53:57+05:30,2026-06-15 06:53:58+05:30
P-0000282,V-06,5,19.195285,72.860171,14.5,2026-06-15 06:54:18+05:30,2026-06-15 06:54:20+05:30
P-0000283,V-06,5,19.194579,72.860198,12.6,2026-06-15 06:54:36+05:30,2026-06-15 06:54:37+05:30
P-0000284,V-06,5,19.19376,72.860169,17.7,2026-06-15 06:54:55+05:30,2026-06-15 06:54:58+05:30
P-0000285,V-06,5,19.192779,72.86043,21.8,2026-06-15 06:55:16+05:30,2026-06-15 06:55:19+05:30
P-0000286,V-06,5,19.192284,72.860509,8.1,2026-06-15 06:55:34+05:30,2026-06-15 06:55:37+05:30
P-0000287,V-06,5,19.191407,72.860372,18.9,2026-06-15 06:55:51+05:30,2026-06-15 06:55:53+05:30
P-0000288,V-06,5,19.190638,72.860524,16.4,2026-06-15 06:56:12+05:30,2026-06-15 06:56:15+05:30
P-0000289,V-06,5,19.189791,72.860654,18.9,2026-06-15 06:56:35+05:30,2026-06-15 06:56:38+05:30
P-0000290,V-06,5,19.188995,72.860687,17.2,2026-06-15 06:56:57+05:30,2026-06-15 06:56:59+05:30
P-0000291,V-06,5,19.188102,72.860755,19.5,2026-06-15 06:57:17+05:30,2026-06-15 06:57:19+05:30
P-0000292,V-06,5,19.187482,72.860767,11.8,2026-06-15 06:57:35+05:30,2026-06-15 06:57:37+05:30
P-0000293,V-06,5,19.186365,72.86084,20.8,2026-06-15 06:57:58+05:30,2026-06-15 06:57:59+05:30
P-0000294,V-06,5,19.185496,72.860837,17.3,2026-06-15 06:58:21+05:30,2026-06-15 06:58:23+05:30
P-0000295,V-06,5,19.184881,72.860915,13.5,2026-06-15 06:58:39+05:30,2026-06-15 06:58:41+05:30
P-0000296,V-06,5,19.183993,72.860966,16.2,2026-06-15 06:58:59+05:30,2026-06-15 06:59:01+05:30
P-0000297,V-06,5,19.183272,72.86102,12.7,2026-06-15 06:59:20+05:30,2026-06-15 06:59:21+05:30
P-0000298,V-06,5,19.182551,72.861024,13.7,2026-06-15 06:59:37+05:30,2026-06-15 06:59:41+05:30
P-0000299,V-06,5,19.181625,72.861163,19.3,2026-06-15 06:59:59+05:30,2026-06-15 07:00:03+05:30
P-0000300,V-06,5,19.18106,72.861126,10.2,2026-06-15 07:00:18+05:30,2026-06-15 07:00:22+05:30
P-0000301,V-06,5,19.180205,72.861377,16.6,2026-06-15 07:00:37+05:30,2026-06-15 07:00:40+05:30
P-0000302,V-06,5,19.179286,72.861401,16.7,2026-06-15 07:00:59+05:30,2026-06-15 07:01:03+05:30
P-0000303,V-06,5,19.178457,72.86132,17.0,2026-06-15 07:01:21+05:30,2026-06-15 07:01:22+05:30
P-0000304,V-06,5,19.177813,72.861353,14.8,2026-06-15 07:01:39+05:30,2026-06-15 07:01:43+05:30
P-0000305,V-06,5,19.176914,72.861561,19.5,2026-06-15 07:02:00+05:30,2026-06-15 07:02:04+05:30
P-0000306,V-06,5,19.176175,72.861619,15.5,2026-06-15 07:02:21+05:30,2026-06-15 07:02:22+05:30
P-0000307,V-06,5,19.175363,72.861436,16.7,2026-06-15 07:02:40+05:30,2026-06-15 07:02:42+05:30
P-0000308,V-06,5,19.17472,72.861529,11.8,2026-06-15 07:02:58+05:30,2026-06-15 07:03:02+05:30
P-0000309,V-06,5,19.173978,72.861545,16.7,2026-06-15 07:03:15+05:30,2026-06-15 07:03:16+05:30
P-0000310,V-06,5,19.173054,72.861771,17.2,2026-06-15 07:03:35+05:30,2026-06-15 07:03:38+05:30
P-0000311,V-06,5,19.172539,72.861823,11.9,2026-06-15 07:03:52+05:30,2026-06-15 07:03:53+05:30
P-0000312,V-06,5,19.171751,72.861796,14.8,2026-06-15 07:04:10+05:30,2026-06-15 07:04:12+05:30
P-0000313,V-06,5,19.170808,72.861711,17.7,2026-06-15 07:04:32+05:30,2026-06-15 07:04:36+05:30
P-0000314,V-06,5,19.170196,72.861726,13.7,2026-06-15 07:04:49+05:30,2026-06-15 07:04:52+05:30
P-0000315,V-06,5,19.169433,72.861943,16.2,2026-06-15 07:05:11+05:30,2026-06-15 07:05:15+05:30
P-0000316,V-06,5,19.168723,72.861877,15.2,2026-06-15 07:05:30+05:30,2026-06-15 07:05:33+05:30
P-0000317,V-06,5,19.167914,72.861939,16.1,2026-06-15 07:05:47+05:30,2026-06-15 07:05:48+05:30
P-0000318,V-06,5,19.167067,72.862079,18.3,2026-06-15 07:06:07+05:30,2026-06-15 07:06:08+05:30
P-0000319,V-06,5,19.166187,72.86195,18.8,2026-06-15 07:06:30+05:30,2026-06-15 07:06:33+05:30
P-0000320,V-06,5,19.165522,72.861872,14.3,2026-06-15 07:06:49+05:30,2026-06-15 07:06:51+05:30
P-0000321,V-06,5,19.164595,72.861856,18.3,2026-06-15 07:07:11+05:30,2026-06-15 07:07:14+05:30
P-0000322,V-06,5,19.163985,72.86185,13.1,2026-06-15 07:07:28+05:30,2026-06-15 07:07:29+05:30
P-0000323,V-06,5,19.163239,72.861798,15.0,2026-06-15 07:07:46+05:30,2026-06-15 07:07:48+05:30
P-0000324,V-06,5,19.162544,72.86177,14.3,2026-06-15 07:08:04+05:30,2026-06-15 07:08:07+05:30
P-0000325,V-06,5,19.161714,72.861825,16.5,2026-06-15 07:08:24+05:30,2026-06-15 07:08:27+05:30
P-0000326,V-06,5,19.160959,72.861633,16.6,2026-06-15 07:08:46+05:30,2026-06-15 07:08:49+05:30
P-0000327,V-06,5,19.160049,72.861618,16.6,2026-06-15 07:09:06+05:30,2026-06-15 07:09:09+05:30
P-0000328,V-06,5,19.159284,72.861742,17.4,2026-06-15 07:09:26+05:30,2026-06-15 07:09:29+05:30
P-0000329,V-06,5,19.158497,72.861658,14.4,2026-06-15 07:09:48+05:30,2026-06-15 07:09:50+05:30
P-0000330,V-06,5,19.157569,72.861498,17.7,2026-06-15 07:10:09+05:30,2026-06-15 07:10:13+05:30
P-0000331,V-06,5,19.156753,72.861509,15.7,2026-06-15 07:10:29+05:30,2026-06-15 07:10:32+05:30
P-0000332,V-06,5,19.156012,72.861404,16.3,2026-06-15 07:10:50+05:30,2026-06-15 07:10:53+05:30
P-0000333,V-06,5,19.155101,72.861468,17.3,2026-06-15 07:11:11+05:30,2026-06-15 07:11:15+05:30
P-0000334,V-06,5,19.154221,72.861487,16.3,2026-06-15 07:11:34+05:30,2026-06-15 07:11:35+05:30
P-0000335,V-06,5,19.153349,72.86126,16.9,2026-06-15 07:11:55+05:30,2026-06-15 07:11:56+05:30
P-0000336,V-06,5,19.152668,72.861235,15.6,2026-06-15 07:12:13+05:30,2026-06-15 07:12:16+05:30
P-0000337,V-06,5,19.151988,72.861183,13.6,2026-06-15 07:12:33+05:30,2026-06-15 07:12:35+05:30
P-0000338,V-06,5,19.150991,72.861308,21.4,2026-06-15 07:12:54+05:30,2026-06-15 07:12:57+05:30
P-0000339,V-06,5,19.150447,72.861067,11.6,2026-06-15 07:13:12+05:30,2026-06-15 07:13:14+05:30
P-0000340,V-06,5,19.14954,72.86121,17.8,2026-06-15 07:13:35+05:30,2026-06-15 07:13:38+05:30
P-0000341,V-06,5,19.14862,72.861167,18.3,2026-06-15 07:13:58+05:30,2026-06-15 07:14:02+05:30
P-0000342,V-06,5,19.147759,72.86113,17.4,2026-06-15 07:14:18+05:30,2026-06-15 07:14:20+05:30
P-0000343,V-06,5,19.147003,72.861285,15.2,2026-06-15 07:14:39+05:30,2026-06-15 07:14:40+05:30
P-0000344,V-06,5,19.145977,72.861659,22.5,2026-06-15 07:15:01+05:30,2026-06-15 07:15:04+05:30
P-0000345,V-06,5,19.145158,72.861807,15.6,2026-06-15 07:15:23+05:30,2026-06-15 07:15:27+05:30
P-0000346,V-06,5,19.144246,72.861916,19.6,2026-06-15 07:15:45+05:30,2026-06-15 07:15:46+05:30
P-0000347,V-06,5,19.1438,72.862099,9.3,2026-06-15 07:16:02+05:30,2026-06-15 07:16:05+05:30
P-0000348,V-06,5,19.143102,72.862306,15.1,2026-06-15 07:16:19+05:30,2026-06-15 07:16:23+05:30
P-0000349,V-06,5,19.142211,72.862423,16.8,2026-06-15 07:16:41+05:30,2026-06-15 07:16:45+05:30
P-0000350,V-06,5,19.141631,72.862618,12.3,2026-06-15 07:16:58+05:30,2026-06-15 07:17:01+05:30
P-0000351,V-06,5,19.140716,72.862645,19.5,2026-06-15 07:17:21+05:30,2026-06-15 07:17:24+05:30
P-0000352,V-06,5,19.139698,72.862941,22.3,2026-06-15 07:17:42+05:30,2026-06-15 07:17:45+05:30
P-0000353,V-06,5,19.139104,72.863041,11.7,2026-06-15 07:17:59+05:30,2026-06-15 07:18:03+05:30
P-0000354,V-06,5,19.138177,72.863279,18.8,2026-06-15 07:18:21+05:30,2026-06-15 07:18:23+05:30
P-0000355,V-06,5,19.137488,72.863344,13.0,2026-06-15 07:18:40+05:30,2026-06-15 07:18:41+05:30
P-0000356,V-06,5,19.136896,72.863601,14.0,2026-06-15 07:18:57+05:30,2026-06-15 07:19:01+05:30
P-0000357,V-06,5,19.136145,72.863581,15.7,2026-06-15 07:19:16+05:30,2026-06-15 07:19:19+05:30
P-0000358,V-06,5,19.135347,72.863879,15.7,2026-06-15 07:19:39+05:30,2026-06-15 07:19:41+05:30
P-0000359,V-06,5,19.13452,72.86406,15.9,2026-06-15 07:19:59+05:30,2026-06-15 07:20:02+05:30
P-0000360,V-06,5,19.13376,72.864051,14.8,2026-06-15 07:20:19+05:30,2026-06-15 07:20:21+05:30
P-0000361,V-06,5,19.132956,72.864408,18.8,2026-06-15 07:20:37+05:30,2026-06-15 07:20:40+05:30
P-0000362,V-06,5,19.132135,72.864386,16.8,2026-06-15 07:20:57+05:30,2026-06-15 07:21:01+05:30
P-0000363,V-06,5,19.13157,72.864669,11.9,2026-06-15 07:21:16+05:30,2026-06-15 07:21:20+05:30
P-0000364,V-06,5,19.130684,72.864715,17.1,2026-06-15 07:21:35+05:30,2026-06-15 07:21:39+05:30
P-0000365,V-06,5,19.129866,72.864968,15.7,2026-06-15 07:21:58+05:30,2026-06-15 07:22:02+05:30
P-0000366,V-06,5,19.129193,72.865105,13.6,2026-06-15 07:22:16+05:30,2026-06-15 07:22:18+05:30
P-0000367,V-06,5,19.128405,72.865389,18.6,2026-06-15 07:22:34+05:30,2026-06-15 07:22:35+05:30
P-0000368,V-06,5,19.127565,72.865528,18.5,2026-06-15 07:22:56+05:30,2026-06-15 07:22:59+05:30
P-0000369,V-06,5,19.126667,72.865529,17.1,2026-06-15 07:23:19+05:30,2026-06-15 07:23:22+05:30
P-0000370,V-06,5,19.125866,72.865749,14.6,2026-06-15 07:23:39+05:30,2026-06-15 07:23:43+05:30
P-0000371,V-06,5,19.125282,72.865773,12.0,2026-06-15 07:23:58+05:30,2026-06-15 07:23:59+05:30
P-0000372,V-06,5,19.124516,72.865741,13.7,2026-06-15 07:24:17+05:30,2026-06-15 07:24:21+05:30
P-0000373,V-06,5,19.123676,72.865909,18.3,2026-06-15 07:24:37+05:30,2026-06-15 07:24:41+05:30
P-0000374,V-06,5,19.122817,72.866055,17.0,2026-06-15 07:25:00+05:30,2026-06-15 07:25:04+05:30
P-0000375,V-06,5,19.121867,72.865891,21.1,2026-06-15 07:25:22+05:30,2026-06-15 07:25:25+05:30
P-0000376,V-06,5,19.120945,72.865968,19.3,2026-06-15 07:25:43+05:30,2026-06-15 07:25:47+05:30
P-0000377,V-06,5,19.120302,72.866007,13.5,2026-06-15 07:26:00+05:30,2026-06-15 07:26:03+05:30
P-0000378,V-06,5,19.119478,72.866167,17.4,2026-06-15 07:26:23+05:30,2026-06-15 07:26:24+05:30
P-0000379,V-06,5,19.118723,72.866189,15.0,2026-06-15 07:26:41+05:30,2026-06-15 07:26:45+05:30
P-0000380,V-06,5,19.117948,72.86636,15.2,2026-06-15 07:27:00+05:30,2026-06-15 07:27:01+05:30
P-0000381,V-06,5,19.117122,72.866241,17.0,2026-06-15 07:27:20+05:30,2026-06-15 07:27:21+05:30
P-0000382,V-06,5,19.116426,72.866284,13.9,2026-06-15 07:27:40+05:30,2026-06-15 07:27:42+05:30
P-0000383,V-06,5,19.115634,72.866419,15.1,2026-06-15 07:27:59+05:30,2026-06-15 07:28:01+05:30
P-0000384,V-06,5,19.114809,72.866382,17.4,2026-06-15 07:28:18+05:30,2026-06-15 07:28:22+05:30
P-0000385,V-06,5,19.114103,72.866635,14.4,2026-06-15 07:28:37+05:30,2026-06-15 07:28:39+05:30
P-0000386,V-06,5,19.113301,72.866595,17.2,2026-06-15 07:28:57+05:30,2026-06-15 07:28:58+05:30
P-0000387,V-06,5,19.112611,72.866642,15.1,2026-06-15 07:29:16+05:30,2026-06-15 07:29:20+05:30
P-0000388,V-06,5,19.111828,72.866752,17.4,2026-06-15 07:29:36+05:30,2026-06-15 07:29:39+05:30
P-0000389,V-06,5,19.111041,72.866729,14.0,2026-06-15 07:29:53+05:30,2026-06-15 07:29:56+05:30
P-0000390,V-06,5,19.110395,72.866764,13.4,2026-06-15 07:30:12+05:30,2026-06-15 07:30:13+05:30
P-0000391,V-06,5,19.109382,72.866944,22.5,2026-06-15 07:30:35+05:30,2026-06-15 07:30:39+05:30
P-0000392,V-06,5,19.108646,72.86703,13.4,2026-06-15 07:30:55+05:30,2026-06-15 07:30:59+05:30
P-0000393,V-06,5,19.107693,72.867119,18.0,2026-06-15 07:31:18+05:30,2026-06-15 07:31:20+05:30
P-0000394,V-06,5,19.106991,72.86715,14.9,2026-06-15 07:31:36+05:30,2026-06-15 07:31:39+05:30
P-0000395,V-06,5,19.10624,72.867089,16.0,2026-06-15 07:31:55+05:30,2026-06-15 07:31:56+05:30
P-0000396,V-06,5,19.105609,72.867127,14.1,2026-06-15 07:32:15+05:30,2026-06-15 07:32:18+05:30
P-0000397,V-06,5,19.104681,72.867145,17.1,2026-06-15 07:32:34+05:30,2026-06-15 07:32:37+05:30
P-0000398,V-06,5,19.103901,72.867268,15.2,2026-06-15 07:32:57+05:30,2026-06-15 07:33:01+05:30
P-0000399,V-06,5,19.103122,72.867247,14.3,2026-06-15 07:33:16+05:30,2026-06-15 07:33:20+05:30
P-0000400,V-06,5,19.102265,72.867229,15.3,2026-06-15 07:33:39+05:30,2026-06-15 07:33:43+05:30
P-0000401,V-06,5,19.101429,72.867166,15.8,2026-06-15 07:33:58+05:30,2026-06-15 07:34:01+05:30
P-0000402,V-06,5,19.100898,72.867066,12.0,2026-06-15 07:34:15+05:30,2026-06-15 07:34:19+05:30
P-0000403,V-06,5,19.099961,72.867176,18.8,2026-06-15 07:34:37+05:30,2026-06-15 07:34:38+05:30
P-0000404,V-06,5,19.098975,72.867099,20.1,2026-06-15 07:34:58+05:30,2026-06-15 07:35:02+05:30
P-0000405,V-06,5,19.098195,72.86717,15.2,2026-06-15 07:35:18+05:30,2026-06-15 07:35:21+05:30
P-0000406,V-06,5,19.097331,72.867178,18.3,2026-06-15 07:35:40+05:30,2026-06-15 07:35:44+05:30
P-0000407,V-06,5,19.096762,72.867097,11.9,2026-06-15 07:35:57+05:30,2026-06-15 07:35:58+05:30
P-0000408,V-06,5,19.096119,72.867035,13.5,2026-06-15 07:36:15+05:30,2026-06-15 07:36:18+05:30
P-0000409,V-06,5,19.095202,72.867218,16.9,2026-06-15 07:36:34+05:30,2026-06-15 07:36:35+05:30
P-0000410,V-06,5,19.094451,72.867053,14.9,2026-06-15 07:36:55+05:30,2026-06-15 07:36:57+05:30
P-0000411,V-06,5,19.09379,72.867172,12.0,2026-06-15 07:37:12+05:30,2026-06-15 07:37:15+05:30
P-0000412,V-06,5,19.092996,72.86706,15.3,2026-06-15 07:37:34+05:30,2026-06-15 07:37:36+05:30
P-0000413,V-06,5,19.092018,72.867063,17.7,2026-06-15 07:37:54+05:30,2026-06-15 07:37:57+05:30
P-0000414,V-06,5,19.091376,72.866979,14.3,2026-06-15 07:38:13+05:30,2026-06-15 07:38:15+05:30
P-0000415,V-06,5,19.090464,72.867019,19.3,2026-06-15 07:38:33+05:30,2026-06-15 07:38:35+05:30
P-0000416,V-06,5,19.089673,72.867147,16.9,2026-06-15 07:38:55+05:30,2026-06-15 07:38:58+05:30
P-0000417,V-06,5,19.088983,72.866948,14.2,2026-06-15 07:39:12+05:30,2026-06-15 07:39:16+05:30
P-0000418,V-06,5,19.088207,72.867016,16.7,2026-06-15 07:39:31+05:30,2026-06-15 07:39:32+05:30
P-0000419,V-06,5,19.08747,72.867006,16.6,2026-06-15 07:39:52+05:30,2026-06-15 07:39:53+05:30
P-0000420,V-06,5,19.086729,72.866929,16.5,2026-06-15 07:40:09+05:30,2026-06-15 07:40:11+05:30
P-0000421,V-06,5,19.085869,72.866998,17.2,2026-06-15 07:40:30+05:30,2026-06-15 07:40:34+05:30
P-0000422,V-06,5,19.085325,72.867147,11.0,2026-06-15 07:40:47+05:30,2026-06-15 07:40:51+05:30
P-0000423,V-06,5,19.08454,72.866937,15.8,2026-06-15 07:41:06+05:30,2026-06-15 07:41:07+05:30
P-0000424,V-06,5,19.083776,72.867055,17.4,2026-06-15 07:41:26+05:30,2026-06-15 07:41:30+05:30
P-0000425,V-06,5,19.082887,72.867085,17.0,2026-06-15 07:41:45+05:30,2026-06-15 07:41:47+05:30
P-0000426,V-06,5,19.082091,72.867052,14.8,2026-06-15 07:42:07+05:30,2026-06-15 07:42:10+05:30
P-0000427,V-06,5,19.08145,72.867266,14.0,2026-06-15 07:42:25+05:30,2026-06-15 07:42:28+05:30
P-0000428,V-06,5,19.080541,72.867452,17.0,2026-06-15 07:42:48+05:30,2026-06-15 07:42:52+05:30
P-0000429,V-06,5,19.079693,72.867517,15.8,2026-06-15 07:43:10+05:30,2026-06-15 07:43:11+05:30
P-0000430,V-06,5,19.0789,72.867485,14.7,2026-06-15 07:43:29+05:30,2026-06-15 07:43:31+05:30
P-0000431,V-06,5,19.078126,72.867511,17.2,2026-06-15 07:43:50+05:30,2026-06-15 07:43:54+05:30
P-0000432,V-06,5,19.077456,72.8677,13.7,2026-06-15 07:44:07+05:30,2026-06-15 07:44:10+05:30
P-0000433,V-06,5,19.076603,72.867703,17.8,2026-06-15 07:44:24+05:30,2026-06-15 07:44:27+05:30
P-0000434,V-06,5,19.075758,72.867796,17.9,2026-06-15 07:44:45+05:30,2026-06-15 07:44:48+05:30
P-0000435,V-06,5,19.075086,72.86807,15.8,2026-06-15 07:45:06+05:30,2026-06-15 07:45:10+05:30
P-0000436,V-06,5,19.074309,72.868104,14.8,2026-06-15 07:45:26+05:30,2026-06-15 07:45:29+05:30
P-0000437,V-06,5,19.073292,72.868144,18.7,2026-06-15 07:45:49+05:30,2026-06-15 07:45:52+05:30
P-0000438,V-06,5,19.07275,72.868249,12.9,2026-06-15 07:46:06+05:30,2026-06-15 07:46:10+05:30
P-0000439,V-06,5,19.071805,72.86841,18.1,2026-06-15 07:46:27+05:30,2026-06-15 07:46:30+05:30
P-0000440,V-06,5,19.071172,72.868401,12.3,2026-06-15 07:46:44+05:30,2026-06-15 07:46:48+05:30
P-0000441,V-06,5,19.070215,72.868522,19.3,2026-06-15 07:47:07+05:30,2026-06-15 07:47:09+05:30
P-0000442,V-06,5,19.069571,72.86867,14.7,2026-06-15 07:47:25+05:30,2026-06-15 07:47:26+05:30
P-0000443,V-06,5,19.068869,72.868654,14.7,2026-06-15 07:47:43+05:30,2026-06-15 07:47:46+05:30
P-0000444,V-06,5,19.068157,72.868752,14.9,2026-06-15 07:48:02+05:30,2026-06-15 07:48:04+05:30
P-0000445,V-06,5,19.067217,72.868906,18.0,2026-06-15 07:48:22+05:30,2026-06-15 07:48:25+05:30
P-0000446,V-06,5,19.06657,72.868883,12.1,2026-06-15 07:48:44+05:30,2026-06-15 07:48:47+05:30
P-0000447,V-06,5,19.066117,72.868913,8.0,2026-06-15 07:49:02+05:30,2026-06-15 07:49:05+05:30
P-0000448,V-06,5,19.066246,72.868984,3.1,2026-06-15 07:49:21+05:30,2026-06-15 07:49:22+05:30
P-0000449,V-06,5,19.066238,72.869103,3.5,2026-06-15 07:49:43+05:30,2026-06-15 07:49:44+05:30
P-0000450,V-06,5,19.066171,72.869089,3.1,2026-06-15 07:50:06+05:30,2026-06-15 07:50:10+05:30
P-0000451,V-06,5,19.066301,72.869117,4.0,2026-06-15 07:50:26+05:30,2026-06-15 07:50:27+05:30
P-0000452,V-06,5,19.066142,72.869017,3.9,2026-06-15 07:50:46+05:30,2026-06-15 07:50:49+05:30
P-0000453,V-06,5,19.066105,72.868973,0.0,2026-06-15 07:51:04+05:30,2026-06-15 07:51:05+05:30
P-0000454,V-06,5,19.06616,72.868963,0.2,2026-06-15 07:51:27+05:30,2026-06-15 07:51:31+05:30
P-0000455,V-06,5,19.066233,72.868991,0.6,2026-06-15 07:51:44+05:30,2026-06-15 07:51:47+05:30
P-0000456,V-06,5,19.066164,72.869099,4.3,2026-06-15 07:52:07+05:30,2026-06-15 07:52:09+05:30
P-0000457,V-06,5,19.06626,72.868895,4.2,2026-06-15 07:52:26+05:30,2026-06-15 07:52:28+05:30
P-0000458,V-06,5,19.066126,72.86906,3.9,2026-06-15 07:52:43+05:30,2026-06-15 07:52:47+05:30
P-0000459,V-06,5,19.066104,72.868998,2.3,2026-06-15 07:53:01+05:30,2026-06-15 07:53:04+05:30
P-0000460,V-06,5,19.066125,72.86907,1.5,2026-06-15 07:53:23+05:30,2026-06-15 07:53:24+05:30
P-0000461,V-06,5,19.066295,72.868917,4.1,2026-06-15 07:53:40+05:30,2026-06-15 07:53:43+05:30
P-0000462,V-06,5,19.06613,72.869046,2.8,2026-06-15 07:54:03+05:30,2026-06-15 07:54:07+05:30
P-0000463,V-06,5,19.066208,72.869079,3.2,2026-06-15 07:54:23+05:30,2026-06-15 07:54:27+05:30
P-0000464,V-06,5,19.066125,72.868967,2.9,2026-06-15 07:54:46+05:30,2026-06-15 07:54:48+05:30
P-0000465,V-06,5,19.0662,72.868927,0.0,2026-06-15 07:55:08+05:30,2026-06-15 07:55:10+05:30
P-0000466,V-06,5,19.066187,72.868942,1.4,2026-06-15 07:55:28+05:30,2026-06-15 07:55:29+05:30
P-0000467,V-06,5,19.066095,72.868982,1.1,2026-06-15 07:55:49+05:30,2026-06-15 07:55:51+05:30
P-0000468,V-06,5,19.066286,72.869115,6.2,2026-06-15 07:56:11+05:30,2026-06-15 07:56:13+05:30
P-0000469,V-06,5,19.066217,72.868906,5.1,2026-06-15 07:56:32+05:30,2026-06-15 07:56:34+05:30
P-0000470,V-06,5,19.06614,72.869106,4.5,2026-06-15 07:56:50+05:30,2026-06-15 07:56:54+05:30
P-0000471,V-06,5,19.066264,72.869107,3.4,2026-06-15 07:57:13+05:30,2026-06-15 07:57:16+05:30
P-0000472,V-06,5,19.066253,72.868888,5.7,2026-06-15 07:57:35+05:30,2026-06-15 07:57:36+05:30
P-0000473,V-06,5,19.066141,72.869019,2.2,2026-06-15 07:57:55+05:30,2026-06-15 07:57:59+05:30
P-0000474,V-06,5,19.066197,72.868907,2.3,2026-06-15 07:58:17+05:30,2026-06-15 07:58:19+05:30
P-0000475,V-06,5,19.066188,72.869003,1.5,2026-06-15 07:58:34+05:30,2026-06-15 07:58:37+05:30
P-0000476,V-06,5,19.066161,72.86906,1.0,2026-06-15 07:58:51+05:30,2026-06-15 07:58:52+05:30
P-0000477,V-06,5,19.066193,72.868993,0.0,2026-06-15 07:59:10+05:30,2026-06-15 07:59:13+05:30
P-0000478,V-06,5,19.06621,72.869068,1.4,2026-06-15 07:59:30+05:30,2026-06-15 07:59:32+05:30
P-0000479,V-06,5,19.066263,72.868957,3.8,2026-06-15 07:59:49+05:30,2026-06-15 07:59:51+05:30
P-0000480,V-06,5,19.066162,72.868886,3.7,2026-06-15 08:00:12+05:30,2026-06-15 08:00:15+05:30
P-0000481,V-06,5,19.066167,72.868945,2.4,2026-06-15 08:00:30+05:30,2026-06-15 08:00:31+05:30
P-0000482,V-06,5,19.066285,72.869045,4.4,2026-06-15 08:00:48+05:30,2026-06-15 08:00:49+05:30
P-0000483,V-06,5,19.066158,72.868939,1.5,2026-06-15 08:01:09+05:30,2026-06-15 08:01:13+05:30
P-0000484,V-06,5,19.066174,72.869114,3.1,2026-06-15 08:01:31+05:30,2026-06-15 08:01:32+05:30
P-0000485,V-06,5,19.066136,72.868946,1.7,2026-06-15 08:01:49+05:30,2026-06-15 08:01:52+05:30
P-0000486,V-06,5,19.066108,72.86909,2.1,2026-06-15 08:02:06+05:30,2026-06-15 08:02:08+05:30
P-0000487,V-06,5,19.066093,72.868904,4.5,2026-06-15 08:02:26+05:30,2026-06-15 08:02:28+05:30
P-0000488,V-06,5,19.066254,72.869088,5.7,2026-06-15 08:02:47+05:30,2026-06-15 08:02:48+05:30
P-0000489,V-06,5,19.066168,72.868965,1.3,2026-06-15 08:03:09+05:30,2026-06-15 08:03:10+05:30
P-0000490,V-06,5,19.066313,72.869105,3.5,2026-06-15 08:03:28+05:30,2026-06-15 08:03:32+05:30
P-0000491,V-06,5,19.066108,72.868991,6.3,2026-06-15 08:03:47+05:30,2026-06-15 08:03:51+05:30
P-0000492,V-06,5,19.066248,72.868943,3.1,2026-06-15 08:04:09+05:30,2026-06-15 08:04:10+05:30
P-0000493,V-06,5,19.066086,72.868997,4.0,2026-06-15 08:04:28+05:30,2026-06-15 08:04:30+05:30
P-0000494,V-06,5,19.066277,72.868947,2.7,2026-06-15 08:04:47+05:30,2026-06-15 08:04:50+05:30
P-0000495,V-06,5,19.066084,72.868964,5.2,2026-06-15 08:05:10+05:30,2026-06-15 08:05:13+05:30
P-0000496,V-06,5,19.066291,72.868999,4.4,2026-06-15 08:05:33+05:30,2026-06-15 08:05:35+05:30
P-0000497,V-06,5,19.066227,72.868917,3.5,2026-06-15 08:05:54+05:30,2026-06-15 08:05:57+05:30
P-0000498,V-06,5,19.066137,72.869047,1.6,2026-06-15 08:06:14+05:30,2026-06-15 08:06:15+05:30
P-0000499,V-06,5,19.066101,72.868926,0.6,2026-06-15 08:06:36+05:30,2026-06-15 08:06:40+05:30
P-0000500,V-06,5,19.066132,72.869,0.9,2026-06-15 08:06:56+05:30,2026-06-15 08:07:00+05:30
P-0000501,V-06,5,19.06626,72.869054,2.7,2026-06-15 08:07:14+05:30,2026-06-15 08:07:15+05:30
P-0000502,V-06,5,19.066123,72.869107,2.1,2026-06-15 08:07:32+05:30,2026-06-15 08:07:33+05:30
P-0000503,V-06,5,19.066176,72.86911,0.0,2026-06-15 08:07:53+05:30,2026-06-15 08:07:56+05:30
P-0000504,V-06,5,19.066282,72.868906,6.3,2026-06-15 08:08:12+05:30,2026-06-15 08:08:14+05:30
P-0000505,V-06,5,19.066211,72.869005,4.2,2026-06-15 08:08:29+05:30,2026-06-15 08:08:31+05:30
P-0000506,V-06,5,19.066149,72.868993,0.0,2026-06-15 08:08:46+05:30,2026-06-15 08:08:48+05:30
P-0000507,V-06,5,19.06615,72.869117,2.4,2026-06-15 08:09:07+05:30,2026-06-15 08:09:09+05:30
P-0000508,V-06,5,19.066125,72.869035,2.0,2026-06-15 08:09:28+05:30,2026-06-15 08:09:32+05:30
P-0000509,V-06,5,19.066126,72.869034,0.0,2026-06-15 08:09:49+05:30,2026-06-15 08:09:52+05:30
P-0000510,V-06,5,19.066123,72.869065,0.0,2026-06-15 08:10:09+05:30,2026-06-15 08:10:12+05:30
P-0000511,V-06,5,19.066316,72.869107,2.2,2026-06-15 08:10:32+05:30,2026-06-15 08:10:34+05:30
P-0000512,V-06,5,19.066317,72.86902,1.6,2026-06-15 08:10:52+05:30,2026-06-15 08:10:54+05:30
P-0000513,V-06,5,19.066186,72.86905,2.5,2026-06-15 08:11:13+05:30,2026-06-15 08:11:14+05:30
P-0000514,V-06,5,19.066265,72.869007,1.7,2026-06-15 08:11:35+05:30,2026-06-15 08:11:38+05:30
P-0000515,V-06,5,19.066316,72.868891,2.6,2026-06-15 08:11:53+05:30,2026-06-15 08:11:57+05:30
P-0000516,V-06,5,19.066295,72.868951,0.0,2026-06-15 08:12:10+05:30,2026-06-15 08:12:13+05:30
P-0000517,V-06,5,19.066277,72.869025,2.7,2026-06-15 08:12:31+05:30,2026-06-15 08:12:34+05:30
P-0000518,V-06,5,19.066111,72.868942,3.9,2026-06-15 08:12:52+05:30,2026-06-15 08:12:53+05:30
P-0000519,V-06,5,19.066268,72.868935,1.6,2026-06-15 08:13:12+05:30,2026-06-15 08:13:13+05:30
P-0000520,V-06,5,19.06614,72.868908,4.1,2026-06-15 08:13:35+05:30,2026-06-15 08:13:36+05:30
P-0000521,V-06,5,19.066204,72.869039,1.4,2026-06-15 08:13:55+05:30,2026-06-15 08:13:59+05:30
P-0000522,V-06,5,19.066239,72.868915,3.3,2026-06-15 08:14:16+05:30,2026-06-15 08:14:17+05:30
P-0000523,V-06,5,19.066081,72.868983,3.1,2026-06-15 08:14:39+05:30,2026-06-15 08:14:40+05:30
P-0000524,V-06,5,19.066198,72.869113,2.6,2026-06-15 08:15:00+05:30,2026-06-15 08:15:02+05:30
P-0000525,V-10,5,19.172687,72.956748,1.8,2026-06-15 07:08:00+05:30,2026-06-15 07:08:04+05:30
P-0000526,V-10,5,19.172381,72.956245,10.2,2026-06-15 07:08:18+05:30,2026-06-15 07:08:20+05:30
P-0000527,V-10,5,19.172115,72.955678,10.4,2026-06-15 07:08:38+05:30,2026-06-15 07:08:42+05:30
P-0000528,V-10,5,19.171938,72.95524,10.7,2026-06-15 07:09:01+05:30,2026-06-15 07:09:02+05:30
P-0000529,V-10,5,19.171773,72.954639,12.3,2026-06-15 07:09:19+05:30,2026-06-15 07:09:22+05:30
P-0000530,V-10,5,19.171509,72.954009,12.2,2026-06-15 07:09:41+05:30,2026-06-15 07:09:43+05:30
P-0000531,V-10,5,19.171187,72.953499,12.4,2026-06-15 07:10:02+05:30,2026-06-15 07:10:05+05:30
P-0000532,V-10,5,19.170936,72.953009,10.1,2026-06-15 07:10:22+05:30,2026-06-15 07:10:23+05:30
P-0000533,V-10,5,19.170859,72.952598,7.1,2026-06-15 07:10:42+05:30,2026-06-15 07:10:43+05:30
P-0000534,V-10,5,19.170469,72.952065,14.3,2026-06-15 07:10:59+05:30,2026-06-15 07:11:00+05:30
P-0000535,V-10,5,19.170414,72.951484,10.0,2026-06-15 07:11:20+05:30,2026-06-15 07:11:22+05:30
P-0000536,V-10,5,19.170168,72.951171,8.4,2026-06-15 07:11:37+05:30,2026-06-15 07:11:39+05:30
P-0000537,V-10,5,19.169974,72.950457,15.0,2026-06-15 07:11:59+05:30,2026-06-15 07:12:03+05:30
P-0000538,V-10,5,19.169649,72.949923,11.8,2026-06-15 07:12:20+05:30,2026-06-15 07:12:22+05:30
P-0000539,V-10,5,19.169521,72.949324,12.1,2026-06-15 07:12:39+05:30,2026-06-15 07:12:43+05:30
P-0000540,V-10,5,19.169135,72.948827,10.6,2026-06-15 07:13:01+05:30,2026-06-15 07:13:02+05:30
P-0000541,V-10,5,19.168954,72.948215,12.1,2026-06-15 07:13:22+05:30,2026-06-15 07:13:26+05:30
P-0000542,V-10,5,19.168796,72.947616,12.3,2026-06-15 07:13:45+05:30,2026-06-15 07:13:49+05:30
P-0000543,V-10,5,19.168453,72.947174,12.0,2026-06-15 07:14:02+05:30,2026-06-15 07:14:04+05:30
P-0000544,V-10,5,19.168254,72.946719,11.0,2026-06-15 07:14:21+05:30,2026-06-15 07:14:25+05:30
P-0000545,V-10,5,19.167994,72.94632,7.9,2026-06-15 07:14:39+05:30,2026-06-15 07:14:42+05:30
P-0000546,V-10,5,19.167773,72.945682,12.2,2026-06-15 07:15:01+05:30,2026-06-15 07:15:05+05:30
P-0000547,V-10,5,19.167498,72.945175,9.8,2026-06-15 07:15:21+05:30,2026-06-15 07:15:23+05:30
P-0000548,V-10,5,19.167386,72.944637,9.7,2026-06-15 07:15:38+05:30,2026-06-15 07:15:42+05:30
P-0000549,V-10,5,19.16703,72.944267,9.9,2026-06-15 07:15:57+05:30,2026-06-15 07:16:01+05:30
P-0000550,V-10,5,19.16668,72.943783,9.9,2026-06-15 07:16:17+05:30,2026-06-15 07:16:20+05:30
P-0000551,V-10,5,19.166334,72.943391,10.4,2026-06-15 07:16:34+05:30,2026-06-15 07:16:38+05:30
P-0000552,V-10,5,19.165917,72.943117,9.3,2026-06-15 07:16:54+05:30,2026-06-15 07:16:58+05:30
P-0000553,V-10,5,19.165748,72.942547,10.1,2026-06-15 07:17:11+05:30,2026-06-15 07:17:15+05:30
P-0000554,V-10,5,19.165457,72.942211,9.5,2026-06-15 07:17:33+05:30,2026-06-15 07:17:36+05:30
P-0000555,V-10,5,19.164893,72.941651,15.5,2026-06-15 07:17:56+05:30,2026-06-15 07:17:57+05:30
P-0000556,V-10,5,19.164682,72.941045,13.2,2026-06-15 07:18:18+05:30,2026-06-15 07:18:22+05:30
P-0000557,V-10,5,19.164253,72.940569,13.8,2026-06-15 07:18:41+05:30,2026-06-15 07:18:45+05:30
P-0000558,V-10,5,19.163937,72.940201,8.3,2026-06-15 07:19:01+05:30,2026-06-15 07:19:02+05:30
P-0000559,V-10,5,19.163347,72.939735,14.1,2026-06-15 07:19:24+05:30,2026-06-15 07:19:28+05:30
P-0000560,V-10,5,19.1631,72.939213,11.2,2026-06-15 07:19:44+05:30,2026-06-15 07:19:46+05:30
P-0000561,V-10,5,19.162869,72.938675,9.7,2026-06-15 07:20:02+05:30,2026-06-15 07:20:06+05:30
P-0000562,V-10,5,19.162491,72.938369,9.3,2026-06-15 07:20:24+05:30,2026-06-15 07:20:28+05:30
P-0000563,V-10,5,19.162167,72.937948,9.0,2026-06-15 07:20:43+05:30,2026-06-15 07:20:47+05:30
P-0000564,V-10,5,19.161793,72.937414,11.7,2026-06-15 07:21:00+05:30,2026-06-15 07:21:02+05:30
P-0000565,V-10,5,19.161326,72.936994,10.5,2026-06-15 07:21:19+05:30,2026-06-15 07:21:22+05:30
P-0000566,V-10,5,19.161173,72.936677,5.1,2026-06-15 07:21:39+05:30,2026-06-15 07:21:42+05:30
P-0000567,V-10,5,19.160783,72.936241,10.5,2026-06-15 07:21:57+05:30,2026-06-15 07:21:59+05:30
P-0000568,V-10,5,19.160279,72.935708,14.8,2026-06-15 07:22:20+05:30,2026-06-15 07:22:24+05:30
P-0000569,V-10,5,19.159955,72.935155,13.0,2026-06-15 07:22:42+05:30,2026-06-15 07:22:45+05:30
P-0000570,V-10,5,19.159685,72.93472,8.8,2026-06-15 07:23:02+05:30,2026-06-15 07:23:05+05:30
P-0000571,V-10,5,19.159324,72.934218,13.1,2026-06-15 07:23:25+05:30,2026-06-15 07:23:29+05:30
P-0000572,V-10,5,19.158838,72.933712,12.7,2026-06-15 07:23:44+05:30,2026-06-15 07:23:47+05:30
P-0000573,V-10,5,19.158468,72.933308,12.4,2026-06-15 07:24:04+05:30,2026-06-15 07:24:07+05:30
P-0000574,V-10,5,19.158255,72.933023,5.7,2026-06-15 07:24:21+05:30,2026-06-15 07:24:22+05:30
P-0000575,V-10,5,19.157896,72.932571,10.0,2026-06-15 07:24:39+05:30,2026-06-15 07:24:43+05:30
P-0000576,V-10,5,19.157603,72.932031,13.2,2026-06-15 07:24:57+05:30,2026-06-15 07:25:01+05:30
P-0000577,V-10,5,19.157458,72.931713,5.7,2026-06-15 07:25:15+05:30,2026-06-15 07:25:18+05:30
P-0000578,V-10,5,19.156994,72.931304,13.6,2026-06-15 07:25:35+05:30,2026-06-15 07:25:36+05:30
P-0000579,V-10,5,19.1566,72.930964,9.7,2026-06-15 07:25:54+05:30,2026-06-15 07:25:55+05:30
P-0000580,V-10,5,19.156355,72.93047,12.0,2026-06-15 07:26:11+05:30,2026-06-15 07:26:15+05:30
P-0000581,V-10,5,19.156084,72.930092,9.0,2026-06-15 07:26:28+05:30,2026-06-15 07:26:32+05:30
P-0000582,V-10,5,19.155576,72.929766,12.1,2026-06-15 07:26:49+05:30,2026-06-15 07:26:51+05:30
P-0000583,V-10,5,19.155158,72.929358,9.7,2026-06-15 07:27:09+05:30,2026-06-15 07:27:11+05:30
P-0000584,V-10,5,19.154655,72.92916,11.6,2026-06-15 07:27:29+05:30,2026-06-15 07:27:33+05:30
P-0000585,V-10,5,19.154201,72.928673,13.6,2026-06-15 07:27:51+05:30,2026-06-15 07:27:54+05:30
P-0000586,V-10,5,19.153607,72.928388,11.1,2026-06-15 07:28:13+05:30,2026-06-15 07:28:14+05:30
P-0000587,V-10,5,19.153241,72.928048,10.0,2026-06-15 07:28:30+05:30,2026-06-15 07:28:34+05:30
P-0000588,V-10,5,19.152765,72.927683,12.1,2026-06-15 07:28:51+05:30,2026-06-15 07:28:54+05:30
P-0000589,V-10,5,19.152379,72.927506,9.4,2026-06-15 07:29:13+05:30,2026-06-15 07:29:17+05:30
P-0000590,V-10,5,19.151959,72.927194,9.9,2026-06-15 07:29:31+05:30,2026-06-15 07:29:32+05:30
P-0000591,V-10,5,19.151518,72.926829,10.7,2026-06-15 07:29:52+05:30,2026-06-15 07:29:56+05:30
P-0000592,V-10,5,19.151062,72.926574,10.1,2026-06-15 07:30:10+05:30,2026-06-15 07:30:14+05:30
P-0000593,V-10,5,19.150569,72.926262,12.2,2026-06-15 07:30:28+05:30,2026-06-15 07:30:30+05:30
P-0000594,V-10,5,19.150252,72.925913,9.3,2026-06-15 07:30:47+05:30,2026-06-15 07:30:49+05:30
P-0000595,V-10,5,19.14977,72.925444,11.6,2026-06-15 07:31:09+05:30,2026-06-15 07:31:13+05:30
P-0000596,V-10,5,19.149217,72.925218,12.9,2026-06-15 07:31:28+05:30,2026-06-15 07:31:32+05:30
P-0000597,V-10,5,19.148836,72.924816,12.4,2026-06-15 07:31:47+05:30,2026-06-15 07:31:50+05:30
P-0000598,V-10,5,19.148465,72.924601,8.7,2026-06-15 07:32:07+05:30,2026-06-15 07:32:11+05:30
P-0000599,V-10,5,19.147957,72.924351,10.3,2026-06-15 07:32:24+05:30,2026-06-15 07:32:28+05:30
P-0000600,V-10,5,19.147421,72.923874,14.3,2026-06-15 07:32:47+05:30,2026-06-15 07:32:48+05:30
P-0000601,V-10,5,19.14694,72.923502,13.9,2026-06-15 07:33:10+05:30,2026-06-15 07:33:13+05:30
P-0000602,V-10,5,19.146659,72.92329,8.9,2026-06-15 07:33:27+05:30,2026-06-15 07:33:30+05:30
P-0000603,V-10,5,19.145941,72.923008,17.2,2026-06-15 07:33:49+05:30,2026-06-15 07:33:50+05:30
P-0000604,V-10,5,19.145609,72.922543,10.3,2026-06-15 07:34:08+05:30,2026-06-15 07:34:09+05:30
P-0000605,V-10,5,19.145488,72.92209,10.4,2026-06-15 07:34:29+05:30,2026-06-15 07:34:31+05:30
P-0000606,V-10,5,19.145034,72.921705,12.2,2026-06-15 07:34:46+05:30,2026-06-15 07:34:47+05:30
P-0000607,V-10,5,19.144778,72.921024,11.9,2026-06-15 07:35:07+05:30,2026-06-15 07:35:11+05:30
P-0000608,V-10,5,19.144586,72.92048,10.4,2026-06-15 07:35:29+05:30,2026-06-15 07:35:32+05:30
P-0000609,V-10,5,19.144173,72.920057,13.1,2026-06-15 07:35:48+05:30,2026-06-15 07:35:49+05:30
P-0000610,V-10,5,19.144016,72.919733,7.7,2026-06-15 07:36:05+05:30,2026-06-15 07:36:08+05:30
P-0000611,V-10,5,19.143718,72.919156,13.9,2026-06-15 07:36:25+05:30,2026-06-15 07:36:26+05:30
P-0000612,V-10,5,19.143317,72.918544,14.9,2026-06-15 07:36:46+05:30,2026-06-15 07:36:47+05:30
P-0000613,V-10,5,19.143145,72.918116,7.1,2026-06-15 07:37:09+05:30,2026-06-15 07:37:10+05:30
P-0000614,V-10,5,19.142858,72.917651,10.9,2026-06-15 07:37:26+05:30,2026-06-15 07:37:28+05:30
P-0000615,V-10,5,19.142491,72.917215,10.8,2026-06-15 07:37:43+05:30,2026-06-15 07:37:46+05:30
P-0000616,V-10,5,19.142317,72.916795,10.0,2026-06-15 07:38:06+05:30,2026-06-15 07:38:09+05:30
P-0000617,V-10,5,19.141995,72.916171,11.5,2026-06-15 07:38:26+05:30,2026-06-15 07:38:30+05:30
P-0000618,V-10,5,19.141569,72.915641,12.2,2026-06-15 07:38:45+05:30,2026-06-15 07:38:47+05:30
P-0000619,V-10,5,19.141322,72.915081,10.1,2026-06-15 07:39:08+05:30,2026-06-15 07:39:09+05:30
P-0000620,V-10,5,19.141191,72.914754,5.6,2026-06-15 07:39:25+05:30,2026-06-15 07:39:26+05:30
P-0000621,V-10,5,19.140798,72.914203,12.5,2026-06-15 07:39:48+05:30,2026-06-15 07:39:50+05:30
P-0000622,V-10,5,19.140416,72.913617,11.9,2026-06-15 07:40:06+05:30,2026-06-15 07:40:10+05:30
P-0000623,V-10,5,19.140107,72.913187,8.6,2026-06-15 07:40:27+05:30,2026-06-15 07:40:29+05:30
P-0000624,V-10,5,19.139741,72.91268,13.5,2026-06-15 07:40:50+05:30,2026-06-15 07:40:52+05:30
P-0000625,V-10,5,19.139646,72.912145,9.9,2026-06-15 07:41:09+05:30,2026-06-15 07:41:12+05:30
P-0000626,V-10,5,19.139317,72.911702,11.8,2026-06-15 07:41:26+05:30,2026-06-15 07:41:30+05:30
P-0000627,V-10,5,19.139022,72.911272,10.5,2026-06-15 07:41:45+05:30,2026-06-15 07:41:46+05:30
P-0000628,V-10,5,19.138844,72.910911,9.2,2026-06-15 07:42:04+05:30,2026-06-15 07:42:05+05:30
P-0000629,V-10,5,19.138554,72.91034,14.2,2026-06-15 07:42:21+05:30,2026-06-15 07:42:24+05:30
P-0000630,V-10,5,19.138163,72.910077,10.5,2026-06-15 07:42:39+05:30,2026-06-15 07:42:43+05:30
P-0000631,V-10,5,19.138066,72.909488,12.1,2026-06-15 07:42:59+05:30,2026-06-15 07:43:01+05:30
P-0000632,V-10,5,19.137698,72.908814,12.7,2026-06-15 07:43:22+05:30,2026-06-15 07:43:26+05:30
P-0000633,V-10,5,19.137252,72.908256,14.7,2026-06-15 07:43:45+05:30,2026-06-15 07:43:47+05:30
P-0000634,V-10,5,19.136974,72.907866,11.0,2026-06-15 07:44:02+05:30,2026-06-15 07:44:05+05:30
P-0000635,V-10,5,19.136762,72.907429,10.1,2026-06-15 07:44:21+05:30,2026-06-15 07:44:23+05:30
P-0000636,V-10,5,19.136524,72.906961,11.6,2026-06-15 07:44:43+05:30,2026-06-15 07:44:45+05:30
P-0000637,V-10,5,19.136185,72.906335,12.9,2026-06-15 07:45:05+05:30,2026-06-15 07:45:07+05:30
P-0000638,V-10,5,19.135836,72.905838,11.5,2026-06-15 07:45:24+05:30,2026-06-15 07:45:27+05:30
P-0000639,V-10,5,19.135554,72.905584,8.5,2026-06-15 07:45:42+05:30,2026-06-15 07:45:46+05:30
P-0000640,V-10,5,19.135254,72.905132,12.1,2026-06-15 07:46:02+05:30,2026-06-15 07:46:03+05:30
P-0000641,V-10,5,19.134765,72.904464,16.0,2026-06-15 07:46:24+05:30,2026-06-15 07:46:25+05:30
P-0000642,V-10,5,19.134529,72.903986,8.3,2026-06-15 07:46:41+05:30,2026-06-15 07:46:45+05:30
P-0000643,V-10,5,19.134393,72.903507,10.4,2026-06-15 07:47:03+05:30,2026-06-15 07:47:06+05:30
P-0000644,V-10,5,19.134053,72.90306,11.1,2026-06-15 07:47:21+05:30,2026-06-15 07:47:22+05:30
P-0000645,V-10,5,19.133737,72.902607,12.5,2026-06-15 07:47:43+05:30,2026-06-15 07:47:44+05:30
P-0000646,V-10,5,19.133466,72.902036,11.2,2026-06-15 07:48:04+05:30,2026-06-15 07:48:05+05:30
P-0000647,V-10,5,19.13304,72.901577,13.9,2026-06-15 07:48:22+05:30,2026-06-15 07:48:25+05:30
P-0000648,V-10,5,19.132844,72.9011,8.4,2026-06-15 07:48:41+05:30,2026-06-15 07:48:42+05:30
P-0000649,V-10,5,19.132622,72.900783,8.9,2026-06-15 07:48:58+05:30,2026-06-15 07:49:02+05:30
P-0000650,V-10,5,19.132349,72.900258,10.8,2026-06-15 07:49:16+05:30,2026-06-15 07:49:19+05:30
P-0000651,V-10,5,19.13201,72.899794,9.1,2026-06-15 07:49:38+05:30,2026-06-15 07:49:41+05:30
P-0000652,V-10,5,19.131537,72.899259,14.1,2026-06-15 07:49:59+05:30,2026-06-15 07:50:03+05:30
P-0000653,V-10,5,19.131218,72.898697,12.1,2026-06-15 07:50:21+05:30,2026-06-15 07:50:23+05:30
P-0000654,V-10,5,19.130943,72.898431,8.9,2026-06-15 07:50:40+05:30,2026-06-15 07:50:41+05:30
P-0000655,V-10,5,19.1308,72.897967,8.3,2026-06-15 07:50:58+05:30,2026-06-15 07:51:02+05:30
P-0000656,V-10,5,19.130369,72.897462,13.5,2026-06-15 07:51:19+05:30,2026-06-15 07:51:22+05:30
P-0000657,V-10,5,19.13,72.896982,10.2,2026-06-15 07:51:42+05:30,2026-06-15 07:51:43+05:30
P-0000658,V-10,5,19.129625,72.896422,14.0,2026-06-15 07:52:02+05:30,2026-06-15 07:52:03+05:30
P-0000659,V-10,5,19.129144,72.896076,11.0,2026-06-15 07:52:21+05:30,2026-06-15 07:52:22+05:30
P-0000660,V-10,5,19.128966,72.895618,10.0,2026-06-15 07:52:41+05:30,2026-06-15 07:52:45+05:30
P-0000661,V-10,5,19.128596,72.895179,12.7,2026-06-15 07:53:03+05:30,2026-06-15 07:53:04+05:30
P-0000662,V-10,5,19.128175,72.894649,12.4,2026-06-15 07:53:25+05:30,2026-06-15 07:53:26+05:30
P-0000663,V-10,5,19.127825,72.893993,14.9,2026-06-15 07:53:47+05:30,2026-06-15 07:53:48+05:30
P-0000664,V-10,5,19.127323,72.893582,14.0,2026-06-15 07:54:10+05:30,2026-06-15 07:54:13+05:30
P-0000665,V-10,5,19.12694,72.893008,12.6,2026-06-15 07:54:29+05:30,2026-06-15 07:54:30+05:30
P-0000666,V-10,5,19.126706,72.892609,10.3,2026-06-15 07:54:48+05:30,2026-06-15 07:54:50+05:30
P-0000667,V-10,5,19.126413,72.892242,8.2,2026-06-15 07:55:10+05:30,2026-06-15 07:55:12+05:30
P-0000668,V-10,5,19.126122,72.891718,11.5,2026-06-15 07:55:29+05:30,2026-06-15 07:55:30+05:30
P-0000669,V-10,5,19.125779,72.891472,10.3,2026-06-15 07:55:47+05:30,2026-06-15 07:55:48+05:30
P-0000670,V-10,5,19.125306,72.890986,13.0,2026-06-15 07:56:05+05:30,2026-06-15 07:56:06+05:30
P-0000671,V-10,5,19.125175,72.890698,5.5,2026-06-15 07:56:22+05:30,2026-06-15 07:56:23+05:30
P-0000672,V-10,5,19.12477,72.890087,16.1,2026-06-15 07:56:42+05:30,2026-06-15 07:56:43+05:30
P-0000673,V-10,5,19.124457,72.889657,8.3,2026-06-15 07:57:02+05:30,2026-06-15 07:57:03+05:30
P-0000674,V-10,5,19.124072,72.889341,10.0,2026-06-15 07:57:19+05:30,2026-06-15 07:57:20+05:30
P-0000675,V-10,5,19.123762,72.888839,11.8,2026-06-15 07:57:39+05:30,2026-06-15 07:57:40+05:30
P-0000676,V-10,5,19.12337,72.888255,12.5,2026-06-15 07:58:02+05:30,2026-06-15 07:58:06+05:30
P-0000677,V-10,5,19.122928,72.887736,12.9,2026-06-15 07:58:25+05:30,2026-06-15 07:58:26+05:30
P-0000678,V-10,5,19.122755,72.887374,7.8,2026-06-15 07:58:43+05:30,2026-06-15 07:58:46+05:30
P-0000679,V-10,5,19.122253,72.887107,10.2,2026-06-15 07:59:01+05:30,2026-06-15 07:59:05+05:30
P-0000680,V-10,5,19.12205,72.886481,12.6,2026-06-15 07:59:24+05:30,2026-06-15 07:59:26+05:30
P-0000681,V-10,5,19.121537,72.885938,14.2,2026-06-15 07:59:47+05:30,2026-06-15 07:59:51+05:30
P-0000682,V-10,5,19.121256,72.885473,10.8,2026-06-15 08:00:06+05:30,2026-06-15 08:00:09+05:30
P-0000683,V-10,5,19.121001,72.885178,7.6,2026-06-15 08:00:23+05:30,2026-06-15 08:00:24+05:30
P-0000684,V-10,5,19.120603,72.884654,10.8,2026-06-15 08:00:44+05:30,2026-06-15 08:00:47+05:30
P-0000685,V-10,5,19.120225,72.884284,10.3,2026-06-15 08:01:05+05:30,2026-06-15 08:01:07+05:30
P-0000686,V-10,5,19.119915,72.88361,15.9,2026-06-15 08:01:26+05:30,2026-06-15 08:01:27+05:30
P-0000687,V-10,5,19.119427,72.883428,10.0,2026-06-15 08:01:43+05:30,2026-06-15 08:01:44+05:30
P-0000688,V-10,5,19.119223,72.882903,12.8,2026-06-15 08:02:02+05:30,2026-06-15 08:02:05+05:30
P-0000689,V-10,5,19.119025,72.8823,10.5,2026-06-15 08:02:21+05:30,2026-06-15 08:02:22+05:30
P-0000690,V-10,5,19.118672,72.881833,12.2,2026-06-15 08:02:41+05:30,2026-06-15 08:02:44+05:30
P-0000691,V-10,5,19.118656,72.881193,12.0,2026-06-15 08:03:03+05:30,2026-06-15 08:03:05+05:30
P-0000692,V-10,5,19.118408,72.880773,8.6,2026-06-15 08:03:20+05:30,2026-06-15 08:03:21+05:30
P-0000693,V-10,5,19.118031,72.88029,12.3,2026-06-15 08:03:43+05:30,2026-06-15 08:03:45+05:30
P-0000694,V-10,5,19.117801,72.879605,15.3,2026-06-15 08:04:05+05:30,2026-06-15 08:04:06+05:30
P-0000695,V-10,5,19.117549,72.879202,8.6,2026-06-15 08:04:23+05:30,2026-06-15 08:04:27+05:30
P-0000696,V-10,5,19.117324,72.878587,13.5,2026-06-15 08:04:42+05:30,2026-06-15 08:04:44+05:30
P-0000697,V-10,5,19.117225,72.878074,9.7,2026-06-15 08:05:02+05:30,2026-06-15 08:05:04+05:30
P-0000698,V-10,5,19.117043,72.877617,7.7,2026-06-15 08:05:19+05:30,2026-06-15 08:05:21+05:30
P-0000699,V-10,5,19.116664,72.877216,11.2,2026-06-15 08:05:41+05:30,2026-06-15 08:05:44+05:30
P-0000700,V-10,5,19.116515,72.876643,12.4,2026-06-15 08:05:58+05:30,2026-06-15 08:06:00+05:30
P-0000701,V-10,5,19.116328,72.876202,8.6,2026-06-15 08:06:15+05:30,2026-06-15 08:06:18+05:30
P-0000702,V-10,5,19.116098,72.875737,11.3,2026-06-15 08:06:33+05:30,2026-06-15 08:06:37+05:30
P-0000703,V-10,5,19.115899,72.875136,14.0,2026-06-15 08:06:51+05:30,2026-06-15 08:06:53+05:30
P-0000704,V-10,5,19.115778,72.874686,10.8,2026-06-15 08:07:09+05:30,2026-06-15 08:07:12+05:30
P-0000705,V-10,5,19.115551,72.874112,10.6,2026-06-15 08:07:31+05:30,2026-06-15 08:07:34+05:30
P-0000706,V-10,5,19.115227,72.873503,13.8,2026-06-15 08:07:53+05:30,2026-06-15 08:07:54+05:30
P-0000707,V-10,5,19.11499,72.872962,11.6,2026-06-15 08:08:13+05:30,2026-06-15 08:08:16+05:30
P-0000708,V-10,5,19.114856,72.872583,5.7,2026-06-15 08:08:33+05:30,2026-06-15 08:08:35+05:30
P-0000709,V-10,5,19.114567,72.872164,9.2,2026-06-15 08:08:52+05:30,2026-06-15 08:08:55+05:30
P-0000710,V-10,5,19.114326,72.871614,9.8,2026-06-15 08:09:10+05:30,2026-06-15 08:09:11+05:30
P-0000711,V-10,5,19.11415,72.871068,10.6,2026-06-15 08:09:33+05:30,2026-06-15 08:09:34+05:30
P-0000712,V-10,5,19.113948,72.870286,15.1,2026-06-15 08:09:56+05:30,2026-06-15 08:09:59+05:30
P-0000713,V-10,5,19.113686,72.869772,10.5,2026-06-15 08:10:14+05:30,2026-06-15 08:10:18+05:30
P-0000714,V-10,5,19.113588,72.869583,5.8,2026-06-15 08:10:32+05:30,2026-06-15 08:10:34+05:30
P-0000715,V-10,5,19.113514,72.869634,0.5,2026-06-15 08:10:55+05:30,2026-06-15 08:10:59+05:30
P-0000716,V-10,5,19.113633,72.869802,2.3,2026-06-15 08:11:17+05:30,2026-06-15 08:11:19+05:30
P-0000717,V-10,5,19.113638,72.869797,0.0,2026-06-15 08:11:36+05:30,2026-06-15 08:11:38+05:30
P-0000718,V-10,5,19.113573,72.869666,4.8,2026-06-15 08:11:59+05:30,2026-06-15 08:12:02+05:30
P-0000719,V-10,5,19.113488,72.869609,0.9,2026-06-15 08:12:20+05:30,2026-06-15 08:12:22+05:30
P-0000720,V-10,5,19.113578,72.869756,2.6,2026-06-15 08:12:38+05:30,2026-06-15 08:12:39+05:30
P-0000721,V-10,5,19.113485,72.869602,3.8,2026-06-15 08:13:00+05:30,2026-06-15 08:13:04+05:30
P-0000722,V-10,5,19.1136,72.869638,3.4,2026-06-15 08:13:22+05:30,2026-06-15 08:13:26+05:30
P-0000723,V-10,5,19.113647,72.869601,1.6,2026-06-15 08:13:41+05:30,2026-06-15 08:13:43+05:30
P-0000724,V-10,5,19.113556,72.869735,3.5,2026-06-15 08:14:00+05:30,2026-06-15 08:14:04+05:30
P-0000725,V-10,5,19.113526,72.869648,0.9,2026-06-15 08:14:23+05:30,2026-06-15 08:14:27+05:30
P-0000726,V-10,5,19.113537,72.869781,3.7,2026-06-15 08:14:43+05:30,2026-06-15 08:14:47+05:30
P-0000727,V-10,5,19.113544,72.869614,2.9,2026-06-15 08:15:02+05:30,2026-06-15 08:15:04+05:30
P-0000728,V-10,5,19.113506,72.869736,1.4,2026-06-15 08:15:25+05:30,2026-06-15 08:15:28+05:30
P-0000729,V-10,5,19.113612,72.869652,4.5,2026-06-15 08:15:44+05:30,2026-06-15 08:15:47+05:30
P-0000730,V-10,5,19.113675,72.869763,1.8,2026-06-15 08:16:02+05:30,2026-06-15 08:16:03+05:30
P-0000731,V-10,5,19.113647,72.869603,4.0,2026-06-15 08:16:22+05:30,2026-06-15 08:16:23+05:30
P-0000732,V-10,5,19.113509,72.869614,1.2,2026-06-15 08:16:45+05:30,2026-06-15 08:16:47+05:30
P-0000733,V-10,5,19.113663,72.8697,2.8,2026-06-15 08:17:06+05:30,2026-06-15 08:17:09+05:30
P-0000734,V-10,5,19.113522,72.869613,4.4,2026-06-15 08:17:23+05:30,2026-06-15 08:17:26+05:30
P-0000735,V-10,5,19.113659,72.869622,2.9,2026-06-15 08:17:44+05:30,2026-06-15 08:17:45+05:30
P-0000736,V-10,5,19.113486,72.86975,2.8,2026-06-15 08:18:02+05:30,2026-06-15 08:18:06+05:30
P-0000737,V-10,5,19.113601,72.869721,1.7,2026-06-15 08:18:21+05:30,2026-06-15 08:18:24+05:30
P-0000738,V-10,5,19.113683,72.869718,3.3,2026-06-15 08:18:40+05:30,2026-06-15 08:18:41+05:30
P-0000739,V-10,5,19.113513,72.869641,5.0,2026-06-15 08:18:59+05:30,2026-06-15 08:19:01+05:30
P-0000740,V-10,5,19.11349,72.869719,1.3,2026-06-15 08:19:16+05:30,2026-06-15 08:19:17+05:30
P-0000741,V-10,5,19.113534,72.869811,2.5,2026-06-15 08:19:35+05:30,2026-06-15 08:19:38+05:30
P-0000742,V-10,5,19.113582,72.869703,2.6,2026-06-15 08:19:53+05:30,2026-06-15 08:19:56+05:30
P-0000743,V-10,5,19.11354,72.869803,3.2,2026-06-15 08:20:11+05:30,2026-06-15 08:20:14+05:30
P-0000744,V-10,5,19.113649,72.869595,4.1,2026-06-15 08:20:34+05:30,2026-06-15 08:20:36+05:30
P-0000745,V-10,5,19.113576,72.869661,1.4,2026-06-15 08:20:53+05:30,2026-06-15 08:20:57+05:30
P-0000746,V-10,5,19.113579,72.869776,3.9,2026-06-15 08:21:12+05:30,2026-06-15 08:21:16+05:30
P-0000747,V-10,5,19.113583,72.869686,1.6,2026-06-15 08:21:31+05:30,2026-06-15 08:21:35+05:30
P-0000748,V-10,5,19.11363,72.869731,0.7,2026-06-15 08:21:52+05:30,2026-06-15 08:21:54+05:30
P-0000749,V-10,5,19.113705,72.869717,0.8,2026-06-15 08:22:09+05:30,2026-06-15 08:22:10+05:30
P-0000750,V-10,5,19.113644,72.869612,1.5,2026-06-15 08:22:26+05:30,2026-06-15 08:22:28+05:30
P-0000751,V-10,5,19.113667,72.869673,0.0,2026-06-15 08:22:43+05:30,2026-06-15 08:22:46+05:30
P-0000752,V-10,5,19.113598,72.869703,2.0,2026-06-15 08:23:02+05:30,2026-06-15 08:23:05+05:30
P-0000753,V-10,5,19.113576,72.869609,0.5,2026-06-15 08:23:23+05:30,2026-06-15 08:23:25+05:30
P-0000754,V-10,5,19.113641,72.869653,2.4,2026-06-15 08:23:43+05:30,2026-06-15 08:23:46+05:30
P-0000755,V-10,5,19.113609,72.869624,2.4,2026-06-15 08:24:05+05:30,2026-06-15 08:24:09+05:30
P-0000756,V-10,5,19.113712,72.869584,2.5,2026-06-15 08:24:24+05:30,2026-06-15 08:24:26+05:30
P-0000757,V-10,5,19.113541,72.869598,2.4,2026-06-15 08:24:47+05:30,2026-06-15 08:24:51+05:30
P-0000758,V-10,5,19.11356,72.869724,3.3,2026-06-15 08:25:09+05:30,2026-06-15 08:25:11+05:30
P-0000759,V-10,5,19.113527,72.869581,1.4,2026-06-15 08:25:29+05:30,2026-06-15 08:25:33+05:30
P-0000760,V-10,5,19.113683,72.86982,7.5,2026-06-15 08:25:46+05:30,2026-06-15 08:25:47+05:30
P-0000761,V-10,5,19.113628,72.869776,1.0,2026-06-15 08:26:07+05:30,2026-06-15 08:26:09+05:30
P-0000762,V-10,5,19.113581,72.869625,2.8,2026-06-15 08:26:30+05:30,2026-06-15 08:26:31+05:30
P-0000763,V-10,5,19.113494,72.869798,5.6,2026-06-15 08:26:48+05:30,2026-06-15 08:26:50+05:30
P-0000764,V-10,5,19.113606,72.869819,2.4,2026-06-15 08:27:09+05:30,2026-06-15 08:27:13+05:30
P-0000765,V-10,5,19.113699,72.86959,5.6,2026-06-15 08:27:27+05:30,2026-06-15 08:27:28+05:30
P-0000766,V-10,5,19.113595,72.869605,1.8,2026-06-15 08:27:45+05:30,2026-06-15 08:27:47+05:30
P-0000767,V-10,5,19.11369,72.869598,1.6,2026-06-15 08:28:08+05:30,2026-06-15 08:28:12+05:30
P-0000768,V-10,5,19.113559,72.869679,3.5,2026-06-15 08:28:29+05:30,2026-06-15 08:28:30+05:30
P-0000769,V-10,5,19.113614,72.869636,2.8,2026-06-15 08:28:47+05:30,2026-06-15 08:28:51+05:30
P-0000770,V-10,5,19.113669,72.869598,1.4,2026-06-15 08:29:05+05:30,2026-06-15 08:29:09+05:30
P-0000771,V-10,5,19.113495,72.869649,2.0,2026-06-15 08:29:22+05:30,2026-06-15 08:29:26+05:30
P-0000772,V-10,5,19.113527,72.869793,3.5,2026-06-15 08:29:42+05:30,2026-06-15 08:29:44+05:30
P-0000773,V-10,5,19.113513,72.86968,1.8,2026-06-15 08:30:04+05:30,2026-06-15 08:30:08+05:30
P-0000774,V-10,5,19.113482,72.869785,0.2,2026-06-15 08:30:27+05:30,2026-06-15 08:30:29+05:30
P-0000775,V-10,5,19.113691,72.869724,4.5,2026-06-15 08:30:49+05:30,2026-06-15 08:30:52+05:30
P-0000776,V-10,5,19.113679,72.869813,1.8,2026-06-15 08:31:08+05:30,2026-06-15 08:31:11+05:30
P-0000777,V-10,5,19.11354,72.869779,4.8,2026-06-15 08:31:29+05:30,2026-06-15 08:31:31+05:30
P-0000778,V-10,5,19.113672,72.869629,5.5,2026-06-15 08:31:51+05:30,2026-06-15 08:31:52+05:30
P-0000779,V-10,5,19.113576,72.86976,4.7,2026-06-15 08:32:14+05:30,2026-06-15 08:32:16+05:30
P-0000780,V-10,5,19.113576,72.869628,0.8,2026-06-15 08:32:31+05:30,2026-06-15 08:32:35+05:30
P-0000781,V-10,5,19.113658,72.86973,2.7,2026-06-15 08:32:51+05:30,2026-06-15 08:32:54+05:30
P-0000782,V-04,6,19.204277,72.852442,0.1,2026-06-15 06:35:00+05:30,2026-06-15 06:35:02+05:30
P-0000783,V-04,6,19.203169,72.852415,23.5,2026-06-15 06:35:23+05:30,2026-06-15 06:35:26+05:30
P-0000784,V-04,6,19.202045,72.85259,21.5,2026-06-15 06:35:45+05:30,2026-06-15 06:35:48+05:30
P-0000785,V-04,6,19.201287,72.852484,17.1,2026-06-15 06:36:05+05:30,2026-06-15 06:36:09+05:30
P-0000786,V-04,6,19.200168,72.852633,20.7,2026-06-15 06:36:28+05:30,2026-06-15 06:36:30+05:30
P-0000787,V-04,6,19.199098,72.852656,22.2,2026-06-15 06:36:49+05:30,2026-06-15 06:36:53+05:30
P-0000788,V-04,6,19.19817,72.852677,18.4,2026-06-15 06:37:11+05:30,2026-06-15 06:37:12+05:30
P-0000789,V-04,6,19.197219,72.85266,17.1,2026-06-15 06:37:34+05:30,2026-06-15 06:37:37+05:30
P-0000790,V-04,6,19.19633,72.852684,16.2,2026-06-15 06:37:52+05:30,2026-06-15 06:37:53+05:30
P-0000791,V-04,6,19.195405,72.852703,19.2,2026-06-15 06:38:10+05:30,2026-06-15 06:38:13+05:30
P-0000792,V-04,6,19.194466,72.852728,20.7,2026-06-15 06:38:30+05:30,2026-06-15 06:38:32+05:30
P-0000793,V-04,6,19.193792,72.852854,15.2,2026-06-15 06:38:48+05:30,2026-06-15 06:38:51+05:30
P-0000794,V-04,6,19.192647,72.85273,24.2,2026-06-15 06:39:10+05:30,2026-06-15 06:39:12+05:30
P-0000795,V-04,6,19.191809,72.852956,16.2,2026-06-15 06:39:31+05:30,2026-06-15 06:39:35+05:30
P-0000796,V-04,6,19.190746,72.852803,22.4,2026-06-15 06:39:51+05:30,2026-06-15 06:39:52+05:30
P-0000797,V-04,6,19.189814,72.852899,18.1,2026-06-15 06:40:11+05:30,2026-06-15 06:40:12+05:30
P-0000798,V-04,6,19.189144,72.852884,14.2,2026-06-15 06:40:28+05:30,2026-06-15 06:40:32+05:30
P-0000799,V-04,6,19.188154,72.853001,18.3,2026-06-15 06:40:48+05:30,2026-06-15 06:40:49+05:30
P-0000800,V-04,6,19.187335,72.852979,15.0,2026-06-15 06:41:05+05:30,2026-06-15 06:41:09+05:30
P-0000801,V-04,6,19.186344,72.852909,18.6,2026-06-15 06:41:28+05:30,2026-06-15 06:41:30+05:30
P-0000802,V-04,6,19.185588,72.85308,14.9,2026-06-15 06:41:47+05:30,2026-06-15 06:41:51+05:30
P-0000803,V-04,6,19.184646,72.852987,17.5,2026-06-15 06:42:05+05:30,2026-06-15 06:42:08+05:30
P-0000804,V-04,6,19.183829,72.853108,17.2,2026-06-15 06:42:23+05:30,2026-06-15 06:42:26+05:30
P-0000805,V-04,6,19.183085,72.853113,14.1,2026-06-15 06:42:41+05:30,2026-06-15 06:42:42+05:30
P-0000806,V-04,6,19.1821,72.852957,18.1,2026-06-15 06:43:03+05:30,2026-06-15 06:43:06+05:30
P-0000807,V-04,6,19.181409,72.852915,12.5,2026-06-15 06:43:20+05:30,2026-06-15 06:43:24+05:30
P-0000808,V-04,6,19.180311,72.852595,23.6,2026-06-15 06:43:43+05:30,2026-06-15 06:43:46+05:30
P-0000809,V-04,6,19.179476,72.852252,19.6,2026-06-15 06:44:02+05:30,2026-06-15 06:44:05+05:30
P-0000810,V-04,6,19.178518,72.851916,21.6,2026-06-15 06:44:23+05:30,2026-06-15 06:44:25+05:30
P-0000811,V-04,6,19.177732,72.851795,15.6,2026-06-15 06:44:41+05:30,2026-06-15 06:44:45+05:30
P-0000812,V-04,6,19.176994,72.851375,15.9,2026-06-15 06:45:00+05:30,2026-06-15 06:45:04+05:30
P-0000813,V-04,6,19.175853,72.851201,23.6,2026-06-15 06:45:22+05:30,2026-06-15 06:45:23+05:30
P-0000814,V-04,6,19.174918,72.850974,20.7,2026-06-15 06:45:44+05:30,2026-06-15 06:45:46+05:30
P-0000815,V-04,6,19.17399,72.850686,21.3,2026-06-15 06:46:07+05:30,2026-06-15 06:46:09+05:30
P-0000816,V-04,6,19.173204,72.850365,16.8,2026-06-15 06:46:26+05:30,2026-06-15 06:46:27+05:30
P-0000817,V-04,6,19.17205,72.850135,21.7,2026-06-15 06:46:49+05:30,2026-06-15 06:46:50+05:30
P-0000818,V-04,6,19.171026,72.849788,20.3,2026-06-15 06:47:12+05:30,2026-06-15 06:47:15+05:30
P-0000819,V-04,6,19.170306,72.849376,16.1,2026-06-15 06:47:31+05:30,2026-06-15 06:47:35+05:30
P-0000820,V-04,6,19.169443,72.849293,19.0,2026-06-15 06:47:48+05:30,2026-06-15 06:47:51+05:30
P-0000821,V-04,6,19.168673,72.849102,17.4,2026-06-15 06:48:05+05:30,2026-06-15 06:48:08+05:30
P-0000822,V-04,6,19.167894,72.848835,17.1,2026-06-15 06:48:25+05:30,2026-06-15 06:48:26+05:30
P-0000823,V-04,6,19.167027,72.848598,16.6,2026-06-15 06:48:44+05:30,2026-06-15 06:48:46+05:30
P-0000824,V-04,6,19.166172,72.848203,20.4,2026-06-15 06:49:01+05:30,2026-06-15 06:49:04+05:30
P-0000825,V-04,6,19.165304,72.847921,17.0,2026-06-15 06:49:21+05:30,2026-06-15 06:49:22+05:30
P-0000826,V-04,6,19.164583,72.847768,13.0,2026-06-15 06:49:39+05:30,2026-06-15 06:49:43+05:30
P-0000827,V-04,6,19.163751,72.847527,16.6,2026-06-15 06:49:56+05:30,2026-06-15 06:50:00+05:30
P-0000828,V-04,6,19.162964,72.847294,16.8,2026-06-15 06:50:13+05:30,2026-06-15 06:50:14+05:30
P-0000829,V-04,6,19.16231,72.847011,13.9,2026-06-15 06:50:31+05:30,2026-06-15 06:50:32+05:30
P-0000830,V-04,6,19.16123,72.84673,22.6,2026-06-15 06:50:54+05:30,2026-06-15 06:50:58+05:30
P-0000831,V-04,6,19.160374,72.846613,17.1,2026-06-15 06:51:15+05:30,2026-06-15 06:51:17+05:30
P-0000832,V-04,6,19.159451,72.84644,20.5,2026-06-15 06:51:36+05:30,2026-06-15 06:51:37+05:30
P-0000833,V-04,6,19.158272,72.84633,23.8,2026-06-15 06:51:57+05:30,2026-06-15 06:52:00+05:30
P-0000834,V-04,6,19.157503,72.846233,17.2,2026-06-15 06:52:17+05:30,2026-06-15 06:52:20+05:30
P-0000835,V-04,6,19.156416,72.846283,23.0,2026-06-15 06:52:39+05:30,2026-06-15 06:52:41+05:30
P-0000836,V-04,6,19.155642,72.846191,15.6,2026-06-15 06:52:58+05:30,2026-06-15 06:52:59+05:30
P-0000837,V-04,6,19.154491,72.846121,23.4,2026-06-15 06:53:20+05:30,2026-06-15 06:53:22+05:30
P-0000838,V-04,6,19.153916,72.846057,10.8,2026-06-15 06:53:37+05:30,2026-06-15 06:53:40+05:30
P-0000839,V-04,6,19.15311,72.845928,16.4,2026-06-15 06:53:54+05:30,2026-06-15 06:53:55+05:30
P-0000840,V-04,6,19.152102,72.845913,19.8,2026-06-15 06:54:16+05:30,2026-06-15 06:54:19+05:30
P-0000841,V-04,6,19.151117,72.845703,18.9,2026-06-15 06:54:34+05:30,2026-06-15 06:54:35+05:30
P-0000842,V-04,6,19.150245,72.845692,16.1,2026-06-15 06:54:55+05:30,2026-06-15 06:54:58+05:30
P-0000843,V-04,6,19.149251,72.845537,19.3,2026-06-15 06:55:17+05:30,2026-06-15 06:55:19+05:30
P-0000844,V-04,6,19.148269,72.845541,20.9,2026-06-15 06:55:38+05:30,2026-06-15 06:55:41+05:30
P-0000845,V-04,6,19.147358,72.845438,20.1,2026-06-15 06:55:56+05:30,2026-06-15 06:55:58+05:30
P-0000846,V-04,6,19.146741,72.845226,12.2,2026-06-15 06:56:14+05:30,2026-06-15 06:56:15+05:30
P-0000847,V-04,6,19.145682,72.845243,23.0,2026-06-15 06:56:36+05:30,2026-06-15 06:56:38+05:30
P-0000848,V-04,6,19.144591,72.845082,20.4,2026-06-15 06:56:59+05:30,2026-06-15 06:57:03+05:30
P-0000849,V-04,6,19.143857,72.845125,16.6,2026-06-15 06:57:17+05:30,2026-06-15 06:57:21+05:30
P-0000850,V-04,6,19.142862,72.844934,20.9,2026-06-15 06:57:35+05:30,2026-06-15 06:57:36+05:30
P-0000851,V-04,6,19.141912,72.844966,17.3,2026-06-15 06:57:58+05:30,2026-06-15 06:57:59+05:30
P-0000852,V-04,6,19.141045,72.844815,15.9,2026-06-15 06:58:15+05:30,2026-06-15 06:58:19+05:30
P-0000853,V-04,6,19.140378,72.844614,15.8,2026-06-15 06:58:32+05:30,2026-06-15 06:58:33+05:30
P-0000854,V-04,6,19.139252,72.844693,20.7,2026-06-15 06:58:55+05:30,2026-06-15 06:58:59+05:30
P-0000855,V-04,6,19.13848,72.844645,13.5,2026-06-15 06:59:13+05:30,2026-06-15 06:59:14+05:30
P-0000856,V-04,6,19.137593,72.844446,17.5,2026-06-15 06:59:31+05:30,2026-06-15 06:59:33+05:30
P-0000857,V-04,6,19.136753,72.844481,15.3,2026-06-15 06:59:48+05:30,2026-06-15 06:59:50+05:30
P-0000858,V-04,6,19.136027,72.84436,16.2,2026-06-15 07:00:05+05:30,2026-06-15 07:00:06+05:30
P-0000859,V-04,6,19.135168,72.844286,17.5,2026-06-15 07:00:24+05:30,2026-06-15 07:00:26+05:30
P-0000860,V-04,6,19.134293,72.844431,16.5,2026-06-15 07:00:44+05:30,2026-06-15 07:00:48+05:30
P-0000861,V-04,6,19.133368,72.844366,17.7,2026-06-15 07:01:02+05:30,2026-06-15 07:01:06+05:30
P-0000862,V-04,6,19.132549,72.844459,17.8,2026-06-15 07:01:21+05:30,2026-06-15 07:01:24+05:30
P-0000863,V-04,6,19.131777,72.844644,17.2,2026-06-15 07:01:39+05:30,2026-06-15 07:01:40+05:30
P-0000864,V-04,6,19.130647,72.844581,23.1,2026-06-15 07:02:01+05:30,2026-06-15 07:02:05+05:30
P-0000865,V-04,6,19.129886,72.844804,15.8,2026-06-15 07:02:22+05:30,2026-06-15 07:02:26+05:30
P-0000866,V-04,6,19.128745,72.844785,24.8,2026-06-15 07:02:43+05:30,2026-06-15 07:02:46+05:30
P-0000867,V-04,6,19.127698,72.844837,20.7,2026-06-15 07:03:06+05:30,2026-06-15 07:03:10+05:30
P-0000868,V-04,6,19.126813,72.844877,19.1,2026-06-15 07:03:28+05:30,2026-06-15 07:03:32+05:30
P-0000869,V-04,6,19.125695,72.845059,24.1,2026-06-15 07:03:51+05:30,2026-06-15 07:03:55+05:30
P-0000870,V-04,6,19.124629,72.844923,20.1,2026-06-15 07:04:13+05:30,2026-06-15 07:04:15+05:30
P-0000871,V-04,6,19.123597,72.845024,19.0,2026-06-15 07:04:36+05:30,2026-06-15 07:04:38+05:30
P-0000872,V-04,6,19.122772,72.845114,17.2,2026-06-15 07:04:54+05:30,2026-06-15 07:04:58+05:30
P-0000873,V-04,6,19.122075,72.8451,14.5,2026-06-15 07:05:11+05:30,2026-06-15 07:05:12+05:30
P-0000874,V-04,6,19.121126,72.845156,19.2,2026-06-15 07:05:30+05:30,2026-06-15 07:05:31+05:30
P-0000875,V-04,6,19.120036,72.845216,21.8,2026-06-15 07:05:53+05:30,2026-06-15 07:05:56+05:30
P-0000876,V-04,6,19.119243,72.845323,15.7,2026-06-15 07:06:11+05:30,2026-06-15 07:06:12+05:30
P-0000877,V-04,6,19.118524,72.845487,12.8,2026-06-15 07:06:30+05:30,2026-06-15 07:06:34+05:30
P-0000878,V-04,6,19.117397,72.84541,20.6,2026-06-15 07:06:53+05:30,2026-06-15 07:06:56+05:30
P-0000879,V-04,6,19.11672,72.845573,12.9,2026-06-15 07:07:10+05:30,2026-06-15 07:07:13+05:30
P-0000880,V-04,6,19.115752,72.845672,20.2,2026-06-15 07:07:27+05:30,2026-06-15 07:07:30+05:30
P-0000881,V-04,6,19.114784,72.845641,17.6,2026-06-15 07:07:48+05:30,2026-06-15 07:07:51+05:30
P-0000882,V-04,6,19.113755,72.845847,21.3,2026-06-15 07:08:11+05:30,2026-06-15 07:08:13+05:30
P-0000883,V-04,6,19.113076,72.845801,12.0,2026-06-15 07:08:28+05:30,2026-06-15 07:08:30+05:30
P-0000884,V-04,6,19.112296,72.845813,14.0,2026-06-15 07:08:46+05:30,2026-06-15 07:08:50+05:30
P-0000885,V-04,6,19.111456,72.845882,18.7,2026-06-15 07:09:03+05:30,2026-06-15 07:09:07+05:30
P-0000886,V-04,6,19.110514,72.845673,20.9,2026-06-15 07:09:23+05:30,2026-06-15 07:09:26+05:30
P-0000887,V-04,6,19.109634,72.845418,18.0,2026-06-15 07:09:44+05:30,2026-06-15 07:09:45+05:30
P-0000888,V-04,6,19.108606,72.845275,19.7,2026-06-15 07:10:06+05:30,2026-06-15 07:10:07+05:30
P-0000889,V-04,6,19.107703,72.845018,17.8,2026-06-15 07:10:23+05:30,2026-06-15 07:10:24+05:30
P-0000890,V-04,6,19.107114,72.845042,12.2,2026-06-15 07:10:41+05:30,2026-06-15 07:10:43+05:30
P-0000891,V-04,6,19.105989,72.84478,24.9,2026-06-15 07:11:04+05:30,2026-06-15 07:11:05+05:30
P-0000892,V-04,6,19.105042,72.844707,17.5,2026-06-15 07:11:27+05:30,2026-06-15 07:11:28+05:30
P-0000893,V-04,6,19.104095,72.844383,20.3,2026-06-15 07:11:47+05:30,2026-06-15 07:11:50+05:30
P-0000894,V-04,6,19.10305,72.844183,20.3,2026-06-15 07:12:07+05:30,2026-06-15 07:12:11+05:30
P-0000895,V-04,6,19.102098,72.843996,21.4,2026-06-15 07:12:30+05:30,2026-06-15 07:12:31+05:30
P-0000896,V-04,6,19.101219,72.843906,16.4,2026-06-15 07:12:49+05:30,2026-06-15 07:12:51+05:30
P-0000897,V-04,6,19.100407,72.843789,18.2,2026-06-15 07:13:06+05:30,2026-06-15 07:13:10+05:30
P-0000898,V-04,6,19.099491,72.843617,20.0,2026-06-15 07:13:28+05:30,2026-06-15 07:13:30+05:30
P-0000899,V-04,6,19.098455,72.843461,20.6,2026-06-15 07:13:51+05:30,2026-06-15 07:13:52+05:30
P-0000900,V-04,6,19.097263,72.843151,23.2,2026-06-15 07:14:14+05:30,2026-06-15 07:14:17+05:30
P-0000901,V-04,6,19.09638,72.843014,17.6,2026-06-15 07:14:34+05:30,2026-06-15 07:14:35+05:30
P-0000902,V-04,6,19.095514,72.842729,16.8,2026-06-15 07:14:54+05:30,2026-06-15 07:14:58+05:30
P-0000903,V-04,6,19.094817,72.842791,12.1,2026-06-15 07:15:11+05:30,2026-06-15 07:15:13+05:30
P-0000904,V-04,6,19.093711,72.842565,23.3,2026-06-15 07:15:33+05:30,2026-06-15 07:15:34+05:30
P-0000905,V-04,6,19.092985,72.842406,16.3,2026-06-15 07:15:51+05:30,2026-06-15 07:15:55+05:30
P-0000906,V-04,6,19.092002,72.842035,20.0,2026-06-15 07:16:13+05:30,2026-06-15 07:16:15+05:30
P-0000907,V-04,6,19.09112,72.841961,18.3,2026-06-15 07:16:32+05:30,2026-06-15 07:16:34+05:30
P-0000908,V-04,6,19.090229,72.841578,17.5,2026-06-15 07:16:52+05:30,2026-06-15 07:16:53+05:30
P-0000909,V-04,6,19.089393,72.841421,18.6,2026-06-15 07:17:13+05:30,2026-06-15 07:17:15+05:30
P-0000910,V-04,6,19.08851,72.841209,18.7,2026-06-15 07:17:33+05:30,2026-06-15 07:17:36+05:30
P-0000911,V-04,6,19.087515,72.840917,22.5,2026-06-15 07:17:53+05:30,2026-06-15 07:17:54+05:30
P-0000912,V-04,6,19.086859,72.840807,11.8,2026-06-15 07:18:10+05:30,2026-06-15 07:18:12+05:30
P-0000913,V-04,6,19.085668,72.840549,22.9,2026-06-15 07:18:33+05:30,2026-06-15 07:18:36+05:30
P-0000914,V-04,6,19.084957,72.84017,16.8,2026-06-15 07:18:53+05:30,2026-06-15 07:18:55+05:30
P-0000915,V-04,6,19.083791,72.840032,23.4,2026-06-15 07:19:15+05:30,2026-06-15 07:19:19+05:30
P-0000916,V-04,6,19.083084,72.839771,16.3,2026-06-15 07:19:35+05:30,2026-06-15 07:19:38+05:30
P-0000917,V-04,6,19.08209,72.839532,18.6,2026-06-15 07:19:56+05:30,2026-06-15 07:19:57+05:30
P-0000918,V-04,6,19.081215,72.839293,19.0,2026-06-15 07:20:17+05:30,2026-06-15 07:20:21+05:30
P-0000919,V-04,6,19.080224,72.839044,19.0,2026-06-15 07:20:39+05:30,2026-06-15 07:20:42+05:30
P-0000920,V-04,6,19.079267,72.838943,19.9,2026-06-15 07:21:00+05:30,2026-06-15 07:21:03+05:30
P-0000921,V-04,6,19.078405,72.838634,18.3,2026-06-15 07:21:20+05:30,2026-06-15 07:21:23+05:30
P-0000922,V-04,6,19.077282,72.838403,24.6,2026-06-15 07:21:41+05:30,2026-06-15 07:21:44+05:30
P-0000923,V-04,6,19.076452,72.838199,18.9,2026-06-15 07:21:59+05:30,2026-06-15 07:22:00+05:30
P-0000924,V-04,6,19.07574,72.837925,14.4,2026-06-15 07:22:18+05:30,2026-06-15 07:22:20+05:30
P-0000925,V-04,6,19.07477,72.837777,18.7,2026-06-15 07:22:40+05:30,2026-06-15 07:22:42+05:30
P-0000926,V-04,6,19.074011,72.837493,17.2,2026-06-15 07:22:58+05:30,2026-06-15 07:23:01+05:30
P-0000927,V-04,6,19.073121,72.83728,19.5,2026-06-15 07:23:17+05:30,2026-06-15 07:23:18+05:30
P-0000928,V-04,6,19.072111,72.837022,22.4,2026-06-15 07:23:39+05:30,2026-06-15 07:23:42+05:30
P-0000929,V-04,6,19.071161,72.836715,20.5,2026-06-15 07:24:01+05:30,2026-06-15 07:24:03+05:30
P-0000930,V-04,6,19.069984,72.836623,21.9,2026-06-15 07:24:24+05:30,2026-06-15 07:24:27+05:30
P-0000931,V-04,6,19.069383,72.836407,12.7,2026-06-15 07:24:42+05:30,2026-06-15 07:24:46+05:30
P-0000932,V-04,6,19.068388,72.83616,21.1,2026-06-15 07:25:01+05:30,2026-06-15 07:25:04+05:30
P-0000933,V-04,6,19.067527,72.835898,16.9,2026-06-15 07:25:19+05:30,2026-06-15 07:25:23+05:30
P-0000934,V-04,6,19.066641,72.835754,18.5,2026-06-15 07:25:42+05:30,2026-06-15 07:25:46+05:30
P-0000935,V-04,6,19.065755,72.835503,16.8,2026-06-15 07:26:01+05:30,2026-06-15 07:26:03+05:30
P-0000936,V-04,6,19.064965,72.835405,17.1,2026-06-15 07:26:18+05:30,2026-06-15 07:26:19+05:30
P-0000937,V-04,6,19.064218,72.835348,15.1,2026-06-15 07:26:36+05:30,2026-06-15 07:26:40+05:30
P-0000938,V-04,6,19.063469,72.834997,18.0,2026-06-15 07:26:53+05:30,2026-06-15 07:26:56+05:30
P-0000939,V-04,6,19.062511,72.834841,18.1,2026-06-15 07:27:11+05:30,2026-06-15 07:27:15+05:30
P-0000940,V-04,6,19.061731,72.834825,15.6,2026-06-15 07:27:31+05:30,2026-06-15 07:27:33+05:30
P-0000941,V-04,6,19.060693,72.834544,20.0,2026-06-15 07:27:53+05:30,2026-06-15 07:27:57+05:30
P-0000942,V-04,6,19.059804,72.834484,17.4,2026-06-15 07:28:12+05:30,2026-06-15 07:28:14+05:30
P-0000943,V-04,6,19.058931,72.834324,16.7,2026-06-15 07:28:30+05:30,2026-06-15 07:28:33+05:30
P-0000944,V-04,6,19.058146,72.834186,16.1,2026-06-15 07:28:47+05:30,2026-06-15 07:28:50+05:30
P-0000945,V-04,6,19.057361,72.833833,16.8,2026-06-15 07:29:06+05:30,2026-06-15 07:29:10+05:30
P-0000946,V-04,6,19.056548,72.833698,16.2,2026-06-15 07:29:25+05:30,2026-06-15 07:29:26+05:30
P-0000947,V-04,6,19.055588,72.833686,21.1,2026-06-15 07:29:44+05:30,2026-06-15 07:29:46+05:30
P-0000948,V-04,6,19.054732,72.833539,16.4,2026-06-15 07:30:04+05:30,2026-06-15 07:30:07+05:30
P-0000949,V-04,6,19.053752,72.833195,20.8,2026-06-15 07:30:26+05:30,2026-06-15 07:30:28+05:30
P-0000950,V-04,6,19.052698,72.833176,20.8,2026-06-15 07:30:48+05:30,2026-06-15 07:30:50+05:30
P-0000951,V-04,6,19.051848,72.832945,15.7,2026-06-15 07:31:08+05:30,2026-06-15 07:31:09+05:30
P-0000952,V-04,6,19.050808,72.832804,20.2,2026-06-15 07:31:30+05:30,2026-06-15 07:31:34+05:30
P-0000953,V-04,6,19.05,72.832519,16.5,2026-06-15 07:31:47+05:30,2026-06-15 07:31:48+05:30
P-0000954,V-04,6,19.049062,72.83236,18.4,2026-06-15 07:32:09+05:30,2026-06-15 07:32:11+05:30
P-0000955,V-04,6,19.048435,72.832297,13.6,2026-06-15 07:32:26+05:30,2026-06-15 07:32:27+05:30
P-0000956,V-04,6,19.047599,72.832272,16.9,2026-06-15 07:32:43+05:30,2026-06-15 07:32:47+05:30
P-0000957,V-04,6,19.046701,72.832295,17.0,2026-06-15 07:33:00+05:30,2026-06-15 07:33:04+05:30
P-0000958,V-04,6,19.04606,72.83232,12.2,2026-06-15 07:33:18+05:30,2026-06-15 07:33:21+05:30
P-0000959,V-04,6,19.04504,72.832189,21.1,2026-06-15 07:33:39+05:30,2026-06-15 07:33:40+05:30
P-0000960,V-04,6,19.044134,72.832414,20.3,2026-06-15 07:33:56+05:30,2026-06-15 07:33:57+05:30
P-0000961,V-04,6,19.043475,72.832453,14.2,2026-06-15 07:34:13+05:30,2026-06-15 07:34:15+05:30
P-0000962,V-04,6,19.042589,72.832481,16.5,2026-06-15 07:34:31+05:30,2026-06-15 07:34:34+05:30
P-0000963,V-04,6,19.041763,72.83241,16.1,2026-06-15 07:34:52+05:30,2026-06-15 07:34:56+05:30
P-0000964,V-04,6,19.040743,72.832565,20.5,2026-06-15 07:35:10+05:30,2026-06-15 07:35:11+05:30
P-0000965,V-04,6,19.039878,72.83254,16.9,2026-06-15 07:35:32+05:30,2026-06-15 07:35:36+05:30
P-0000966,V-04,6,19.038883,72.832616,20.3,2026-06-15 07:35:52+05:30,2026-06-15 07:35:55+05:30
P-0000967,V-04,6,19.038021,72.832693,17.9,2026-06-15 07:36:09+05:30,2026-06-15 07:36:13+05:30
P-0000968,V-04,6,19.037335,72.832674,12.3,2026-06-15 07:36:26+05:30,2026-06-15 07:36:27+05:30
P-0000969,V-04,6,19.0364,72.832698,19.9,2026-06-15 07:36:49+05:30,2026-06-15 07:36:52+05:30
P-0000970,V-04,6,19.03555,72.832815,18.3,2026-06-15 07:37:06+05:30,2026-06-15 07:37:09+05:30
P-0000971,V-04,6,19.034654,72.832651,17.8,2026-06-15 07:37:26+05:30,2026-06-15 07:37:28+05:30
P-0000972,V-04,6,19.033503,72.832787,24.7,2026-06-15 07:37:49+05:30,2026-06-15 07:37:52+05:30
P-0000973,V-04,6,19.032857,72.832839,12.2,2026-06-15 07:38:06+05:30,2026-06-15 07:38:07+05:30
P-0000974,V-04,6,19.031832,72.83298,20.0,2026-06-15 07:38:26+05:30,2026-06-15 07:38:28+05:30
P-0000975,V-04,6,19.030965,72.833055,16.3,2026-06-15 07:38:43+05:30,2026-06-15 07:38:44+05:30
P-0000976,V-04,6,19.030101,72.833036,17.0,2026-06-15 07:39:02+05:30,2026-06-15 07:39:03+05:30
P-0000977,V-04,6,19.029401,72.833,14.1,2026-06-15 07:39:20+05:30,2026-06-15 07:39:22+05:30
P-0000978,V-04,6,19.028427,72.833104,20.9,2026-06-15 07:39:38+05:30,2026-06-15 07:39:41+05:30
P-0000979,V-04,6,19.027645,72.832983,17.6,2026-06-15 07:39:58+05:30,2026-06-15 07:39:59+05:30
P-0000980,V-04,6,19.026811,72.833025,17.8,2026-06-15 07:40:16+05:30,2026-06-15 07:40:18+05:30
P-0000981,V-04,6,19.026047,72.83312,17.2,2026-06-15 07:40:33+05:30,2026-06-15 07:40:37+05:30
P-0000982,V-04,6,19.024914,72.833312,24.9,2026-06-15 07:40:55+05:30,2026-06-15 07:40:56+05:30
P-0000983,V-04,6,19.024272,72.833374,13.0,2026-06-15 07:41:13+05:30,2026-06-15 07:41:16+05:30
P-0000984,V-04,6,19.02328,72.833278,18.6,2026-06-15 07:41:31+05:30,2026-06-15 07:41:34+05:30
P-0000985,V-04,6,19.022484,72.833341,15.7,2026-06-15 07:41:51+05:30,2026-06-15 07:41:55+05:30
P-0000986,V-04,6,19.0213,72.833166,22.2,2026-06-15 07:42:14+05:30,2026-06-15 07:42:18+05:30
P-0000987,V-04,6,19.020659,72.832897,13.6,2026-06-15 07:42:32+05:30,2026-06-15 07:42:34+05:30
P-0000988,V-04,6,19.019749,72.832914,18.8,2026-06-15 07:42:53+05:30,2026-06-15 07:42:54+05:30
P-0000989,V-04,6,19.018539,72.832605,26.7,2026-06-15 07:43:15+05:30,2026-06-15 07:43:16+05:30
P-0000990,V-04,6,19.017807,72.832417,15.2,2026-06-15 07:43:32+05:30,2026-06-15 07:43:33+05:30
P-0000991,V-04,6,19.016898,72.832402,18.2,2026-06-15 07:43:54+05:30,2026-06-15 07:43:57+05:30
P-0000992,V-04,6,19.016159,72.832235,15.6,2026-06-15 07:44:12+05:30,2026-06-15 07:44:13+05:30
P-0000993,V-04,6,19.015052,72.831962,22.5,2026-06-15 07:44:33+05:30,2026-06-15 07:44:37+05:30
P-0000994,V-04,6,19.014191,72.831817,17.4,2026-06-15 07:44:54+05:30,2026-06-15 07:44:56+05:30
P-0000995,V-04,6,19.013325,72.831683,16.0,2026-06-15 07:45:12+05:30,2026-06-15 07:45:15+05:30
P-0000996,V-04,6,19.012482,72.831535,16.1,2026-06-15 07:45:30+05:30,2026-06-15 07:45:31+05:30
P-0000997,V-04,6,19.011633,72.831395,18.5,2026-06-15 07:45:52+05:30,2026-06-15 07:45:56+05:30
P-0000998,V-04,6,19.010643,72.831182,21.8,2026-06-15 07:46:12+05:30,2026-06-15 07:46:13+05:30
P-0000999,V-04,6,19.009693,72.831155,17.7,2026-06-15 07:46:33+05:30,2026-06-15 07:46:34+05:30
P-0001000,V-04,6,19.008753,72.831009,18.4,2026-06-15 07:46:51+05:30,2026-06-15 07:46:52+05:30
P-0001001,V-04,6,19.007906,72.830791,16.1,2026-06-15 07:47:12+05:30,2026-06-15 07:47:16+05:30
P-0001002,V-04,6,19.007016,72.830719,16.4,2026-06-15 07:47:30+05:30,2026-06-15 07:47:33+05:30
P-0001003,V-04,6,19.006325,72.830547,14.2,2026-06-15 07:47:47+05:30,2026-06-15 07:47:51+05:30
P-0001004,V-04,6,19.005309,72.830282,19.6,2026-06-15 07:48:07+05:30,2026-06-15 07:48:09+05:30
P-0001005,V-04,6,19.004311,72.830077,22.0,2026-06-15 07:48:30+05:30,2026-06-15 07:48:31+05:30
P-0001006,V-04,6,19.003436,72.829903,19.3,2026-06-15 07:48:50+05:30,2026-06-15 07:48:54+05:30
P-0001007,V-04,6,19.003365,72.829904,3.3,2026-06-15 07:49:08+05:30,2026-06-15 07:49:11+05:30
P-0001008,V-04,6,19.00349,72.829943,2.6,2026-06-15 07:49:25+05:30,2026-06-15 07:49:28+05:30
P-0001009,V-04,6,19.00346,72.829936,0.3,2026-06-15 07:49:43+05:30,2026-06-15 07:49:47+05:30
P-0001010,V-04,6,19.003426,72.830065,1.7,2026-06-15 07:50:06+05:30,2026-06-15 07:50:07+05:30
P-0001011,V-04,6,19.003372,72.829989,1.6,2026-06-15 07:50:29+05:30,2026-06-15 07:50:32+05:30
P-0001012,V-04,6,19.003454,72.829971,3.1,2026-06-15 07:50:48+05:30,2026-06-15 07:50:52+05:30
P-0001013,V-04,6,19.003365,72.829931,2.4,2026-06-15 07:51:08+05:30,2026-06-15 07:51:12+05:30
P-0001014,V-04,6,19.003511,72.830053,4.6,2026-06-15 07:51:29+05:30,2026-06-15 07:51:30+05:30
P-0001015,V-04,6,19.003455,72.829885,4.7,2026-06-15 07:51:47+05:30,2026-06-15 07:51:50+05:30
P-0001016,V-04,6,19.003426,72.830065,4.9,2026-06-15 07:52:06+05:30,2026-06-15 07:52:08+05:30
P-0001017,V-04,6,19.003323,72.829958,4.8,2026-06-15 07:52:28+05:30,2026-06-15 07:52:30+05:30
P-0001018,V-04,6,19.003354,72.829925,2.7,2026-06-15 07:52:47+05:30,2026-06-15 07:52:49+05:30
P-0001019,V-04,6,19.003361,72.830012,3.6,2026-06-15 07:53:09+05:30,2026-06-15 07:53:10+05:30
P-0001020,V-04,6,19.003468,72.830074,2.4,2026-06-15 07:53:28+05:30,2026-06-15 07:53:31+05:30
P-0001021,V-04,6,19.003314,72.829902,6.2,2026-06-15 07:53:46+05:30,2026-06-15 07:53:48+05:30
P-0001022,V-04,6,19.003333,72.829975,3.3,2026-06-15 07:54:09+05:30,2026-06-15 07:54:13+05:30
P-0001023,V-04,6,19.003493,72.830075,4.0,2026-06-15 07:54:30+05:30,2026-06-15 07:54:31+05:30
P-0001024,V-04,6,19.003293,72.830072,5.7,2026-06-15 07:54:48+05:30,2026-06-15 07:54:51+05:30
P-0001025,V-04,6,19.003372,72.830108,0.8,2026-06-15 07:55:07+05:30,2026-06-15 07:55:09+05:30
P-0001026,V-04,6,19.00329,72.830085,1.8,2026-06-15 07:55:28+05:30,2026-06-15 07:55:32+05:30
P-0001027,V-04,6,19.003368,72.830008,1.7,2026-06-15 07:55:45+05:30,2026-06-15 07:55:46+05:30
P-0001028,V-04,6,19.003467,72.829983,2.8,2026-06-15 07:56:02+05:30,2026-06-15 07:56:03+05:30
P-0001029,V-04,6,19.003369,72.829997,3.4,2026-06-15 07:56:22+05:30,2026-06-15 07:56:23+05:30
P-0001030,V-04,6,19.003451,72.829887,4.3,2026-06-15 07:56:43+05:30,2026-06-15 07:56:46+05:30
P-0001031,V-04,6,19.003295,72.829963,3.0,2026-06-15 07:57:04+05:30,2026-06-15 07:57:07+05:30
P-0001032,V-04,6,19.003421,72.829958,0.6,2026-06-15 07:57:25+05:30,2026-06-15 07:57:29+05:30
P-0001033,V-04,6,19.003299,72.829931,4.0,2026-06-15 07:57:44+05:30,2026-06-15 07:57:45+05:30
P-0001034,V-04,6,19.003473,72.830015,1.9,2026-06-15 07:58:07+05:30,2026-06-15 07:58:10+05:30
P-0001035,V-04,6,19.00344,72.830104,0.4,2026-06-15 07:58:26+05:30,2026-06-15 07:58:27+05:30
P-0001036,V-04,6,19.003423,72.83006,2.8,2026-06-15 07:58:48+05:30,2026-06-15 07:58:50+05:30
P-0001037,V-04,6,19.003467,72.83009,0.0,2026-06-15 07:59:06+05:30,2026-06-15 07:59:08+05:30
P-0001038,V-04,6,19.003432,72.829885,2.1,2026-06-15 07:59:23+05:30,2026-06-15 07:59:24+05:30
P-0001039,V-04,6,19.003412,72.830019,2.4,2026-06-15 07:59:46+05:30,2026-06-15 07:59:49+05:30
P-0001040,V-04,6,19.003428,72.829977,2.4,2026-06-15 08:00:04+05:30,2026-06-15 08:00:08+05:30
P-0001041,V-04,6,19.003373,72.830059,2.3,2026-06-15 08:00:21+05:30,2026-06-15 08:00:25+05:30
P-0001042,V-04,6,19.003341,72.830006,1.0,2026-06-15 08:00:39+05:30,2026-06-15 08:00:42+05:30
P-0001043,V-04,6,19.003311,72.829921,2.7,2026-06-15 08:00:57+05:30,2026-06-15 08:01:01+05:30
P-0001044,V-04,6,19.003352,72.829952,1.8,2026-06-15 08:01:19+05:30,2026-06-15 08:01:22+05:30
P-0001045,V-04,6,19.003506,72.829922,4.9,2026-06-15 08:01:36+05:30,2026-06-15 08:01:38+05:30
P-0001046,V-04,6,19.003285,72.829988,3.1,2026-06-15 08:01:54+05:30,2026-06-15 08:01:58+05:30
P-0001047,V-04,6,19.003302,72.830082,0.1,2026-06-15 08:02:11+05:30,2026-06-15 08:02:15+05:30
P-0001048,V-04,6,19.003471,72.830042,5.2,2026-06-15 08:02:28+05:30,2026-06-15 08:02:29+05:30
P-0001049,V-04,6,19.003437,72.830016,0.9,2026-06-15 08:02:48+05:30,2026-06-15 08:02:49+05:30
P-0001050,V-04,6,19.003489,72.829975,0.8,2026-06-15 08:03:06+05:30,2026-06-15 08:03:10+05:30
P-0001051,V-04,6,19.003318,72.830006,2.7,2026-06-15 08:03:27+05:30,2026-06-15 08:03:28+05:30
P-0001052,V-04,6,19.003348,72.83007,0.0,2026-06-15 08:03:46+05:30,2026-06-15 08:03:47+05:30
P-0001053,V-04,6,19.003378,72.830109,1.4,2026-06-15 08:04:07+05:30,2026-06-15 08:04:08+05:30
P-0001054,V-04,6,19.003398,72.830087,0.2,2026-06-15 08:04:24+05:30,2026-06-15 08:04:28+05:30
P-0001055,V-04,6,19.003287,72.830027,4.1,2026-06-15 08:04:44+05:30,2026-06-15 08:04:48+05:30
P-0001056,V-04,6,19.003373,72.829891,3.8,2026-06-15 08:05:06+05:30,2026-06-15 08:05:08+05:30
P-0001057,V-04,6,19.003487,72.829894,4.1,2026-06-15 08:05:27+05:30,2026-06-15 08:05:30+05:30
P-0001058,V-04,6,19.003429,72.830064,2.5,2026-06-15 08:05:46+05:30,2026-06-15 08:05:50+05:30
P-0001059,V-04,6,19.003461,72.829901,2.4,2026-06-15 08:06:05+05:30,2026-06-15 08:06:09+05:30
P-0001060,V-04,6,19.003308,72.830098,3.2,2026-06-15 08:06:27+05:30,2026-06-15 08:06:31+05:30
P-0001061,V-04,6,19.00343,72.8299,5.3,2026-06-15 08:06:50+05:30,2026-06-15 08:06:52+05:30
P-0001062,V-04,6,19.003377,72.829926,0.5,2026-06-15 08:07:09+05:30,2026-06-15 08:07:12+05:30
P-0001063,V-04,6,19.003318,72.830057,4.4,2026-06-15 08:07:32+05:30,2026-06-15 08:07:35+05:30
P-0001064,V-04,6,19.003351,72.829897,2.3,2026-06-15 08:07:51+05:30,2026-06-15 08:07:55+05:30
P-0001065,V-04,6,19.003333,72.829909,1.6,2026-06-15 08:08:12+05:30,2026-06-15 08:08:13+05:30
P-0001066,V-04,6,19.003407,72.830112,4.0,2026-06-15 08:08:33+05:30,2026-06-15 08:08:34+05:30
P-0001067,V-04,6,19.003494,72.829943,3.3,2026-06-15 08:08:53+05:30,2026-06-15 08:08:54+05:30
P-0001068,V-04,6,19.00347,72.829961,0.7,2026-06-15 08:09:16+05:30,2026-06-15 08:09:20+05:30
P-0001069,V-04,6,19.003307,72.829906,4.1,2026-06-15 08:09:35+05:30,2026-06-15 08:09:37+05:30
P-0001070,V-04,6,19.003331,72.830016,1.7,2026-06-15 08:09:52+05:30,2026-06-15 08:09:54+05:30
P-0001071,V-04,6,19.003481,72.829968,4.7,2026-06-15 08:10:12+05:30,2026-06-15 08:10:14+05:30
P-0001072,V-04,6,19.003417,72.830006,0.3,2026-06-15 08:10:35+05:30,2026-06-15 08:10:37+05:30
P-0001073,V-04,6,19.003291,72.830072,4.0,2026-06-15 08:10:58+05:30,2026-06-15 08:11:00+05:30
P-0001074,V-04,6,19.003477,72.830009,5.7,2026-06-15 08:11:17+05:30,2026-06-15 08:11:18+05:30
P-0001075,V-04,6,19.003343,72.829903,4.1,2026-06-15 08:11:39+05:30,2026-06-15 08:11:43+05:30
P-0001076,V-04,6,19.00333,72.829946,2.7,2026-06-15 08:11:57+05:30,2026-06-15 08:11:59+05:30
P-0001077,V-04,6,19.003419,72.83001,0.8,2026-06-15 08:12:16+05:30,2026-06-15 08:12:17+05:30
P-0001078,V-04,6,19.00337,72.829934,3.2,2026-06-15 08:12:35+05:30,2026-06-15 08:12:36+05:30
P-0001079,V-04,6,19.003502,72.829957,1.9,2026-06-15 08:12:54+05:30,2026-06-15 08:12:56+05:30
P-0001080,V-04,6,19.00348,72.82991,2.7,2026-06-15 08:13:12+05:30,2026-06-15 08:13:16+05:30
P-0001081,V-04,6,19.003323,72.829974,4.7,2026-06-15 08:13:34+05:30,2026-06-15 08:13:36+05:30
P-0001082,V-04,6,19.003421,72.82997,3.1,2026-06-15 08:13:56+05:30,2026-06-15 08:13:57+05:30
P-0001083,V-04,6,19.003296,72.830089,2.6,2026-06-15 08:14:17+05:30,2026-06-15 08:14:18+05:30
P-0001084,V-04,6,19.003335,72.829887,4.2,2026-06-15 08:14:34+05:30,2026-06-15 08:14:38+05:30
P-0001085,V-04,6,19.003427,72.829886,2.5,2026-06-15 08:14:52+05:30,2026-06-15 08:14:56+05:30
P-0001086,V-05,5,19.075926,73.000856,3.5,2026-06-15 06:55:00+05:30,2026-06-15 06:55:04+05:30
P-0001087,V-05,5,19.07572,72.99996,19.0,2026-06-15 06:55:19+05:30,2026-06-15 06:55:22+05:30
P-0001088,V-05,5,19.075418,72.998765,23.6,2026-06-15 06:55:42+05:30,2026-06-15 06:55:45+05:30
P-0001089,V-05,5,19.075179,72.997536,24.8,2026-06-15 06:56:03+05:30,2026-06-15 06:56:05+05:30
P-0001090,V-05,5,19.074966,72.996555,18.3,2026-06-15 06:56:24+05:30,2026-06-15 06:56:27+05:30
P-0001091,V-05,5,19.074667,72.995534,18.4,2026-06-15 06:56:45+05:30,2026-06-15 06:56:48+05:30
P-0001092,V-05,5,19.074395,72.994298,25.5,2026-06-15 06:57:08+05:30,2026-06-15 06:57:09+05:30
P-0001093,V-05,5,19.074301,72.993484,16.3,2026-06-15 06:57:26+05:30,2026-06-15 06:57:27+05:30
P-0001094,V-05,5,19.073957,72.99257,20.1,2026-06-15 06:57:44+05:30,2026-06-15 06:57:46+05:30
P-0001095,V-05,5,19.073803,72.991609,18.5,2026-06-15 06:58:06+05:30,2026-06-15 06:58:10+05:30
P-0001096,V-05,5,19.073444,72.990377,25.4,2026-06-15 06:58:26+05:30,2026-06-15 06:58:30+05:30
P-0001097,V-05,5,19.073093,72.989347,20.7,2026-06-15 06:58:47+05:30,2026-06-15 06:58:50+05:30
P-0001098,V-05,5,19.07281,72.988492,17.1,2026-06-15 06:59:08+05:30,2026-06-15 06:59:09+05:30
P-0001099,V-05,5,19.072524,72.987174,24.5,2026-06-15 06:59:31+05:30,2026-06-15 06:59:34+05:30
P-0001100,V-05,5,19.072331,72.986461,12.5,2026-06-15 06:59:48+05:30,2026-06-15 06:59:51+05:30
P-0001101,V-05,5,19.072267,72.985545,15.5,2026-06-15 07:00:05+05:30,2026-06-15 07:00:09+05:30
P-0001102,V-05,5,19.072046,72.984762,15.9,2026-06-15 07:00:23+05:30,2026-06-15 07:00:25+05:30
P-0001103,V-05,5,19.071673,72.98359,24.5,2026-06-15 07:00:43+05:30,2026-06-15 07:00:45+05:30
P-0001104,V-05,5,19.071502,72.982454,19.8,2026-06-15 07:01:06+05:30,2026-06-15 07:01:07+05:30
P-0001105,V-05,5,19.071201,72.981389,19.7,2026-06-15 07:01:27+05:30,2026-06-15 07:01:29+05:30
P-0001106,V-05,5,19.070913,72.980411,18.8,2026-06-15 07:01:50+05:30,2026-06-15 07:01:53+05:30
P-0001107,V-05,5,19.070545,72.979324,22.8,2026-06-15 07:02:11+05:30,2026-06-15 07:02:15+05:30
P-0001108,V-05,5,19.070452,72.978157,23.6,2026-06-15 07:02:33+05:30,2026-06-15 07:02:35+05:30
P-0001109,V-05,5,19.07017,72.97719,18.3,2026-06-15 07:02:54+05:30,2026-06-15 07:02:55+05:30
P-0001110,V-05,5,19.069636,72.976185,23.1,2026-06-15 07:03:15+05:30,2026-06-15 07:03:18+05:30
P-0001111,V-05,5,19.069428,72.975064,20.8,2026-06-15 07:03:34+05:30,2026-06-15 07:03:35+05:30
P-0001112,V-05,5,19.069032,72.97417,19.5,2026-06-15 07:03:54+05:30,2026-06-15 07:03:58+05:30
P-0001113,V-05,5,19.068725,72.97332,18.9,2026-06-15 07:04:11+05:30,2026-06-15 07:04:12+05:30
P-0001114,V-05,5,19.068525,72.972372,19.4,2026-06-15 07:04:30+05:30,2026-06-15 07:04:33+05:30
P-0001115,V-05,5,19.068082,72.97157,16.0,2026-06-15 07:04:50+05:30,2026-06-15 07:04:52+05:30
P-0001116,V-05,5,19.067965,72.970518,21.8,2026-06-15 07:05:08+05:30,2026-06-15 07:05:10+05:30
P-0001117,V-05,5,19.067447,72.969584,20.5,2026-06-15 07:05:28+05:30,2026-06-15 07:05:29+05:30
P-0001118,V-05,5,19.067114,72.968634,20.6,2026-06-15 07:05:49+05:30,2026-06-15 07:05:53+05:30
P-0001119,V-05,5,19.066747,72.967685,18.8,2026-06-15 07:06:08+05:30,2026-06-15 07:06:09+05:30
P-0001120,V-05,5,19.066604,72.966435,22.6,2026-06-15 07:06:31+05:30,2026-06-15 07:06:32+05:30
P-0001121,V-05,5,19.066229,72.965603,16.1,2026-06-15 07:06:50+05:30,2026-06-15 07:06:52+05:30
P-0001122,V-05,5,19.065762,72.964681,20.5,2026-06-15 07:07:08+05:30,2026-06-15 07:07:12+05:30
P-0001123,V-05,5,19.065668,72.963835,17.5,2026-06-15 07:07:26+05:30,2026-06-15 07:07:30+05:30
P-0001124,V-05,5,19.065353,72.962998,15.5,2026-06-15 07:07:45+05:30,2026-06-15 07:07:47+05:30
P-0001125,V-05,5,19.065096,72.962,20.2,2026-06-15 07:08:02+05:30,2026-06-15 07:08:03+05:30
P-0001126,V-05,5,19.064573,72.961122,19.5,2026-06-15 07:08:23+05:30,2026-06-15 07:08:25+05:30
P-0001127,V-05,5,19.064359,72.959978,23.3,2026-06-15 07:08:44+05:30,2026-06-15 07:08:45+05:30
P-0001128,V-05,5,19.064003,72.958979,19.2,2026-06-15 07:09:07+05:30,2026-06-15 07:09:08+05:30
P-0001129,V-05,5,19.063595,72.958186,18.3,2026-06-15 07:09:24+05:30,2026-06-15 07:09:25+05:30
P-0001130,V-05,5,19.063318,72.957052,24.0,2026-06-15 07:09:46+05:30,2026-06-15 07:09:49+05:30
P-0001131,V-05,5,19.062892,72.956156,18.7,2026-06-15 07:10:06+05:30,2026-06-15 07:10:10+05:30
P-0001132,V-05,5,19.062474,72.955083,21.9,2026-06-15 07:10:28+05:30,2026-06-15 07:10:30+05:30
P-0001133,V-05,5,19.062172,72.954083,18.7,2026-06-15 07:10:47+05:30,2026-06-15 07:10:50+05:30
P-0001134,V-05,5,19.062064,72.953117,16.8,2026-06-15 07:11:05+05:30,2026-06-15 07:11:06+05:30
P-0001135,V-05,5,19.061669,72.952298,17.1,2026-06-15 07:11:23+05:30,2026-06-15 07:11:26+05:30
P-0001136,V-05,5,19.061264,72.951372,17.4,2026-06-15 07:11:41+05:30,2026-06-15 07:11:42+05:30
P-0001137,V-05,5,19.060931,72.950448,17.8,2026-06-15 07:12:03+05:30,2026-06-15 07:12:06+05:30
P-0001138,V-05,5,19.060581,72.949252,24.8,2026-06-15 07:12:25+05:30,2026-06-15 07:12:29+05:30
P-0001139,V-05,5,19.06027,72.948541,13.9,2026-06-15 07:12:42+05:30,2026-06-15 07:12:45+05:30
P-0001140,V-05,5,19.059995,72.947653,17.7,2026-06-15 07:13:00+05:30,2026-06-15 07:13:04+05:30
P-0001141,V-05,5,19.059692,72.946394,25.7,2026-06-15 07:13:23+05:30,2026-06-15 07:13:24+05:30
P-0001142,V-05,5,19.059415,72.945407,20.1,2026-06-15 07:13:42+05:30,2026-06-15 07:13:46+05:30
P-0001143,V-05,5,19.059316,72.944559,18.0,2026-06-15 07:13:59+05:30,2026-06-15 07:14:01+05:30
P-0001144,V-05,5,19.059017,72.943525,20.9,2026-06-15 07:14:21+05:30,2026-06-15 07:14:23+05:30
P-0001145,V-05,5,19.058579,72.942663,18.8,2026-06-15 07:14:41+05:30,2026-06-15 07:14:45+05:30
P-0001146,V-05,5,19.058492,72.941829,16.1,2026-06-15 07:14:58+05:30,2026-06-15 07:15:01+05:30
P-0001147,V-05,5,19.058257,72.940667,24.4,2026-06-15 07:15:19+05:30,2026-06-15 07:15:21+05:30
P-0001148,V-05,5,19.05794,72.939748,18.0,2026-06-15 07:15:37+05:30,2026-06-15 07:15:39+05:30
P-0001149,V-05,5,19.057697,72.938656,21.8,2026-06-15 07:15:58+05:30,2026-06-15 07:16:02+05:30
P-0001150,V-05,5,19.057486,72.937692,19.3,2026-06-15 07:16:18+05:30,2026-06-15 07:16:22+05:30
P-0001151,V-05,5,19.057225,72.936789,19.4,2026-06-15 07:16:38+05:30,2026-06-15 07:16:41+05:30
P-0001152,V-05,5,19.056844,72.935873,20.6,2026-06-15 07:16:57+05:30,2026-06-15 07:17:00+05:30
P-0001153,V-05,5,19.056634,72.93509,15.0,2026-06-15 07:17:14+05:30,2026-06-15 07:17:15+05:30
P-0001154,V-05,5,19.056479,72.933955,22.4,2026-06-15 07:17:33+05:30,2026-06-15 07:17:35+05:30
P-0001155,V-05,5,19.056186,72.933287,15.2,2026-06-15 07:17:50+05:30,2026-06-15 07:17:52+05:30
P-0001156,V-05,5,19.055931,72.932389,18.4,2026-06-15 07:18:08+05:30,2026-06-15 07:18:09+05:30
P-0001157,V-05,5,19.055777,72.931338,20.2,2026-06-15 07:18:27+05:30,2026-06-15 07:18:30+05:30
P-0001158,V-05,5,19.05547,72.930509,15.2,2026-06-15 07:18:45+05:30,2026-06-15 07:18:47+05:30
P-0001159,V-05,5,19.055236,72.929591,20.0,2026-06-15 07:19:02+05:30,2026-06-15 07:19:04+05:30
P-0001160,V-05,5,19.054964,72.928639,17.3,2026-06-15 07:19:23+05:30,2026-06-15 07:19:24+05:30
P-0001161,V-05,5,19.054719,72.927493,20.9,2026-06-15 07:19:44+05:30,2026-06-15 07:19:46+05:30
P-0001162,V-05,5,19.054307,72.926598,17.7,2026-06-15 07:20:02+05:30,2026-06-15 07:20:06+05:30
P-0001163,V-05,5,19.054195,72.925777,17.2,2026-06-15 07:20:21+05:30,2026-06-15 07:20:24+05:30
P-0001164,V-05,5,19.053914,72.924704,20.3,2026-06-15 07:20:42+05:30,2026-06-15 07:20:45+05:30
P-0001165,V-05,5,19.053652,72.923735,19.0,2026-06-15 07:20:59+05:30,2026-06-15 07:21:03+05:30
P-0001166,V-05,5,19.053427,72.922729,18.2,2026-06-15 07:21:19+05:30,2026-06-15 07:21:21+05:30
P-0001167,V-05,5,19.053071,72.921983,17.7,2026-06-15 07:21:36+05:30,2026-06-15 07:21:39+05:30
P-0001168,V-05,5,19.052812,72.92108,17.1,2026-06-15 07:21:56+05:30,2026-06-15 07:22:00+05:30
P-0001169,V-05,5,19.052417,72.920187,20.2,2026-06-15 07:22:14+05:30,2026-06-15 07:22:18+05:30
P-0001170,V-05,5,19.052106,72.919076,20.2,2026-06-15 07:22:34+05:30,2026-06-15 07:22:37+05:30
P-0001171,V-05,5,19.051898,72.917902,22.4,2026-06-15 07:22:57+05:30,2026-06-15 07:23:01+05:30
P-0001172,V-05,5,19.051578,72.917069,16.3,2026-06-15 07:23:17+05:30,2026-06-15 07:23:19+05:30
P-0001173,V-05,5,19.051171,72.915953,23.9,2026-06-15 07:23:39+05:30,2026-06-15 07:23:42+05:30
P-0001174,V-05,5,19.050828,72.914983,18.4,2026-06-15 07:23:57+05:30,2026-06-15 07:23:58+05:30
P-0001175,V-05,5,19.050372,72.914177,17.6,2026-06-15 07:24:17+05:30,2026-06-15 07:24:20+05:30
P-0001176,V-05,5,19.05016,72.913093,21.0,2026-06-15 07:24:39+05:30,2026-06-15 07:24:42+05:30
P-0001177,V-05,5,19.049696,72.91202,20.4,2026-06-15 07:25:00+05:30,2026-06-15 07:25:02+05:30
P-0001178,V-05,5,19.049399,72.911137,18.9,2026-06-15 07:25:18+05:30,2026-06-15 07:25:19+05:30
P-0001179,V-05,5,19.049085,72.910139,20.9,2026-06-15 07:25:39+05:30,2026-06-15 07:25:43+05:30
P-0001180,V-05,5,19.048819,72.909325,15.7,2026-06-15 07:25:56+05:30,2026-06-15 07:25:58+05:30
P-0001181,V-05,5,19.04858,72.908285,22.0,2026-06-15 07:26:15+05:30,2026-06-15 07:26:18+05:30
P-0001182,V-05,5,19.048215,72.907284,19.1,2026-06-15 07:26:38+05:30,2026-06-15 07:26:39+05:30
P-0001183,V-05,5,19.047888,72.906474,16.5,2026-06-15 07:26:56+05:30,2026-06-15 07:26:58+05:30
P-0001184,V-05,5,19.04741,72.905167,27.0,2026-06-15 07:27:19+05:30,2026-06-15 07:27:22+05:30
P-0001185,V-05,5,19.047124,72.904326,16.0,2026-06-15 07:27:36+05:30,2026-06-15 07:27:39+05:30
P-0001186,V-05,5,19.046962,72.903477,15.0,2026-06-15 07:27:56+05:30,2026-06-15 07:27:58+05:30
P-0001187,V-05,5,19.046635,72.902475,18.5,2026-06-15 07:28:17+05:30,2026-06-15 07:28:19+05:30
P-0001188,V-05,5,19.046241,72.901533,19.2,2026-06-15 07:28:34+05:30,2026-06-15 07:28:38+05:30
P-0001189,V-05,5,19.045929,72.900746,17.7,2026-06-15 07:28:53+05:30,2026-06-15 07:28:54+05:30
P-0001190,V-05,5,19.045676,72.899685,21.4,2026-06-15 07:29:14+05:30,2026-06-15 07:29:17+05:30
P-0001191,V-05,5,19.045335,72.898877,16.0,2026-06-15 07:29:32+05:30,2026-06-15 07:29:33+05:30
P-0001192,V-05,5,19.04485,72.897691,24.6,2026-06-15 07:29:55+05:30,2026-06-15 07:29:56+05:30
P-0001193,V-05,5,19.044538,72.896527,21.3,2026-06-15 07:30:18+05:30,2026-06-15 07:30:21+05:30
P-0001194,V-05,5,19.044316,72.89558,17.4,2026-06-15 07:30:35+05:30,2026-06-15 07:30:39+05:30
P-0001195,V-05,5,19.043976,72.894554,19.0,2026-06-15 07:30:57+05:30,2026-06-15 07:31:01+05:30
P-0001196,V-05,5,19.043723,72.893802,15.9,2026-06-15 07:31:14+05:30,2026-06-15 07:31:15+05:30
P-0001197,V-05,5,19.04344,72.89263,22.1,2026-06-15 07:31:37+05:30,2026-06-15 07:31:40+05:30
P-0001198,V-05,5,19.042999,72.89156,20.4,2026-06-15 07:31:59+05:30,2026-06-15 07:32:01+05:30
P-0001199,V-05,5,19.042664,72.890546,19.2,2026-06-15 07:32:18+05:30,2026-06-15 07:32:20+05:30
P-0001200,V-05,5,19.042346,72.88956,21.1,2026-06-15 07:32:41+05:30,2026-06-15 07:32:44+05:30
P-0001201,V-05,5,19.04195,72.888411,24.6,2026-06-15 07:33:01+05:30,2026-06-15 07:33:05+05:30
P-0001202,V-05,5,19.041825,72.8875,15.7,2026-06-15 07:33:20+05:30,2026-06-15 07:33:23+05:30
P-0001203,V-05,5,19.04144,72.886375,21.1,2026-06-15 07:33:43+05:30,2026-06-15 07:33:47+05:30
P-0001204,V-05,5,19.041077,72.885402,17.8,2026-06-15 07:34:06+05:30,2026-06-15 07:34:09+05:30
P-0001205,V-05,5,19.040826,72.88429,22.7,2026-06-15 07:34:25+05:30,2026-06-15 07:34:26+05:30
P-0001206,V-05,5,19.040616,72.883563,14.5,2026-06-15 07:34:42+05:30,2026-06-15 07:34:45+05:30
P-0001207,V-05,5,19.040253,72.882476,21.5,2026-06-15 07:35:04+05:30,2026-06-15 07:35:07+05:30
P-0001208,V-05,5,19.039797,72.881446,21.9,2026-06-15 07:35:24+05:30,2026-06-15 07:35:25+05:30
P-0001209,V-05,5,19.039482,72.880495,20.7,2026-06-15 07:35:44+05:30,2026-06-15 07:35:47+05:30
P-0001210,V-05,5,19.039278,72.879375,20.6,2026-06-15 07:36:05+05:30,2026-06-15 07:36:07+05:30
P-0001211,V-05,5,19.038875,72.878542,17.9,2026-06-15 07:36:22+05:30,2026-06-15 07:36:26+05:30
P-0001212,V-05,5,19.03861,72.877833,15.1,2026-06-15 07:36:40+05:30,2026-06-15 07:36:41+05:30
P-0001213,V-05,5,19.038269,72.876702,24.2,2026-06-15 07:37:02+05:30,2026-06-15 07:37:05+05:30
P-0001214,V-05,5,19.038189,72.875753,17.2,2026-06-15 07:37:22+05:30,2026-06-15 07:37:23+05:30
P-0001215,V-05,5,19.037783,72.874826,18.4,2026-06-15 07:37:42+05:30,2026-06-15 07:37:43+05:30
P-0001216,V-05,5,19.037489,72.873893,18.2,2026-06-15 07:38:00+05:30,2026-06-15 07:38:01+05:30
P-0001217,V-05,5,19.037108,72.872698,25.9,2026-06-15 07:38:23+05:30,2026-06-15 07:38:26+05:30
P-0001218,V-05,5,19.036731,72.87167,19.0,2026-06-15 07:38:43+05:30,2026-06-15 07:38:44+05:30
P-0001219,V-05,5,19.036638,72.870887,15.6,2026-06-15 07:39:02+05:30,2026-06-15 07:39:04+05:30
P-0001220,V-05,5,19.03633,72.869639,26.2,2026-06-15 07:39:24+05:30,2026-06-15 07:39:26+05:30
P-0001221,V-05,5,19.035845,72.868519,24.5,2026-06-15 07:39:47+05:30,2026-06-15 07:39:50+05:30
P-0001222,V-05,5,19.035282,72.867861,18.6,2026-06-15 07:40:05+05:30,2026-06-15 07:40:07+05:30
P-0001223,V-05,5,19.034873,72.866922,20.2,2026-06-15 07:40:23+05:30,2026-06-15 07:40:24+05:30
P-0001224,V-05,5,19.034337,72.866225,15.3,2026-06-15 07:40:43+05:30,2026-06-15 07:40:46+05:30
P-0001225,V-05,5,19.033771,72.865341,21.4,2026-06-15 07:41:03+05:30,2026-06-15 07:41:04+05:30
P-0001226,V-05,5,19.033386,72.864313,20.2,2026-06-15 07:41:22+05:30,2026-06-15 07:41:24+05:30
P-0001227,V-05,5,19.032984,72.863529,16.4,2026-06-15 07:41:39+05:30,2026-06-15 07:41:41+05:30
P-0001228,V-05,5,19.032468,72.862669,17.3,2026-06-15 07:42:01+05:30,2026-06-15 07:42:05+05:30
P-0001229,V-05,5,19.031941,72.861659,23.6,2026-06-15 07:42:22+05:30,2026-06-15 07:42:25+05:30
P-0001230,V-05,5,19.031518,72.860951,16.3,2026-06-15 07:42:42+05:30,2026-06-15 07:42:46+05:30
P-0001231,V-05,5,19.030884,72.859974,24.3,2026-06-15 07:42:59+05:30,2026-06-15 07:43:00+05:30
P-0001232,V-05,5,19.030556,72.859344,13.0,2026-06-15 07:43:18+05:30,2026-06-15 07:43:19+05:30
P-0001233,V-05,5,19.029851,72.858205,26.5,2026-06-15 07:43:39+05:30,2026-06-15 07:43:40+05:30
P-0001234,V-05,5,19.029478,72.85737,19.1,2026-06-15 07:44:02+05:30,2026-06-15 07:44:04+05:30
P-0001235,V-05,5,19.029051,72.856449,19.1,2026-06-15 07:44:20+05:30,2026-06-15 07:44:23+05:30
P-0001236,V-05,5,19.028501,72.855551,18.7,2026-06-15 07:44:41+05:30,2026-06-15 07:44:45+05:30
P-0001237,V-05,5,19.027799,72.85469,21.7,2026-06-15 07:45:02+05:30,2026-06-15 07:45:06+05:30
P-0001238,V-05,5,19.027421,72.853771,20.3,2026-06-15 07:45:19+05:30,2026-06-15 07:45:22+05:30
P-0001239,V-05,5,19.026881,72.852795,20.3,2026-06-15 07:45:42+05:30,2026-06-15 07:45:45+05:30
P-0001240,V-05,5,19.026209,72.851822,22.5,2026-06-15 07:46:05+05:30,2026-06-15 07:46:06+05:30
P-0001241,V-05,5,19.025937,72.851158,15.2,2026-06-15 07:46:23+05:30,2026-06-15 07:46:27+05:30
P-0001242,V-05,5,19.025535,72.850333,17.5,2026-06-15 07:46:40+05:30,2026-06-15 07:46:41+05:30
P-0001243,V-05,5,19.024915,72.849435,20.1,2026-06-15 07:46:58+05:30,2026-06-15 07:47:01+05:30
P-0001244,V-05,5,19.024532,72.848776,13.8,2026-06-15 07:47:15+05:30,2026-06-15 07:47:16+05:30
P-0001245,V-05,5,19.024023,72.847832,19.7,2026-06-15 07:47:36+05:30,2026-06-15 07:47:37+05:30
P-0001246,V-05,5,19.023457,72.846748,22.0,2026-06-15 07:47:59+05:30,2026-06-15 07:48:00+05:30
P-0001247,V-05,5,19.022743,72.845811,21.0,2026-06-15 07:48:22+05:30,2026-06-15 07:48:23+05:30
P-0001248,V-05,5,19.022563,72.844674,21.4,2026-06-15 07:48:45+05:30,2026-06-15 07:48:49+05:30
P-0001249,V-05,5,19.022366,72.84363,19.0,2026-06-15 07:49:03+05:30,2026-06-15 07:49:05+05:30
P-0001250,V-05,5,19.022234,72.8426,21.4,2026-06-15 07:49:23+05:30,2026-06-15 07:49:25+05:30
P-0001251,V-05,5,19.021987,72.841564,19.0,2026-06-15 07:49:43+05:30,2026-06-15 07:49:44+05:30
P-0001252,V-05,5,19.021824,72.840664,19.0,2026-06-15 07:50:01+05:30,2026-06-15 07:50:02+05:30
P-0001253,V-05,5,19.021727,72.839594,21.2,2026-06-15 07:50:23+05:30,2026-06-15 07:50:26+05:30
P-0001254,V-05,5,19.021545,72.838519,22.1,2026-06-15 07:50:45+05:30,2026-06-15 07:50:48+05:30
P-0001255,V-05,5,19.021323,72.837489,19.3,2026-06-15 07:51:04+05:30,2026-06-15 07:51:07+05:30
P-0001256,V-05,5,19.021192,72.836793,14.3,2026-06-15 07:51:21+05:30,2026-06-15 07:51:23+05:30
P-0001257,V-05,5,19.020983,72.835612,22.5,2026-06-15 07:51:43+05:30,2026-06-15 07:51:44+05:30
P-0001258,V-05,5,19.020869,72.834666,18.7,2026-06-15 07:52:02+05:30,2026-06-15 07:52:03+05:30
P-0001259,V-05,5,19.020683,72.833829,15.5,2026-06-15 07:52:19+05:30,2026-06-15 07:52:20+05:30
P-0001260,V-05,5,19.020654,72.832808,18.5,2026-06-15 07:52:36+05:30,2026-06-15 07:52:40+05:30
P-0001261,V-05,5,19.02048,72.831997,16.3,2026-06-15 07:52:53+05:30,2026-06-15 07:52:56+05:30
P-0001262,V-05,5,19.020107,72.831039,19.1,2026-06-15 07:53:14+05:30,2026-06-15 07:53:17+05:30
P-0001263,V-05,5,19.020067,72.82987,22.9,2026-06-15 07:53:33+05:30,2026-06-15 07:53:34+05:30
P-0001264,V-05,5,19.019873,72.828935,19.2,2026-06-15 07:53:52+05:30,2026-06-15 07:53:53+05:30
P-0001265,V-05,5,19.019619,72.827785,24.0,2026-06-15 07:54:14+05:30,2026-06-15 07:54:18+05:30
P-0001266,V-05,5,19.019574,72.827018,14.4,2026-06-15 07:54:32+05:30,2026-06-15 07:54:35+05:30
P-0001267,V-05,5,19.019384,72.825897,20.0,2026-06-15 07:54:55+05:30,2026-06-15 07:54:57+05:30
P-0001268,V-05,5,19.019271,72.824617,23.7,2026-06-15 07:55:16+05:30,2026-06-15 07:55:18+05:30
P-0001269,V-05,5,19.01905,72.823788,17.6,2026-06-15 07:55:35+05:30,2026-06-15 07:55:37+05:30
P-0001270,V-05,5,19.018803,72.822688,21.2,2026-06-15 07:55:54+05:30,2026-06-15 07:55:56+05:30
P-0001271,V-05,5,19.018696,72.821987,13.2,2026-06-15 07:56:12+05:30,2026-06-15 07:56:14+05:30
P-0001272,V-05,5,19.018407,72.820599,28.3,2026-06-15 07:56:35+05:30,2026-06-15 07:56:38+05:30
P-0001273,V-05,5,19.018273,72.819735,14.9,2026-06-15 07:56:55+05:30,2026-06-15 07:56:56+05:30
P-0001274,V-05,5,19.018203,72.818662,21.1,2026-06-15 07:57:16+05:30,2026-06-15 07:57:20+05:30
P-0001275,V-05,5,19.017982,72.817422,23.2,2026-06-15 07:57:39+05:30,2026-06-15 07:57:42+05:30
P-0001276,V-05,5,19.017676,72.816527,18.9,2026-06-15 07:57:58+05:30,2026-06-15 07:58:00+05:30
P-0001277,V-05,5,19.017596,72.815609,16.5,2026-06-15 07:58:16+05:30,2026-06-15 07:58:18+05:30
P-0001278,V-05,5,19.017634,72.81567,2.7,2026-06-15 07:58:34+05:30,2026-06-15 07:58:37+05:30
P-0001279,V-05,5,19.017578,72.815668,2.0,2026-06-15 07:58:52+05:30,2026-06-15 07:58:53+05:30
P-0001280,V-05,5,19.017639,72.815662,2.9,2026-06-15 07:59:13+05:30,2026-06-15 07:59:14+05:30
P-0001281,V-05,5,19.017717,72.815643,1.2,2026-06-15 07:59:30+05:30,2026-06-15 07:59:34+05:30
P-0001282,V-05,5,19.017685,72.815529,0.9,2026-06-15 07:59:52+05:30,2026-06-15 07:59:56+05:30
P-0001283,V-05,5,19.017714,72.815605,2.9,2026-06-15 08:00:12+05:30,2026-06-15 08:00:13+05:30
P-0001284,V-05,5,19.017716,72.815646,1.1,2026-06-15 08:00:33+05:30,2026-06-15 08:00:37+05:30
P-0001285,V-05,5,19.017558,72.815671,2.2,2026-06-15 08:00:55+05:30,2026-06-15 08:00:58+05:30
P-0001286,V-05,5,19.017574,72.815514,2.0,2026-06-15 08:01:12+05:30,2026-06-15 08:01:14+05:30
P-0001287,V-05,5,19.017569,72.815493,2.0,2026-06-15 08:01:34+05:30,2026-06-15 08:01:37+05:30
P-0001288,V-05,5,19.017524,72.815689,5.0,2026-06-15 08:01:56+05:30,2026-06-15 08:01:59+05:30
P-0001289,V-05,5,19.017545,72.815586,3.0,2026-06-15 08:02:17+05:30,2026-06-15 08:02:20+05:30
P-0001290,V-05,5,19.017647,72.815507,1.3,2026-06-15 08:02:39+05:30,2026-06-15 08:02:40+05:30
P-0001291,V-05,5,19.017481,72.815597,2.9,2026-06-15 08:02:59+05:30,2026-06-15 08:03:00+05:30
P-0001292,V-05,5,19.017492,72.815673,0.2,2026-06-15 08:03:18+05:30,2026-06-15 08:03:19+05:30
P-0001293,V-05,5,19.017505,72.815683,0.2,2026-06-15 08:03:35+05:30,2026-06-15 08:03:39+05:30
P-0001294,V-05,5,19.017537,72.815613,1.1,2026-06-15 08:03:56+05:30,2026-06-15 08:03:59+05:30
P-0001295,V-05,5,19.017514,72.815501,1.1,2026-06-15 08:04:13+05:30,2026-06-15 08:04:15+05:30
P-0001296,V-05,5,19.017549,72.81561,0.5,2026-06-15 08:04:36+05:30,2026-06-15 08:04:37+05:30
P-0001297,V-05,5,19.017537,72.815705,1.8,2026-06-15 08:04:53+05:30,2026-06-15 08:04:56+05:30
P-0001298,V-05,5,19.017569,72.815566,3.4,2026-06-15 08:05:14+05:30,2026-06-15 08:05:17+05:30
P-0001299,V-05,5,19.017558,72.815667,0.4,2026-06-15 08:05:32+05:30,2026-06-15 08:05:34+05:30
P-0001300,V-05,5,19.01758,72.815692,0.0,2026-06-15 08:05:55+05:30,2026-06-15 08:05:56+05:30
P-0001301,V-05,5,19.017535,72.815513,4.1,2026-06-15 08:06:17+05:30,2026-06-15 08:06:19+05:30
P-0001302,V-05,5,19.017557,72.815693,3.3,2026-06-15 08:06:34+05:30,2026-06-15 08:06:35+05:30
P-0001303,V-05,5,19.017522,72.815596,3.7,2026-06-15 08:06:51+05:30,2026-06-15 08:06:53+05:30
P-0001304,V-05,5,19.017586,72.815609,2.0,2026-06-15 08:07:14+05:30,2026-06-15 08:07:16+05:30
P-0001305,V-05,5,19.017543,72.815573,0.6,2026-06-15 08:07:36+05:30,2026-06-15 08:07:37+05:30
P-0001306,V-05,5,19.017625,72.815512,3.8,2026-06-15 08:07:54+05:30,2026-06-15 08:07:58+05:30
P-0001307,V-05,5,19.017511,72.815577,3.2,2026-06-15 08:08:17+05:30,2026-06-15 08:08:21+05:30
P-0001308,V-05,5,19.017676,72.81564,4.3,2026-06-15 08:08:38+05:30,2026-06-15 08:08:40+05:30
P-0001309,V-05,5,19.017628,72.815533,2.7,2026-06-15 08:08:56+05:30,2026-06-15 08:08:57+05:30
P-0001310,V-05,5,19.01766,72.81567,2.0,2026-06-15 08:09:13+05:30,2026-06-15 08:09:17+05:30
P-0001311,V-05,5,19.017515,72.81567,2.3,2026-06-15 08:09:34+05:30,2026-06-15 08:09:36+05:30
P-0001312,V-05,5,19.017526,72.81568,0.0,2026-06-15 08:09:51+05:30,2026-06-15 08:09:53+05:30
P-0001313,V-05,5,19.017601,72.815626,2.1,2026-06-15 08:10:14+05:30,2026-06-15 08:10:15+05:30
P-0001314,V-05,5,19.017711,72.815586,3.0,2026-06-15 08:10:34+05:30,2026-06-15 08:10:35+05:30
P-0001315,V-05,5,19.017518,72.815528,4.3,2026-06-15 08:10:51+05:30,2026-06-15 08:10:54+05:30
P-0001316,V-05,5,19.017579,72.815483,2.1,2026-06-15 08:11:14+05:30,2026-06-15 08:11:16+05:30
P-0001317,V-05,5,19.017686,72.815588,1.1,2026-06-15 08:11:34+05:30,2026-06-15 08:11:37+05:30
P-0001318,V-05,5,19.017593,72.815682,3.4,2026-06-15 08:11:54+05:30,2026-06-15 08:11:55+05:30
P-0001319,V-05,5,19.017603,72.8156,3.1,2026-06-15 08:12:13+05:30,2026-06-15 08:12:15+05:30
P-0001320,V-05,5,19.017696,72.815553,0.9,2026-06-15 08:12:32+05:30,2026-06-15 08:12:35+05:30
P-0001321,V-05,5,19.017582,72.815657,2.4,2026-06-15 08:12:52+05:30,2026-06-15 08:12:54+05:30
P-0001322,V-05,5,19.017593,72.815535,2.9,2026-06-15 08:13:13+05:30,2026-06-15 08:13:17+05:30
P-0001323,V-05,5,19.017637,72.815669,2.0,2026-06-15 08:13:34+05:30,2026-06-15 08:13:36+05:30
P-0001324,V-05,5,19.017522,72.81569,0.6,2026-06-15 08:13:55+05:30,2026-06-15 08:13:58+05:30
P-0001325,V-05,5,19.017519,72.815572,4.2,2026-06-15 08:14:12+05:30,2026-06-15 08:14:15+05:30
P-0001326,V-05,5,19.017596,72.815519,3.4,2026-06-15 08:14:31+05:30,2026-06-15 08:14:33+05:30
P-0001327,V-05,5,19.017549,72.815561,0.0,2026-06-15 08:14:52+05:30,2026-06-15 08:14:53+05:30
P-0001328,V-05,5,19.017616,72.815632,2.3,2026-06-15 08:15:15+05:30,2026-06-15 08:15:17+05:30
P-0001329,V-05,5,19.017659,72.815696,0.0,2026-06-15 08:15:32+05:30,2026-06-15 08:15:36+05:30
P-0001330,V-05,5,19.017602,72.815545,4.4,2026-06-15 08:15:52+05:30,2026-06-15 08:15:53+05:30
P-0001331,V-05,5,19.017624,72.815527,2.5,2026-06-15 08:16:09+05:30,2026-06-15 08:16:13+05:30
P-0001332,V-05,5,19.0176,72.815614,1.7,2026-06-15 08:16:26+05:30,2026-06-15 08:16:29+05:30
P-0001333,V-05,5,19.017501,72.815566,3.1,2026-06-15 08:16:47+05:30,2026-06-15 08:16:49+05:30
P-0001334,V-05,5,19.017551,72.815596,2.9,2026-06-15 08:17:09+05:30,2026-06-15 08:17:12+05:30
P-0001335,V-05,5,19.01769,72.815685,4.5,2026-06-15 08:17:27+05:30,2026-06-15 08:17:28+05:30
P-0001336,V-05,5,19.017646,72.815494,2.8,2026-06-15 08:17:48+05:30,2026-06-15 08:17:50+05:30
P-0001337,V-05,5,19.01761,72.815655,3.1,2026-06-15 08:18:10+05:30,2026-06-15 08:18:11+05:30
P-0001338,V-05,5,19.017556,72.81566,1.3,2026-06-15 08:18:33+05:30,2026-06-15 08:18:34+05:30
P-0001339,V-05,5,19.017636,72.815495,1.8,2026-06-15 08:18:53+05:30,2026-06-15 08:18:56+05:30
P-0001340,V-05,5,19.017693,72.815495,0.0,2026-06-15 08:19:11+05:30,2026-06-15 08:19:14+05:30
P-0001341,V-05,5,19.017598,72.815715,5.7,2026-06-15 08:19:34+05:30,2026-06-15 08:19:37+05:30
P-0001342,V-05,5,19.017686,72.815496,5.4,2026-06-15 08:19:57+05:30,2026-06-15 08:20:01+05:30
P-0001343,V-05,5,19.017583,72.815602,3.5,2026-06-15 08:20:15+05:30,2026-06-15 08:20:16+05:30
P-0001344,V-05,5,19.017624,72.815576,1.9,2026-06-15 08:20:34+05:30,2026-06-15 08:20:35+05:30
P-0001345,V-05,5,19.017543,72.815578,1.9,2026-06-15 08:20:57+05:30,2026-06-15 08:21:01+05:30
P-0001346,V-05,5,19.017653,72.815487,3.3,2026-06-15 08:21:15+05:30,2026-06-15 08:21:17+05:30
P-0001347,V-05,5,19.017501,72.81553,3.5,2026-06-15 08:21:34+05:30,2026-06-15 08:21:37+05:30
P-0001348,V-05,5,19.017615,72.815497,3.7,2026-06-15 08:21:57+05:30,2026-06-15 08:21:58+05:30
P-0001349,V-05,5,19.017671,72.815665,2.3,2026-06-15 08:22:20+05:30,2026-06-15 08:22:23+05:30
P-0001350,V-05,5,19.017632,72.815579,1.1,2026-06-15 08:22:40+05:30,2026-06-15 08:22:42+05:30
P-0001351,V-05,5,19.01758,72.815666,1.3,2026-06-15 08:23:03+05:30,2026-06-15 08:23:04+05:30
P-0001352,V-05,5,19.017546,72.815554,1.2,2026-06-15 08:23:21+05:30,2026-06-15 08:23:24+05:30
P-0001353,V-05,5,19.017485,72.815523,2.6,2026-06-15 08:23:42+05:30,2026-06-15 08:23:44+05:30
P-0001354,V-05,5,19.017501,72.815636,3.1,2026-06-15 08:23:59+05:30,2026-06-15 08:24:00+05:30
P-0001355,V-05,5,19.017666,72.815638,2.7,2026-06-15 08:24:17+05:30,2026-06-15 08:24:20+05:30
P-0001356,V-05,5,19.017671,72.815546,0.2,2026-06-15 08:24:35+05:30,2026-06-15 08:24:37+05:30
P-0001357,V-05,5,19.017684,72.815597,0.0,2026-06-15 08:24:52+05:30,2026-06-15 08:24:55+05:30
P-0001358,V-03,5,19.086025,72.908875,0.8,2026-06-15 07:21:00+05:30,2026-06-15 07:21:03+05:30
P-0001359,V-03,5,19.08598,72.90854,7.4,2026-06-15 07:21:19+05:30,2026-06-15 07:21:21+05:30
P-0001360,V-03,5,19.085817,72.908134,7.6,2026-06-15 07:21:37+05:30,2026-06-15 07:21:41+05:30
P-0001361,V-03,5,19.085788,72.907986,2.5,2026-06-15 07:21:57+05:30,2026-06-15 07:22:00+05:30
P-0001362,V-03,5,19.085779,72.907599,6.3,2026-06-15 07:22:14+05:30,2026-06-15 07:22:18+05:30
P-0001363,V-03,5,19.08578,72.907303,4.6,2026-06-15 07:22:35+05:30,2026-06-15 07:22:39+05:30
P-0001364,V-03,5,19.085766,72.906922,8.7,2026-06-15 07:22:52+05:30,2026-06-15 07:22:55+05:30
P-0001365,V-03,5,19.085774,72.906445,7.4,2026-06-15 07:23:15+05:30,2026-06-15 07:23:19+05:30
P-0001366,V-03,5,19.085686,72.906067,8.7,2026-06-15 07:23:34+05:30,2026-06-15 07:23:38+05:30
P-0001367,V-03,5,19.085488,72.905795,7.4,2026-06-15 07:23:57+05:30,2026-06-15 07:23:59+05:30
P-0001368,V-03,5,19.08546,72.905368,6.9,2026-06-15 07:24:20+05:30,2026-06-15 07:24:21+05:30
P-0001369,V-03,5,19.085585,72.905077,6.3,2026-06-15 07:24:38+05:30,2026-06-15 07:24:40+05:30
P-0001370,V-03,5,19.085537,72.904699,7.6,2026-06-15 07:24:57+05:30,2026-06-15 07:25:01+05:30
P-0001371,V-03,5,19.085371,72.904295,9.3,2026-06-15 07:25:14+05:30,2026-06-15 07:25:17+05:30
P-0001372,V-03,5,19.085353,72.904014,7.3,2026-06-15 07:25:32+05:30,2026-06-15 07:25:36+05:30
P-0001373,V-03,5,19.085301,72.903773,3.0,2026-06-15 07:25:51+05:30,2026-06-15 07:25:55+05:30
P-0001374,V-03,5,19.085316,72.903398,6.3,2026-06-15 07:26:12+05:30,2026-06-15 07:26:13+05:30
P-0001375,V-03,5,19.08514,72.902927,9.6,2026-06-15 07:26:34+05:30,2026-06-15 07:26:37+05:30
P-0001376,V-03,5,19.085177,72.902648,4.1,2026-06-15 07:26:54+05:30,2026-06-15 07:26:56+05:30
P-0001377,V-03,5,19.085188,72.902152,8.9,2026-06-15 07:27:15+05:30,2026-06-15 07:27:18+05:30
P-0001378,V-03,5,19.085038,72.901818,5.6,2026-06-15 07:27:37+05:30,2026-06-15 07:27:40+05:30
P-0001379,V-03,5,19.085047,72.901535,3.8,2026-06-15 07:27:55+05:30,2026-06-15 07:27:57+05:30
P-0001380,V-03,5,19.085028,72.901217,5.7,2026-06-15 07:28:13+05:30,2026-06-15 07:28:14+05:30
P-0001381,V-03,5,19.084995,72.900701,8.3,2026-06-15 07:28:33+05:30,2026-06-15 07:28:34+05:30
P-0001382,V-03,5,19.084881,72.900551,3.3,2026-06-15 07:28:51+05:30,2026-06-15 07:28:52+05:30
P-0001383,V-03,5,19.0848,72.899967,10.0,2026-06-15 07:29:14+05:30,2026-06-15 07:29:17+05:30
P-0001384,V-03,5,19.084751,72.899662,7.0,2026-06-15 07:29:36+05:30,2026-06-15 07:29:37+05:30
P-0001385,V-03,5,19.084802,72.899392,6.1,2026-06-15 07:29:55+05:30,2026-06-15 07:29:57+05:30
P-0001386,V-03,5,19.084552,72.898868,11.3,2026-06-15 07:30:17+05:30,2026-06-15 07:30:20+05:30
P-0001387,V-03,5,19.084327,72.898762,6.8,2026-06-15 07:30:39+05:30,2026-06-15 07:30:41+05:30
P-0001388,V-03,5,19.08411,72.898445,7.1,2026-06-15 07:30:59+05:30,2026-06-15 07:31:03+05:30
P-0001389,V-03,5,19.083791,72.898067,10.2,2026-06-15 07:31:22+05:30,2026-06-15 07:31:23+05:30
P-0001390,V-03,5,19.083642,72.897801,7.6,2026-06-15 07:31:42+05:30,2026-06-15 07:31:46+05:30
P-0001391,V-03,5,19.083309,72.897464,10.5,2026-06-15 07:32:02+05:30,2026-06-15 07:32:05+05:30
P-0001392,V-03,5,19.083198,72.897277,3.2,2026-06-15 07:32:24+05:30,2026-06-15 07:32:26+05:30
P-0001393,V-03,5,19.082868,72.896953,8.9,2026-06-15 07:32:45+05:30,2026-06-15 07:32:46+05:30
P-0001394,V-03,5,19.082686,72.896765,4.1,2026-06-15 07:33:04+05:30,2026-06-15 07:33:06+05:30
P-0001395,V-03,5,19.082421,72.896524,7.1,2026-06-15 07:33:24+05:30,2026-06-15 07:33:27+05:30
P-0001396,V-03,5,19.082278,72.896132,9.5,2026-06-15 07:33:47+05:30,2026-06-15 07:33:50+05:30
P-0001397,V-03,5,19.081943,72.895941,9.0,2026-06-15 07:34:07+05:30,2026-06-15 07:34:10+05:30
P-0001398,V-03,5,19.081716,72.895623,6.9,2026-06-15 07:34:28+05:30,2026-06-15 07:34:32+05:30
P-0001399,V-03,5,19.081526,72.895429,3.5,2026-06-15 07:34:47+05:30,2026-06-15 07:34:48+05:30
P-0001400,V-03,5,19.081202,72.895074,8.6,2026-06-15 07:35:04+05:30,2026-06-15 07:35:07+05:30
P-0001401,V-03,5,19.081094,72.894858,5.8,2026-06-15 07:35:25+05:30,2026-06-15 07:35:28+05:30
P-0001402,V-03,5,19.080807,72.89457,9.4,2026-06-15 07:35:45+05:30,2026-06-15 07:35:46+05:30
P-0001403,V-03,5,19.080698,72.894164,6.8,2026-06-15 07:36:05+05:30,2026-06-15 07:36:09+05:30
P-0001404,V-03,5,19.080281,72.894038,9.0,2026-06-15 07:36:26+05:30,2026-06-15 07:36:30+05:30
P-0001405,V-03,5,19.080119,72.8938,5.3,2026-06-15 07:36:48+05:30,2026-06-15 07:36:51+05:30
P-0001406,V-03,5,19.079882,72.893323,11.6,2026-06-15 07:37:11+05:30,2026-06-15 07:37:12+05:30
P-0001407,V-03,5,19.079505,72.893069,9.2,2026-06-15 07:37:33+05:30,2026-06-15 07:37:34+05:30
P-0001408,V-03,5,19.079237,72.892752,6.3,2026-06-15 07:37:56+05:30,2026-06-15 07:37:59+05:30
P-0001409,V-03,5,19.079098,72.892497,6.6,2026-06-15 07:38:13+05:30,2026-06-15 07:38:16+05:30
P-0001410,V-03,5,19.078984,72.892166,6.7,2026-06-15 07:38:36+05:30,2026-06-15 07:38:40+05:30
P-0001411,V-03,5,19.078782,72.891971,4.4,2026-06-15 07:38:56+05:30,2026-06-15 07:38:59+05:30
P-0001412,V-03,5,19.078488,72.891792,6.8,2026-06-15 07:39:16+05:30,2026-06-15 07:39:17+05:30
P-0001413,V-03,5,19.078126,72.891419,11.8,2026-06-15 07:39:34+05:30,2026-06-15 07:39:37+05:30
P-0001414,V-03,5,19.077871,72.891075,7.4,2026-06-15 07:39:57+05:30,2026-06-15 07:39:58+05:30
P-0001415,V-03,5,19.077919,72.890774,4.4,2026-06-15 07:40:17+05:30,2026-06-15 07:40:19+05:30
P-0001416,V-03,5,19.077721,72.89051,7.5,2026-06-15 07:40:36+05:30,2026-06-15 07:40:40+05:30
P-0001417,V-03,5,19.077452,72.890195,7.5,2026-06-15 07:40:56+05:30,2026-06-15 07:40:57+05:30
P-0001418,V-03,5,19.077271,72.88982,7.8,2026-06-15 07:41:15+05:30,2026-06-15 07:41:18+05:30
P-0001419,V-03,5,19.077233,72.889612,4.2,2026-06-15 07:41:34+05:30,2026-06-15 07:41:37+05:30
P-0001420,V-03,5,19.077153,72.889417,3.8,2026-06-15 07:41:52+05:30,2026-06-15 07:41:54+05:30
P-0001421,V-03,5,19.076901,72.888944,10.4,2026-06-15 07:42:14+05:30,2026-06-15 07:42:17+05:30
P-0001422,V-03,5,19.076624,72.888666,8.6,2026-06-15 07:42:37+05:30,2026-06-15 07:42:39+05:30
P-0001423,V-03,5,19.076486,72.888297,6.5,2026-06-15 07:42:57+05:30,2026-06-15 07:43:00+05:30
P-0001424,V-03,5,19.076377,72.888069,4.0,2026-06-15 07:43:15+05:30,2026-06-15 07:43:17+05:30
P-0001425,V-03,5,19.076287,72.887636,10.4,2026-06-15 07:43:38+05:30,2026-06-15 07:43:40+05:30
P-0001426,V-03,5,19.076099,72.887307,6.4,2026-06-15 07:43:56+05:30,2026-06-15 07:43:57+05:30
P-0001427,V-03,5,19.076036,72.887063,3.8,2026-06-15 07:44:14+05:30,2026-06-15 07:44:16+05:30
P-0001428,V-03,5,19.075845,72.88667,7.6,2026-06-15 07:44:33+05:30,2026-06-15 07:44:37+05:30
P-0001429,V-03,5,19.07563,72.886455,6.3,2026-06-15 07:44:56+05:30,2026-06-15 07:44:58+05:30
P-0001430,V-03,5,19.075483,72.88611,5.4,2026-06-15 07:45:13+05:30,2026-06-15 07:45:17+05:30
P-0001431,V-03,5,19.075234,72.885737,8.4,2026-06-15 07:45:31+05:30,2026-06-15 07:45:35+05:30
P-0001432,V-03,5,19.07514,72.885508,4.5,2026-06-15 07:45:52+05:30,2026-06-15 07:45:54+05:30
P-0001433,V-03,5,19.074843,72.885103,10.7,2026-06-15 07:46:11+05:30,2026-06-15 07:46:13+05:30
P-0001434,V-03,5,19.074881,72.884923,1.5,2026-06-15 07:46:32+05:30,2026-06-15 07:46:35+05:30
P-0001435,V-03,5,19.074443,72.884453,14.0,2026-06-15 07:46:54+05:30,2026-06-15 07:46:57+05:30
P-0001436,V-03,5,19.074495,72.884228,6.1,2026-06-15 07:47:12+05:30,2026-06-15 07:47:15+05:30
P-0001437,V-03,5,19.07428,72.883966,8.1,2026-06-15 07:47:32+05:30,2026-06-15 07:47:33+05:30
P-0001438,V-03,5,19.073895,72.883549,12.6,2026-06-15 07:47:53+05:30,2026-06-15 07:47:56+05:30
P-0001439,V-03,5,19.073791,72.88341,1.9,2026-06-15 07:48:16+05:30,2026-06-15 07:48:20+05:30
P-0001440,V-03,5,19.073528,72.883065,9.0,2026-06-15 07:48:34+05:30,2026-06-15 07:48:36+05:30
P-0001441,V-03,5,19.073522,72.882581,10.4,2026-06-15 07:48:57+05:30,2026-06-15 07:48:58+05:30
P-0001442,V-03,5,19.073189,72.8824,7.7,2026-06-15 07:49:16+05:30,2026-06-15 07:49:18+05:30
P-0001443,V-03,5,19.072974,72.882124,8.1,2026-06-15 07:49:35+05:30,2026-06-15 07:49:36+05:30
P-0001444,V-03,5,19.072854,72.881866,4.1,2026-06-15 07:49:55+05:30,2026-06-15 07:49:56+05:30
P-0001445,V-03,5,19.07265,72.881473,10.4,2026-06-15 07:50:12+05:30,2026-06-15 07:50:16+05:30
P-0001446,V-03,5,19.072493,72.881357,1.9,2026-06-15 07:50:31+05:30,2026-06-15 07:50:32+05:30
P-0001447,V-03,5,19.0724,72.880999,7.5,2026-06-15 07:50:54+05:30,2026-06-15 07:50:55+05:30
P-0001448,V-03,5,19.072142,72.880667,8.6,2026-06-15 07:51:14+05:30,2026-06-15 07:51:18+05:30
P-0001449,V-03,5,19.072012,72.880264,6.6,2026-06-15 07:51:32+05:30,2026-06-15 07:51:33+05:30
P-0001450,V-03,5,19.071661,72.879934,10.9,2026-06-15 07:51:54+05:30,2026-06-15 07:51:57+05:30
P-0001451,V-03,5,19.071663,72.879613,6.1,2026-06-15 07:52:16+05:30,2026-06-15 07:52:18+05:30
P-0001452,V-03,5,19.071263,72.879464,10.1,2026-06-15 07:52:35+05:30,2026-06-15 07:52:38+05:30
P-0001453,V-03,5,19.071103,72.879169,8.1,2026-06-15 07:52:52+05:30,2026-06-15 07:52:54+05:30
P-0001454,V-03,5,19.071012,72.878761,8.5,2026-06-15 07:53:13+05:30,2026-06-15 07:53:15+05:30
P-0001455,V-03,5,19.070748,72.878388,7.6,2026-06-15 07:53:33+05:30,2026-06-15 07:53:36+05:30
P-0001456,V-03,5,19.07075,72.87819,5.0,2026-06-15 07:53:54+05:30,2026-06-15 07:53:58+05:30
P-0001457,V-03,5,19.070425,72.877767,11.5,2026-06-15 07:54:14+05:30,2026-06-15 07:54:15+05:30
P-0001458,V-03,5,19.070345,72.877472,4.1,2026-06-15 07:54:32+05:30,2026-06-15 07:54:33+05:30
P-0001459,V-03,5,19.07024,72.877286,5.1,2026-06-15 07:54:55+05:30,2026-06-15 07:54:57+05:30
P-0001460,V-03,5,19.069881,72.876879,9.4,2026-06-15 07:55:15+05:30,2026-06-15 07:55:16+05:30
P-0001461,V-03,5,19.069962,72.876493,6.1,2026-06-15 07:55:32+05:30,2026-06-15 07:55:35+05:30
P-0001462,V-03,5,19.069742,72.876226,7.9,2026-06-15 07:55:53+05:30,2026-06-15 07:55:57+05:30
P-0001463,V-03,5,19.069598,72.876076,2.7,2026-06-15 07:56:12+05:30,2026-06-15 07:56:14+05:30
P-0001464,V-03,5,19.069396,72.875571,9.6,2026-06-15 07:56:31+05:30,2026-06-15 07:56:35+05:30
P-0001465,V-03,5,19.069204,72.875263,7.5,2026-06-15 07:56:54+05:30,2026-06-15 07:56:57+05:30
P-0001466,V-03,5,19.069021,72.874985,5.3,2026-06-15 07:57:12+05:30,2026-06-15 07:57:14+05:30
P-0001467,V-03,5,19.068857,72.874634,7.8,2026-06-15 07:57:31+05:30,2026-06-15 07:57:35+05:30
P-0001468,V-03,5,19.068773,72.874354,6.0,2026-06-15 07:57:50+05:30,2026-06-15 07:57:54+05:30
P-0001469,V-03,5,19.068657,72.87415,2.6,2026-06-15 07:58:11+05:30,2026-06-15 07:58:13+05:30
P-0001470,V-03,5,19.068398,72.87364,9.3,2026-06-15 07:58:32+05:30,2026-06-15 07:58:33+05:30
P-0001471,V-03,5,19.068337,72.873337,6.1,2026-06-15 07:58:53+05:30,2026-06-15 07:58:57+05:30
P-0001472,V-03,5,19.068169,72.873004,9.0,2026-06-15 07:59:12+05:30,2026-06-15 07:59:13+05:30
P-0001473,V-03,5,19.068025,72.872845,5.4,2026-06-15 07:59:30+05:30,2026-06-15 07:59:31+05:30
P-0001474,V-03,5,19.067874,72.872302,11.5,2026-06-15 07:59:53+05:30,2026-06-15 07:59:57+05:30
P-0001475,V-03,5,19.067759,72.872217,3.3,2026-06-15 08:00:10+05:30,2026-06-15 08:00:12+05:30
P-0001476,V-03,5,19.067537,72.871734,10.3,2026-06-15 08:00:31+05:30,2026-06-15 08:00:35+05:30
P-0001477,V-03,5,19.067469,72.871316,9.0,2026-06-15 08:00:53+05:30,2026-06-15 08:00:57+05:30
P-0001478,V-03,5,19.067088,72.871076,10.0,2026-06-15 08:01:15+05:30,2026-06-15 08:01:18+05:30
P-0001479,V-03,5,19.066931,72.870643,8.3,2026-06-15 08:01:37+05:30,2026-06-15 08:01:38+05:30
P-0001480,V-03,5,19.066791,72.870559,2.6,2026-06-15 08:01:54+05:30,2026-06-15 08:01:57+05:30
P-0001481,V-03,5,19.066733,72.870078,8.9,2026-06-15 08:02:16+05:30,2026-06-15 08:02:17+05:30
P-0001482,V-03,5,19.066503,72.869758,5.7,2026-06-15 08:02:36+05:30,2026-06-15 08:02:40+05:30
P-0001483,V-03,5,19.066305,72.869419,7.9,2026-06-15 08:02:57+05:30,2026-06-15 08:03:01+05:30
P-0001484,V-03,5,19.066275,72.86915,6.7,2026-06-15 08:03:20+05:30,2026-06-15 08:03:22+05:30
P-0001485,V-03,5,19.06611,72.868904,7.2,2026-06-15 08:03:42+05:30,2026-06-15 08:03:46+05:30
P-0001486,V-03,5,19.066088,72.868989,2.2,2026-06-15 08:03:59+05:30,2026-06-15 08:04:01+05:30
P-0001487,V-03,5,19.066125,72.868973,2.3,2026-06-15 08:04:16+05:30,2026-06-15 08:04:18+05:30
P-0001488,V-03,5,19.066116,72.868973,0.6,2026-06-15 08:04:34+05:30,2026-06-15 08:04:36+05:30
P-0001489,V-03,5,19.066123,72.86897,0.6,2026-06-15 08:04:54+05:30,2026-06-15 08:04:56+05:30
P-0001490,V-03,5,19.066245,72.869065,4.3,2026-06-15 08:05:14+05:30,2026-06-15 08:05:16+05:30
P-0001491,V-03,5,19.066204,72.869017,0.4,2026-06-15 08:05:32+05:30,2026-06-15 08:05:36+05:30
P-0001492,V-03,5,19.066099,72.868892,1.3,2026-06-15 08:05:54+05:30,2026-06-15 08:05:57+05:30
P-0001493,V-03,5,19.066263,72.868929,1.7,2026-06-15 08:06:14+05:30,2026-06-15 08:06:17+05:30
P-0001494,V-03,5,19.066259,72.868961,0.0,2026-06-15 08:06:33+05:30,2026-06-15 08:06:36+05:30
P-0001495,V-03,5,19.066262,72.869006,0.0,2026-06-15 08:06:52+05:30,2026-06-15 08:06:54+05:30
P-0001496,V-03,5,19.066299,72.868893,4.1,2026-06-15 08:07:13+05:30,2026-06-15 08:07:15+05:30
P-0001497,V-03,5,19.06612,72.869012,3.2,2026-06-15 08:07:32+05:30,2026-06-15 08:07:35+05:30
P-0001498,V-03,5,19.066151,72.868987,0.5,2026-06-15 08:07:53+05:30,2026-06-15 08:07:54+05:30
P-0001499,V-03,5,19.066092,72.868995,0.5,2026-06-15 08:08:12+05:30,2026-06-15 08:08:13+05:30
P-0001500,V-03,5,19.066273,72.868989,2.2,2026-06-15 08:08:29+05:30,2026-06-15 08:08:30+05:30
P-0001501,V-03,5,19.066085,72.869004,4.2,2026-06-15 08:08:46+05:30,2026-06-15 08:08:48+05:30
P-0001502,V-03,5,19.066106,72.869008,0.0,2026-06-15 08:09:08+05:30,2026-06-15 08:09:11+05:30
P-0001503,V-03,5,19.066193,72.869043,3.8,2026-06-15 08:09:30+05:30,2026-06-15 08:09:34+05:30
P-0001504,V-03,5,19.066283,72.869032,0.6,2026-06-15 08:09:48+05:30,2026-06-15 08:09:52+05:30
P-0001505,V-03,5,19.066118,72.869006,3.3,2026-06-15 08:10:08+05:30,2026-06-15 08:10:09+05:30
P-0001506,V-03,5,19.066149,72.869023,2.1,2026-06-15 08:10:29+05:30,2026-06-15 08:10:32+05:30
P-0001507,V-03,5,19.066273,72.86909,2.4,2026-06-15 08:10:52+05:30,2026-06-15 08:10:56+05:30
P-0001508,V-03,5,19.066115,72.869109,2.7,2026-06-15 08:11:14+05:30,2026-06-15 08:11:16+05:30
P-0001509,V-03,5,19.066093,72.86906,0.9,2026-06-15 08:11:32+05:30,2026-06-15 08:11:34+05:30
P-0001510,V-03,5,19.066171,72.868884,3.9,2026-06-15 08:11:53+05:30,2026-06-15 08:11:57+05:30
P-0001511,V-03,5,19.066132,72.869037,2.1,2026-06-15 08:12:15+05:30,2026-06-15 08:12:19+05:30
P-0001512,V-03,5,19.066137,72.869073,0.0,2026-06-15 08:12:34+05:30,2026-06-15 08:12:37+05:30
P-0001513,V-03,5,19.066084,72.868927,4.6,2026-06-15 08:12:54+05:30,2026-06-15 08:12:56+05:30
P-0001514,V-03,5,19.066313,72.868904,6.6,2026-06-15 08:13:11+05:30,2026-06-15 08:13:14+05:30
P-0001515,V-03,5,19.066114,72.869013,4.0,2026-06-15 08:13:29+05:30,2026-06-15 08:13:32+05:30
P-0001516,V-03,5,19.066295,72.868941,2.1,2026-06-15 08:13:49+05:30,2026-06-15 08:13:50+05:30
P-0001517,V-03,5,19.066279,72.868993,0.0,2026-06-15 08:14:11+05:30,2026-06-15 08:14:12+05:30
P-0001518,V-03,5,19.06629,72.868997,1.8,2026-06-15 08:14:33+05:30,2026-06-15 08:14:36+05:30
P-0001519,V-03,5,19.066151,72.869038,1.1,2026-06-15 08:14:53+05:30,2026-06-15 08:14:55+05:30
P-0001520,V-03,5,19.066131,72.868946,0.9,2026-06-15 08:15:13+05:30,2026-06-15 08:15:16+05:30
P-0001521,V-03,5,19.066168,72.868917,0.0,2026-06-15 08:15:34+05:30,2026-06-15 08:15:35+05:30
P-0001522,V-03,5,19.066229,72.869099,4.7,2026-06-15 08:15:53+05:30,2026-06-15 08:15:54+05:30
P-0001523,V-03,5,19.066148,72.869076,0.0,2026-06-15 08:16:14+05:30,2026-06-15 08:16:18+05:30
P-0001524,V-03,5,19.066134,72.868899,2.0,2026-06-15 08:16:33+05:30,2026-06-15 08:16:36+05:30
P-0001525,V-03,5,19.066254,72.869096,6.4,2026-06-15 08:16:56+05:30,2026-06-15 08:17:00+05:30
P-0001526,V-03,5,19.066147,72.869068,0.6,2026-06-15 08:17:16+05:30,2026-06-15 08:17:20+05:30
P-0001527,V-03,5,19.066232,72.868971,4.4,2026-06-15 08:17:33+05:30,2026-06-15 08:17:34+05:30
P-0001528,V-03,5,19.066132,72.868935,3.5,2026-06-15 08:17:56+05:30,2026-06-15 08:17:57+05:30
P-0001529,V-03,5,19.066227,72.868968,2.1,2026-06-15 08:18:15+05:30,2026-06-15 08:18:18+05:30
P-0001530,V-03,5,19.066297,72.868893,0.9,2026-06-15 08:18:36+05:30,2026-06-15 08:18:40+05:30
P-0001531,V-03,5,19.066311,72.869117,5.8,2026-06-15 08:18:53+05:30,2026-06-15 08:18:55+05:30
P-0001532,V-03,5,19.066253,72.869071,3.1,2026-06-15 08:19:11+05:30,2026-06-15 08:19:13+05:30
P-0001533,V-03,5,19.066087,72.869061,3.8,2026-06-15 08:19:34+05:30,2026-06-15 08:19:38+05:30
P-0001534,V-03,5,19.066118,72.86901,2.4,2026-06-15 08:19:51+05:30,2026-06-15 08:19:55+05:30
P-0001535,V-03,5,19.066102,72.868957,0.4,2026-06-15 08:20:10+05:30,2026-06-15 08:20:11+05:30
P-0001536,V-03,5,19.066208,72.869015,4.0,2026-06-15 08:20:29+05:30,2026-06-15 08:20:33+05:30
P-0001537,V-03,5,19.066313,72.868905,2.5,2026-06-15 08:20:50+05:30,2026-06-15 08:20:53+05:30
P-0001538,V-03,5,19.066286,72.868928,2.4,2026-06-15 08:21:12+05:30,2026-06-15 08:21:13+05:30
P-0001539,V-03,5,19.066183,72.869098,2.2,2026-06-15 08:21:34+05:30,2026-06-15 08:21:36+05:30
P-0001540,V-03,5,19.066265,72.869055,2.1,2026-06-15 08:21:55+05:30,2026-06-15 08:21:57+05:30
P-0001541,V-03,5,19.066129,72.86905,1.4,2026-06-15 08:22:17+05:30,2026-06-15 08:22:18+05:30
P-0001542,V-03,5,19.066223,72.869118,1.6,2026-06-15 08:22:35+05:30,2026-06-15 08:22:37+05:30
P-0001543,V-03,5,19.0661,72.869117,4.3,2026-06-15 08:22:58+05:30,2026-06-15 08:22:59+05:30
P-0001544,V-03,5,19.066245,72.869089,4.3,2026-06-15 08:23:15+05:30,2026-06-15 08:23:17+05:30
P-0001545,V-03,5,19.066136,72.869059,3.7,2026-06-15 08:23:34+05:30,2026-06-15 08:23:35+05:30
P-0001546,V-03,5,19.066086,72.869017,0.0,2026-06-15 08:23:52+05:30,2026-06-15 08:23:55+05:30
P-0001547,V-03,5,19.066129,72.868885,2.2,2026-06-15 08:24:12+05:30,2026-06-15 08:24:15+05:30
P-0001548,V-03,5,19.066312,72.868942,3.9,2026-06-15 08:24:29+05:30,2026-06-15 08:24:33+05:30
P-0001549,V-03,5,19.066215,72.869025,3.7,2026-06-15 08:24:46+05:30,2026-06-15 08:24:50+05:30
P-0001550,V-03,5,19.066262,72.869013,0.0,2026-06-15 08:25:07+05:30,2026-06-15 08:25:09+05:30
P-0001551,V-03,5,19.066257,72.869024,1.4,2026-06-15 08:25:26+05:30,2026-06-15 08:25:27+05:30
P-0001552,V-03,5,19.066268,72.868906,1.3,2026-06-15 08:25:49+05:30,2026-06-15 08:25:50+05:30
P-0001553,V-11,5,19.218353,72.978111,2.1,2026-06-16 06:45:00+05:30,2026-06-16 06:45:03+05:30
P-0001554,V-11,5,19.217476,72.97763,18.1,2026-06-16 06:45:23+05:30,2026-06-16 06:45:27+05:30
P-0001555,V-11,5,19.216994,72.977219,11.6,2026-06-16 06:45:42+05:30,2026-06-16 06:45:43+05:30
P-0001556,V-11,5,19.216431,72.977007,10.9,2026-06-16 06:46:02+05:30,2026-06-16 06:46:05+05:30
P-0001557,V-11,5,19.215747,72.976579,17.2,2026-06-16 06:46:21+05:30,2026-06-16 06:46:22+05:30
P-0001558,V-11,5,19.215068,72.976136,14.4,2026-06-16 06:46:44+05:30,2026-06-16 06:46:47+05:30
P-0001559,V-11,5,19.214578,72.975745,14.0,2026-06-16 06:47:01+05:30,2026-06-16 06:47:04+05:30
P-0001560,V-11,5,19.213998,72.975619,11.9,2026-06-16 06:47:18+05:30,2026-06-16 06:47:20+05:30
P-0001561,V-11,5,19.213307,72.975021,18.3,2026-06-16 06:47:41+05:30,2026-06-16 06:47:45+05:30
P-0001562,V-11,5,19.212763,72.974676,14.7,2026-06-16 06:47:59+05:30,2026-06-16 06:48:02+05:30
P-0001563,V-11,5,19.211955,72.974302,18.4,2026-06-16 06:48:22+05:30,2026-06-16 06:48:23+05:30
P-0001564,V-11,5,19.211302,72.973882,16.1,2026-06-16 06:48:45+05:30,2026-06-16 06:48:48+05:30
P-0001565,V-11,5,19.210595,72.973373,18.8,2026-06-16 06:49:08+05:30,2026-06-16 06:49:10+05:30
P-0001566,V-11,5,19.209924,72.973205,12.3,2026-06-16 06:49:27+05:30,2026-06-16 06:49:29+05:30
P-0001567,V-11,5,19.209358,72.972716,13.9,2026-06-16 06:49:49+05:30,2026-06-16 06:49:53+05:30
P-0001568,V-11,5,19.208609,72.972285,16.6,2026-06-16 06:50:12+05:30,2026-06-16 06:50:16+05:30
P-0001569,V-11,5,19.207906,72.971792,16.2,2026-06-16 06:50:34+05:30,2026-06-16 06:50:35+05:30
P-0001570,V-11,5,19.207391,72.971539,11.2,2026-06-16 06:50:51+05:30,2026-06-16 06:50:52+05:30
P-0001571,V-11,5,19.206623,72.971172,16.6,2026-06-16 06:51:12+05:30,2026-06-16 06:51:15+05:30
P-0001572,V-11,5,19.206012,72.970872,13.2,2026-06-16 06:51:31+05:30,2026-06-16 06:51:33+05:30
P-0001573,V-11,5,19.205449,72.970386,14.9,2026-06-16 06:51:49+05:30,2026-06-16 06:51:51+05:30
P-0001574,V-11,5,19.204903,72.970177,11.9,2026-06-16 06:52:08+05:30,2026-06-16 06:52:10+05:30
P-0001575,V-11,5,19.204291,72.969809,14.9,2026-06-16 06:52:26+05:30,2026-06-16 06:52:30+05:30
P-0001576,V-11,5,19.203917,72.969491,10.7,2026-06-16 06:52:43+05:30,2026-06-16 06:52:47+05:30
P-0001577,V-11,5,19.203111,72.968977,17.4,2026-06-16 06:53:04+05:30,2026-06-16 06:53:08+05:30
P-0001578,V-11,5,19.202548,72.968463,15.6,2026-06-16 06:53:22+05:30,2026-06-16 06:53:26+05:30
P-0001579,V-11,5,19.202053,72.968186,13.0,2026-06-16 06:53:42+05:30,2026-06-16 06:53:45+05:30
P-0001580,V-11,5,19.201383,72.967609,17.5,2026-06-16 06:54:02+05:30,2026-06-16 06:54:04+05:30
P-0001581,V-11,5,19.200938,72.967268,10.4,2026-06-16 06:54:21+05:30,2026-06-16 06:54:22+05:30
P-0001582,V-11,5,19.20043,72.966721,15.8,2026-06-16 06:54:41+05:30,2026-06-16 06:54:45+05:30
P-0001583,V-11,5,19.199791,72.966369,13.8,2026-06-16 06:55:00+05:30,2026-06-16 06:55:04+05:30
P-0001584,V-11,5,19.199078,72.965939,15.8,2026-06-16 06:55:22+05:30,2026-06-16 06:55:24+05:30
P-0001585,V-11,5,19.198523,72.965564,11.2,2026-06-16 06:55:41+05:30,2026-06-16 06:55:44+05:30
P-0001586,V-11,5,19.198046,72.964913,15.2,2026-06-16 06:56:01+05:30,2026-06-16 06:56:02+05:30
P-0001587,V-11,5,19.197563,72.964666,12.1,2026-06-16 06:56:19+05:30,2026-06-16 06:56:23+05:30
P-0001588,V-11,5,19.196915,72.964121,17.4,2026-06-16 06:56:37+05:30,2026-06-16 06:56:41+05:30
P-0001589,V-11,5,19.196297,72.963803,14.8,2026-06-16 06:56:59+05:30,2026-06-16 06:57:01+05:30
P-0001590,V-11,5,19.195717,72.963233,16.9,2026-06-16 06:57:20+05:30,2026-06-16 06:57:24+05:30
P-0001591,V-11,5,19.195088,72.962699,15.6,2026-06-16 06:57:41+05:30,2026-06-16 06:57:45+05:30
P-0001592,V-11,5,19.194363,72.962308,15.4,2026-06-16 06:58:03+05:30,2026-06-16 06:58:04+05:30
P-0001593,V-11,5,19.193803,72.961776,15.1,2026-06-16 06:58:25+05:30,2026-06-16 06:58:28+05:30
P-0001594,V-11,5,19.193129,72.961322,16.3,2026-06-16 06:58:47+05:30,2026-06-16 06:58:49+05:30
P-0001595,V-11,5,19.192532,72.96083,14.5,2026-06-16 06:59:07+05:30,2026-06-16 06:59:09+05:30
P-0001596,V-11,5,19.191856,72.960253,18.0,2026-06-16 06:59:30+05:30,2026-06-16 06:59:34+05:30
P-0001597,V-11,5,19.191363,72.959849,11.8,2026-06-16 06:59:53+05:30,2026-06-16 06:59:54+05:30
P-0001598,V-11,5,19.190764,72.959473,13.8,2026-06-16 07:00:12+05:30,2026-06-16 07:00:13+05:30
P-0001599,V-11,5,19.190096,72.958987,15.9,2026-06-16 07:00:32+05:30,2026-06-16 07:00:33+05:30
P-0001600,V-11,5,19.189624,72.958656,12.3,2026-06-16 07:00:51+05:30,2026-06-16 07:00:54+05:30
P-0001601,V-11,5,19.188949,72.958157,16.5,2026-06-16 07:01:10+05:30,2026-06-16 07:01:14+05:30
P-0001602,V-11,5,19.188408,72.957641,15.1,2026-06-16 07:01:33+05:30,2026-06-16 07:01:34+05:30
P-0001603,V-11,5,19.187846,72.957066,16.9,2026-06-16 07:01:52+05:30,2026-06-16 07:01:53+05:30
P-0001604,V-11,5,19.187142,72.956757,14.2,2026-06-16 07:02:13+05:30,2026-06-16 07:02:16+05:30
P-0001605,V-11,5,19.186565,72.956202,15.6,2026-06-16 07:02:35+05:30,2026-06-16 07:02:37+05:30
P-0001606,V-11,5,19.186081,72.955661,13.2,2026-06-16 07:02:55+05:30,2026-06-16 07:02:56+05:30
P-0001607,V-11,5,19.185294,72.955339,16.0,2026-06-16 07:03:18+05:30,2026-06-16 07:03:21+05:30
P-0001608,V-11,5,19.184661,72.954895,13.4,2026-06-16 07:03:39+05:30,2026-06-16 07:03:41+05:30
P-0001609,V-11,5,19.184174,72.954308,14.5,2026-06-16 07:03:56+05:30,2026-06-16 07:04:00+05:30
P-0001610,V-11,5,19.183804,72.953913,9.0,2026-06-16 07:04:13+05:30,2026-06-16 07:04:17+05:30
P-0001611,V-11,5,19.183136,72.953606,14.8,2026-06-16 07:04:31+05:30,2026-06-16 07:04:34+05:30
P-0001612,V-11,5,19.182631,72.953398,11.2,2026-06-16 07:04:49+05:30,2026-06-16 07:04:53+05:30
P-0001613,V-11,5,19.182083,72.953003,15.1,2026-06-16 07:05:08+05:30,2026-06-16 07:05:11+05:30
P-0001614,V-11,5,19.181615,72.952469,15.5,2026-06-16 07:05:26+05:30,2026-06-16 07:05:30+05:30
P-0001615,V-11,5,19.180804,72.951991,19.2,2026-06-16 07:05:49+05:30,2026-06-16 07:05:51+05:30
P-0001616,V-11,5,19.180177,72.9518,11.1,2026-06-16 07:06:08+05:30,2026-06-16 07:06:09+05:30
P-0001617,V-11,5,19.17958,72.951327,15.8,2026-06-16 07:06:31+05:30,2026-06-16 07:06:35+05:30
P-0001618,V-11,5,19.178861,72.950844,15.8,2026-06-16 07:06:52+05:30,2026-06-16 07:06:56+05:30
P-0001619,V-11,5,19.178143,72.950286,16.5,2026-06-16 07:07:13+05:30,2026-06-16 07:07:17+05:30
P-0001620,V-11,5,19.17758,72.949932,13.2,2026-06-16 07:07:35+05:30,2026-06-16 07:07:36+05:30
P-0001621,V-11,5,19.177107,72.949514,11.2,2026-06-16 07:07:53+05:30,2026-06-16 07:07:55+05:30
P-0001622,V-11,5,19.176341,72.949097,17.8,2026-06-16 07:08:13+05:30,2026-06-16 07:08:16+05:30
P-0001623,V-11,5,19.17583,72.948806,10.2,2026-06-16 07:08:32+05:30,2026-06-16 07:08:33+05:30
P-0001624,V-11,5,19.175225,72.948393,15.2,2026-06-16 07:08:52+05:30,2026-06-16 07:08:55+05:30
P-0001625,V-11,5,19.174473,72.947818,20.5,2026-06-16 07:09:14+05:30,2026-06-16 07:09:17+05:30
P-0001626,V-11,5,19.173839,72.947404,15.1,2026-06-16 07:09:35+05:30,2026-06-16 07:09:37+05:30
P-0001627,V-11,5,19.173288,72.947046,14.7,2026-06-16 07:09:53+05:30,2026-06-16 07:09:54+05:30
P-0001628,V-11,5,19.172816,72.946707,12.1,2026-06-16 07:10:13+05:30,2026-06-16 07:10:15+05:30
P-0001629,V-11,5,19.172125,72.94647,13.4,2026-06-16 07:10:31+05:30,2026-06-16 07:10:34+05:30
P-0001630,V-11,5,19.171446,72.945877,16.0,2026-06-16 07:10:54+05:30,2026-06-16 07:10:56+05:30
P-0001631,V-11,5,19.170927,72.945521,10.9,2026-06-16 07:11:14+05:30,2026-06-16 07:11:18+05:30
P-0001632,V-11,5,19.170314,72.945153,14.2,2026-06-16 07:11:33+05:30,2026-06-16 07:11:34+05:30
P-0001633,V-11,5,19.169664,72.944562,18.7,2026-06-16 07:11:56+05:30,2026-06-16 07:12:00+05:30
P-0001634,V-11,5,19.169078,72.94436,12.3,2026-06-16 07:12:15+05:30,2026-06-16 07:12:17+05:30
P-0001635,V-11,5,19.168569,72.943873,14.5,2026-06-16 07:12:34+05:30,2026-06-16 07:12:37+05:30
P-0001636,V-11,5,19.167971,72.943346,14.6,2026-06-16 07:12:55+05:30,2026-06-16 07:12:56+05:30
P-0001637,V-11,5,19.167568,72.94282,13.0,2026-06-16 07:13:13+05:30,2026-06-16 07:13:17+05:30
P-0001638,V-11,5,19.167152,72.942294,13.2,2026-06-16 07:13:31+05:30,2026-06-16 07:13:32+05:30
P-0001639,V-11,5,19.166569,72.941682,18.0,2026-06-16 07:13:53+05:30,2026-06-16 07:13:56+05:30
P-0001640,V-11,5,19.166003,72.941145,16.2,2026-06-16 07:14:12+05:30,2026-06-16 07:14:16+05:30
P-0001641,V-11,5,19.165648,72.940463,13.7,2026-06-16 07:14:33+05:30,2026-06-16 07:14:37+05:30
P-0001642,V-11,5,19.165142,72.94002,12.8,2026-06-16 07:14:53+05:30,2026-06-16 07:14:56+05:30
P-0001643,V-11,5,19.1644,72.939424,19.2,2026-06-16 07:15:16+05:30,2026-06-16 07:15:18+05:30
P-0001644,V-11,5,19.163942,72.938911,13.6,2026-06-16 07:15:34+05:30,2026-06-16 07:15:37+05:30
P-0001645,V-11,5,19.163396,72.938237,17.5,2026-06-16 07:15:54+05:30,2026-06-16 07:15:55+05:30
P-0001646,V-11,5,19.163105,72.937779,10.4,2026-06-16 07:16:12+05:30,2026-06-16 07:16:13+05:30
P-0001647,V-11,5,19.162596,72.93717,14.0,2026-06-16 07:16:34+05:30,2026-06-16 07:16:36+05:30
P-0001648,V-11,5,19.161999,72.936802,13.6,2026-06-16 07:16:54+05:30,2026-06-16 07:16:56+05:30
P-0001649,V-11,5,19.161604,72.936289,12.3,2026-06-16 07:17:11+05:30,2026-06-16 07:17:13+05:30
P-0001650,V-11,5,19.16099,72.935533,19.4,2026-06-16 07:17:33+05:30,2026-06-16 07:17:34+05:30
P-0001651,V-11,5,19.160557,72.93518,11.5,2026-06-16 07:17:51+05:30,2026-06-16 07:17:55+05:30
P-0001652,V-11,5,19.160196,72.934629,11.7,2026-06-16 07:18:12+05:30,2026-06-16 07:18:15+05:30
P-0001653,V-11,5,19.159701,72.933926,18.3,2026-06-16 07:18:32+05:30,2026-06-16 07:18:34+05:30
P-0001654,V-11,5,19.15919,72.933631,9.7,2026-06-16 07:18:50+05:30,2026-06-16 07:18:54+05:30
P-0001655,V-11,5,19.158819,72.933001,12.2,2026-06-16 07:19:07+05:30,2026-06-16 07:19:10+05:30
P-0001656,V-11,5,19.158156,72.932483,17.4,2026-06-16 07:19:27+05:30,2026-06-16 07:19:31+05:30
P-0001657,V-11,5,19.157549,72.93186,18.1,2026-06-16 07:19:49+05:30,2026-06-16 07:19:51+05:30
P-0001658,V-11,5,19.157234,72.931364,12.5,2026-06-16 07:20:06+05:30,2026-06-16 07:20:09+05:30
P-0001659,V-11,5,19.156934,72.930948,8.0,2026-06-16 07:20:23+05:30,2026-06-16 07:20:26+05:30
P-0001660,V-11,5,19.156245,72.93048,17.8,2026-06-16 07:20:42+05:30,2026-06-16 07:20:45+05:30
P-0001661,V-11,5,19.155915,72.929736,16.5,2026-06-16 07:21:04+05:30,2026-06-16 07:21:08+05:30
P-0001662,V-11,5,19.155292,72.929217,17.2,2026-06-16 07:21:25+05:30,2026-06-16 07:21:29+05:30
P-0001663,V-11,5,19.154787,72.928671,16.2,2026-06-16 07:21:45+05:30,2026-06-16 07:21:47+05:30
P-0001664,V-11,5,19.154419,72.928128,11.1,2026-06-16 07:22:04+05:30,2026-06-16 07:22:05+05:30
P-0001665,V-11,5,19.153751,72.927759,16.2,2026-06-16 07:22:23+05:30,2026-06-16 07:22:27+05:30
P-0001666,V-11,5,19.153489,72.927205,12.1,2026-06-16 07:22:41+05:30,2026-06-16 07:22:43+05:30
P-0001667,V-11,5,19.152872,72.926545,16.7,2026-06-16 07:23:02+05:30,2026-06-16 07:23:05+05:30
P-0001668,V-11,5,19.152095,72.926231,16.1,2026-06-16 07:23:22+05:30,2026-06-16 07:23:25+05:30
P-0001669,V-11,5,19.151589,72.926051,9.0,2026-06-16 07:23:40+05:30,2026-06-16 07:23:43+05:30
P-0001670,V-11,5,19.151086,72.925679,13.7,2026-06-16 07:24:00+05:30,2026-06-16 07:24:03+05:30
P-0001671,V-11,5,19.15038,72.925248,18.0,2026-06-16 07:24:19+05:30,2026-06-16 07:24:23+05:30
P-0001672,V-11,5,19.149565,72.924857,16.0,2026-06-16 07:24:42+05:30,2026-06-16 07:24:43+05:30
P-0001673,V-11,5,19.149136,72.924633,11.4,2026-06-16 07:25:00+05:30,2026-06-16 07:25:01+05:30
P-0001674,V-11,5,19.148395,72.924219,16.4,2026-06-16 07:25:19+05:30,2026-06-16 07:25:21+05:30
P-0001675,V-11,5,19.147762,72.923909,14.0,2026-06-16 07:25:38+05:30,2026-06-16 07:25:42+05:30
P-0001676,V-11,5,19.147338,72.923564,10.8,2026-06-16 07:25:58+05:30,2026-06-16 07:26:01+05:30
P-0001677,V-11,5,19.146551,72.923187,19.0,2026-06-16 07:26:20+05:30,2026-06-16 07:26:23+05:30
P-0001678,V-11,5,19.145964,72.922694,15.6,2026-06-16 07:26:41+05:30,2026-06-16 07:26:44+05:30
P-0001679,V-11,5,19.145331,72.922461,12.8,2026-06-16 07:27:01+05:30,2026-06-16 07:27:05+05:30
P-0001680,V-11,5,19.144397,72.92191,22.4,2026-06-16 07:27:24+05:30,2026-06-16 07:27:28+05:30
P-0001681,V-11,5,19.144006,72.921735,9.3,2026-06-16 07:27:41+05:30,2026-06-16 07:27:42+05:30
P-0001682,V-11,5,19.14333,72.921356,14.6,2026-06-16 07:28:04+05:30,2026-06-16 07:28:06+05:30
P-0001683,V-11,5,19.142532,72.920961,18.7,2026-06-16 07:28:27+05:30,2026-06-16 07:28:29+05:30
P-0001684,V-11,5,19.141786,72.920533,18.8,2026-06-16 07:28:49+05:30,2026-06-16 07:28:51+05:30
P-0001685,V-11,5,19.141099,72.92006,16.7,2026-06-16 07:29:09+05:30,2026-06-16 07:29:13+05:30
P-0001686,V-11,5,19.140511,72.91969,13.6,2026-06-16 07:29:30+05:30,2026-06-16 07:29:33+05:30
P-0001687,V-11,5,19.139923,72.919276,14.8,2026-06-16 07:29:50+05:30,2026-06-16 07:29:54+05:30
P-0001688,V-11,5,19.139175,72.919064,16.2,2026-06-16 07:30:12+05:30,2026-06-16 07:30:14+05:30
P-0001689,V-11,5,19.138488,72.918477,19.3,2026-06-16 07:30:34+05:30,2026-06-16 07:30:36+05:30
P-0001690,V-11,5,19.137994,72.918259,10.3,2026-06-16 07:30:53+05:30,2026-06-16 07:30:54+05:30
P-0001691,V-11,5,19.137223,72.917611,19.6,2026-06-16 07:31:15+05:30,2026-06-16 07:31:18+05:30
P-0001692,V-11,5,19.136649,72.917289,11.7,2026-06-16 07:31:32+05:30,2026-06-16 07:31:33+05:30
P-0001693,V-11,5,19.136111,72.917008,11.2,2026-06-16 07:31:53+05:30,2026-06-16 07:31:55+05:30
P-0001694,V-11,5,19.135578,72.916419,16.2,2026-06-16 07:32:12+05:30,2026-06-16 07:32:13+05:30
P-0001695,V-11,5,19.134998,72.916049,12.9,2026-06-16 07:32:30+05:30,2026-06-16 07:32:34+05:30
P-0001696,V-11,5,19.134477,72.915635,11.4,2026-06-16 07:32:49+05:30,2026-06-16 07:32:53+05:30
P-0001697,V-11,5,19.134031,72.915334,11.0,2026-06-16 07:33:06+05:30,2026-06-16 07:33:09+05:30
P-0001698,V-11,5,19.133431,72.914958,13.9,2026-06-16 07:33:27+05:30,2026-06-16 07:33:29+05:30
P-0001699,V-11,5,19.132802,72.914609,13.7,2026-06-16 07:33:45+05:30,2026-06-16 07:33:48+05:30
P-0001700,V-11,5,19.132175,72.913929,16.7,2026-06-16 07:34:07+05:30,2026-06-16 07:34:10+05:30
P-0001701,V-11,5,19.13158,72.913677,14.6,2026-06-16 07:34:27+05:30,2026-06-16 07:34:30+05:30
P-0001702,V-11,5,19.130829,72.913141,16.5,2026-06-16 07:34:48+05:30,2026-06-16 07:34:52+05:30
P-0001703,V-11,5,19.130324,72.912706,14.9,2026-06-16 07:35:06+05:30,2026-06-16 07:35:07+05:30
P-0001704,V-11,5,19.12973,72.912378,11.9,2026-06-16 07:35:29+05:30,2026-06-16 07:35:30+05:30
P-0001705,V-11,5,19.129062,72.911778,17.2,2026-06-16 07:35:48+05:30,2026-06-16 07:35:51+05:30
P-0001706,V-11,5,19.128512,72.91133,15.7,2026-06-16 07:36:11+05:30,2026-06-16 07:36:12+05:30
P-0001707,V-11,5,19.127697,72.910797,18.8,2026-06-16 07:36:33+05:30,2026-06-16 07:36:35+05:30
P-0001708,V-11,5,19.127198,72.910482,12.3,2026-06-16 07:36:50+05:30,2026-06-16 07:36:51+05:30
P-0001709,V-11,5,19.126726,72.910055,13.7,2026-06-16 07:37:08+05:30,2026-06-16 07:37:12+05:30
P-0001710,V-11,5,19.126195,72.909685,11.9,2026-06-16 07:37:26+05:30,2026-06-16 07:37:30+05:30
P-0001711,V-11,5,19.125703,72.909475,8.9,2026-06-16 07:37:43+05:30,2026-06-16 07:37:46+05:30
P-0001712,V-11,5,19.125172,72.908898,13.7,2026-06-16 07:38:03+05:30,2026-06-16 07:38:07+05:30
P-0001713,V-11,5,19.124552,72.908594,13.6,2026-06-16 07:38:20+05:30,2026-06-16 07:38:24+05:30
P-0001714,V-11,5,19.124032,72.908209,11.7,2026-06-16 07:38:41+05:30,2026-06-16 07:38:44+05:30
P-0001715,V-11,5,19.123377,72.907698,14.7,2026-06-16 07:39:00+05:30,2026-06-16 07:39:04+05:30
P-0001716,V-11,5,19.122904,72.907352,9.6,2026-06-16 07:39:17+05:30,2026-06-16 07:39:21+05:30
P-0001717,V-11,5,19.122322,72.906954,15.0,2026-06-16 07:39:35+05:30,2026-06-16 07:39:37+05:30
P-0001718,V-11,5,19.121872,72.906641,12.4,2026-06-16 07:39:52+05:30,2026-06-16 07:39:54+05:30
P-0001719,V-11,5,19.121129,72.906103,16.7,2026-06-16 07:40:15+05:30,2026-06-16 07:40:17+05:30
P-0001720,V-11,5,19.120564,72.90562,12.6,2026-06-16 07:40:37+05:30,2026-06-16 07:40:40+05:30
P-0001721,V-11,5,19.119924,72.905191,15.3,2026-06-16 07:40:56+05:30,2026-06-16 07:40:57+05:30
P-0001722,V-11,5,19.119818,72.90504,4.9,2026-06-16 07:41:13+05:30,2026-06-16 07:41:16+05:30
P-0001723,V-11,5,19.119702,72.905076,0.7,2026-06-16 07:41:32+05:30,2026-06-16 07:41:35+05:30
P-0001724,V-11,5,19.119626,72.905092,0.4,2026-06-16 07:41:52+05:30,2026-06-16 07:41:55+05:30
P-0001725,V-11,5,19.119796,72.905077,5.0,2026-06-16 07:42:15+05:30,2026-06-16 07:42:18+05:30
P-0001726,V-11,5,19.119702,72.904891,5.4,2026-06-16 07:42:36+05:30,2026-06-16 07:42:38+05:30
P-0001727,V-11,5,19.119751,72.904895,0.3,2026-06-16 07:42:59+05:30,2026-06-16 07:43:02+05:30
P-0001728,V-11,5,19.119716,72.904939,0.3,2026-06-16 07:43:21+05:30,2026-06-16 07:43:24+05:30
P-0001729,V-11,5,19.119818,72.904899,1.2,2026-06-16 07:43:40+05:30,2026-06-16 07:43:43+05:30
P-0001730,V-11,5,19.119772,72.90507,4.5,2026-06-16 07:43:59+05:30,2026-06-16 07:44:02+05:30
P-0001731,V-11,5,19.119603,72.904974,3.9,2026-06-16 07:44:19+05:30,2026-06-16 07:44:20+05:30
P-0001732,V-11,5,19.119692,72.905069,3.2,2026-06-16 07:44:40+05:30,2026-06-16 07:44:43+05:30
P-0001733,V-11,5,19.119737,72.905052,0.0,2026-06-16 07:45:01+05:30,2026-06-16 07:45:03+05:30
P-0001734,V-11,5,19.119674,72.905017,0.5,2026-06-16 07:45:19+05:30,2026-06-16 07:45:20+05:30
P-0001735,V-11,5,19.119637,72.904948,2.4,2026-06-16 07:45:39+05:30,2026-06-16 07:45:42+05:30
P-0001736,V-11,5,19.119811,72.904882,5.1,2026-06-16 07:46:02+05:30,2026-06-16 07:46:05+05:30
P-0001737,V-11,5,19.119734,72.904998,1.0,2026-06-16 07:46:19+05:30,2026-06-16 07:46:23+05:30
P-0001738,V-11,5,19.119679,72.904901,3.6,2026-06-16 07:46:39+05:30,2026-06-16 07:46:43+05:30
P-0001739,V-11,5,19.119757,72.905106,5.5,2026-06-16 07:47:01+05:30,2026-06-16 07:47:05+05:30
P-0001740,V-11,5,19.119588,72.904979,4.9,2026-06-16 07:47:24+05:30,2026-06-16 07:47:28+05:30
P-0001741,V-11,5,19.119711,72.904996,2.8,2026-06-16 07:47:44+05:30,2026-06-16 07:47:46+05:30
P-0001742,V-11,5,19.119626,72.904942,1.0,2026-06-16 07:48:04+05:30,2026-06-16 07:48:05+05:30
P-0001743,V-11,5,19.119664,72.904913,1.1,2026-06-16 07:48:27+05:30,2026-06-16 07:48:29+05:30
P-0001744,V-11,5,19.119666,72.904961,1.6,2026-06-16 07:48:49+05:30,2026-06-16 07:48:50+05:30
P-0001745,V-11,5,19.119805,72.904957,4.6,2026-06-16 07:49:10+05:30,2026-06-16 07:49:12+05:30
P-0001746,V-11,5,19.119644,72.905061,4.0,2026-06-16 07:49:33+05:30,2026-06-16 07:49:37+05:30
P-0001747,V-11,5,19.119629,72.904908,1.5,2026-06-16 07:49:56+05:30,2026-06-16 07:50:00+05:30
P-0001748,V-11,5,19.119772,72.904984,3.4,2026-06-16 07:50:18+05:30,2026-06-16 07:50:22+05:30
P-0001749,V-11,5,19.119637,72.905084,4.0,2026-06-16 07:50:40+05:30,2026-06-16 07:50:43+05:30
P-0001750,V-11,5,19.119584,72.904957,1.5,2026-06-16 07:51:01+05:30,2026-06-16 07:51:04+05:30
P-0001751,V-11,5,19.119593,72.905029,0.7,2026-06-16 07:51:21+05:30,2026-06-16 07:51:22+05:30
P-0001752,V-11,5,19.119655,72.90508,2.6,2026-06-16 07:51:44+05:30,2026-06-16 07:51:48+05:30
P-0001753,V-11,5,19.11962,72.904915,3.3,2026-06-16 07:52:03+05:30,2026-06-16 07:52:04+05:30
P-0001754,V-11,5,19.119614,72.905092,2.3,2026-06-16 07:52:26+05:30,2026-06-16 07:52:29+05:30
P-0001755,V-11,5,19.119647,72.905116,1.8,2026-06-16 07:52:44+05:30,2026-06-16 07:52:47+05:30
P-0001756,V-11,5,19.119807,72.904916,4.6,2026-06-16 07:53:05+05:30,2026-06-16 07:53:07+05:30
P-0001757,V-11,5,19.119613,72.904963,5.1,2026-06-16 07:53:26+05:30,2026-06-16 07:53:27+05:30
P-0001758,V-11,5,19.11966,72.905084,2.7,2026-06-16 07:53:48+05:30,2026-06-16 07:53:51+05:30
P-0001759,V-11,5,19.119632,72.905037,0.0,2026-06-16 07:54:05+05:30,2026-06-16 07:54:06+05:30
P-0001760,V-11,5,19.119581,72.904903,3.6,2026-06-16 07:54:23+05:30,2026-06-16 07:54:26+05:30
P-0001761,V-11,5,19.119698,72.904976,2.9,2026-06-16 07:54:40+05:30,2026-06-16 07:54:43+05:30
P-0001762,V-11,5,19.119709,72.904986,0.0,2026-06-16 07:54:58+05:30,2026-06-16 07:55:01+05:30
P-0001763,V-11,5,19.119725,72.904889,2.3,2026-06-16 07:55:15+05:30,2026-06-16 07:55:19+05:30
P-0001764,V-11,5,19.119693,72.90489,0.0,2026-06-16 07:55:34+05:30,2026-06-16 07:55:38+05:30
P-0001765,V-11,5,19.119789,72.905109,5.1,2026-06-16 07:55:54+05:30,2026-06-16 07:55:57+05:30
P-0001766,V-11,5,19.119777,72.904995,1.5,2026-06-16 07:56:15+05:30,2026-06-16 07:56:19+05:30
P-0001767,V-11,5,19.119613,72.904994,3.3,2026-06-16 07:56:32+05:30,2026-06-16 07:56:34+05:30
P-0001768,V-11,5,19.119637,72.904888,1.1,2026-06-16 07:56:54+05:30,2026-06-16 07:56:56+05:30
P-0001769,V-11,5,19.119726,72.904913,0.8,2026-06-16 07:57:11+05:30,2026-06-16 07:57:12+05:30
P-0001770,V-11,5,19.119759,72.905104,5.7,2026-06-16 07:57:29+05:30,2026-06-16 07:57:30+05:30
P-0001771,V-11,5,19.119815,72.90504,0.0,2026-06-16 07:57:49+05:30,2026-06-16 07:57:51+05:30
P-0001772,V-11,5,19.119716,72.905091,1.8,2026-06-16 07:58:06+05:30,2026-06-16 07:58:10+05:30
P-0001773,V-11,5,19.119779,72.90504,2.9,2026-06-16 07:58:28+05:30,2026-06-16 07:58:31+05:30
P-0001774,V-11,5,19.119587,72.904983,5.9,2026-06-16 07:58:51+05:30,2026-06-16 07:58:54+05:30
P-0001775,V-11,5,19.119598,72.904899,1.5,2026-06-16 07:59:12+05:30,2026-06-16 07:59:16+05:30
P-0001776,V-11,5,19.119596,72.905041,4.1,2026-06-16 07:59:34+05:30,2026-06-16 07:59:35+05:30
P-0001777,V-11,5,19.119761,72.905082,1.9,2026-06-16 07:59:52+05:30,2026-06-16 07:59:55+05:30
P-0001778,V-11,5,19.119628,72.904926,5.5,2026-06-16 08:00:12+05:30,2026-06-16 08:00:15+05:30
P-0001779,V-11,5,19.11959,72.905044,4.1,2026-06-16 08:00:33+05:30,2026-06-16 08:00:34+05:30
P-0001780,V-11,5,19.119742,72.905036,3.2,2026-06-16 08:00:56+05:30,2026-06-16 08:01:00+05:30
P-0001781,V-11,5,19.119695,72.905011,0.0,2026-06-16 08:01:16+05:30,2026-06-16 08:01:19+05:30
P-0001782,V-11,5,19.119726,72.904994,0.0,2026-06-16 08:01:33+05:30,2026-06-16 08:01:36+05:30
P-0001783,V-11,5,19.11972,72.905053,2.6,2026-06-16 08:01:55+05:30,2026-06-16 08:01:56+05:30
P-0001784,V-11,5,19.119653,72.90498,1.9,2026-06-16 08:02:15+05:30,2026-06-16 08:02:18+05:30
P-0001785,V-11,5,19.119733,72.904914,1.4,2026-06-16 08:02:33+05:30,2026-06-16 08:02:35+05:30
P-0001786,V-11,5,19.119605,72.905077,5.1,2026-06-16 08:02:54+05:30,2026-06-16 08:02:56+05:30
P-0001787,V-11,5,19.119784,72.905057,2.9,2026-06-16 08:03:14+05:30,2026-06-16 08:03:15+05:30
P-0001788,V-11,5,19.119784,72.905016,0.6,2026-06-16 08:03:33+05:30,2026-06-16 08:03:36+05:30
P-0001789,V-11,5,19.119676,72.904941,3.8,2026-06-16 08:03:56+05:30,2026-06-16 08:03:58+05:30
P-0001790,V-11,5,19.119754,72.905066,3.1,2026-06-16 08:04:16+05:30,2026-06-16 08:04:20+05:30
P-0001791,V-11,5,19.1196,72.904926,3.6,2026-06-16 08:04:37+05:30,2026-06-16 08:04:38+05:30
P-0001792,V-11,5,19.119723,72.904938,2.4,2026-06-16 08:04:54+05:30,2026-06-16 08:04:57+05:30
P-0001793,V-06,5,19.228917,72.856645,3.5,2026-06-16 06:41:00+05:30,2026-06-16 06:41:01+05:30
P-0001794,V-06,5,19.228327,72.856741,10.4,2026-06-16 06:41:17+05:30,2026-06-16 06:41:21+05:30
P-0001795,V-06,5,19.227488,72.856958,17.7,2026-06-16 06:41:39+05:30,2026-06-16 06:41:43+05:30
P-0001796,V-06,5,19.226647,72.856904,17.4,2026-06-16 06:42:02+05:30,2026-06-16 06:42:05+05:30
P-0001797,V-06,5,19.225884,72.856957,14.7,2026-06-16 06:60:23+05:30,2026-06-16 06:42:24+05:30
P-0001798,V-06,5,19.224982,72.857041,18.3,2026-06-16 06:42:42+05:30,2026-06-16 06:42:43+05:30
P-0001799,V-06,5,19.224215,72.857292,16.0,2026-06-16 06:43:04+05:30,2026-06-16 06:43:07+05:30
P-0001800,V-06,5,19.223573,72.857298,11.7,2026-06-16 06:43:21+05:30,2026-06-16 06:43:25+05:30
P-0001801,V-06,5,19.222769,72.857419,17.3,2026-06-16 06:43:43+05:30,2026-06-16 06:43:46+05:30
P-0001802,V-06,5,19.221888,72.857448,16.5,2026-06-16 06:44:06+05:30,2026-06-16 06:44:07+05:30
P-0001803,V-06,5,19.220929,72.857685,18.0,2026-06-16 06:44:29+05:30,2026-06-16 06:44:32+05:30
P-0001804,V-06,5,19.220175,72.85773,16.1,2026-06-16 06:44:46+05:30,2026-06-16 06:44:50+05:30
P-0001805,V-06,5,19.219336,72.857858,16.4,2026-06-16 06:45:07+05:30,2026-06-16 06:45:11+05:30
P-0001806,V-06,5,19.218554,72.858,16.6,2026-06-16 06:45:30+05:30,2026-06-16 06:45:33+05:30
P-0001807,V-06,5,19.217714,72.857911,16.6,2026-06-16 06:45:49+05:30,2026-06-16 06:45:53+05:30
P-0001808,V-06,5,19.217194,72.858155,10.7,2026-06-16 06:46:07+05:30,2026-06-16 06:46:09+05:30
P-0001809,V-06,5,19.216379,72.858125,17.8,2026-06-16 06:46:24+05:30,2026-06-16 06:46:26+05:30
P-0001810,V-06,5,19.215523,72.858185,17.5,2026-06-16 06:46:47+05:30,2026-06-16 06:46:51+05:30
P-0001811,V-06,5,19.214893,72.85828,14.6,2026-06-16 06:47:04+05:30,2026-06-16 06:47:08+05:30
P-0001812,V-06,5,19.21426,72.85829,11.2,2026-06-16 06:47:23+05:30,2026-06-16 06:47:27+05:30
P-0001813,V-06,5,19.21336,72.858472,17.6,2026-06-16 06:47:41+05:30,2026-06-16 06:47:42+05:30
P-0001814,V-06,5,19.212624,72.858482,14.1,2026-06-16 06:48:01+05:30,2026-06-16 06:48:02+05:30
P-0001815,V-06,5,19.211982,72.858699,11.9,2026-06-16 06:48:19+05:30,2026-06-16 06:48:23+05:30
P-0001816,V-06,5,19.211024,72.858824,18.4,2026-06-16 06:48:41+05:30,2026-06-16 06:48:44+05:30
P-0001817,V-06,5,19.210334,72.858911,15.2,2026-06-16 06:49:00+05:30,2026-06-16 06:49:03+05:30
P-0001818,V-06,5,19.209655,72.858973,12.0,2026-06-16 06:49:20+05:30,2026-06-16 06:49:22+05:30
P-0001819,V-06,5,19.208941,72.859,16.1,2026-06-16 06:49:40+05:30,2026-06-16 06:49:44+05:30
P-0001820,V-06,5,19.207916,72.859233,20.2,2026-06-16 06:50:03+05:30,2026-06-16 06:50:06+05:30
P-0001821,V-06,5,19.207117,72.859069,16.0,2026-06-16 06:50:24+05:30,2026-06-16 06:50:27+05:30
P-0001822,V-06,5,19.206302,72.859157,17.9,2026-06-16 06:50:42+05:30,2026-06-16 06:50:43+05:30
P-0001823,V-06,5,19.205608,72.859227,15.7,2026-06-16 06:51:00+05:30,2026-06-16 06:51:02+05:30
P-0001824,V-06,5,19.205055,72.859246,10.9,2026-06-16 06:51:17+05:30,2026-06-16 06:51:18+05:30
P-0001825,V-06,5,19.204207,72.859416,15.5,2026-06-16 06:51:39+05:30,2026-06-16 06:51:41+05:30
P-0001826,V-06,5,19.203335,72.859394,15.9,2026-06-16 06:52:01+05:30,2026-06-16 06:52:05+05:30
P-0001827,V-06,5,19.202733,72.859517,12.2,2026-06-16 06:52:18+05:30,2026-06-16 06:52:21+05:30
P-0001828,V-06,5,19.201941,72.859599,15.5,2026-06-16 06:52:40+05:30,2026-06-16 06:52:44+05:30
P-0001829,V-06,5,19.201165,72.859756,15.2,2026-06-16 06:52:58+05:30,2026-06-16 06:53:02+05:30
P-0001830,V-06,5,19.200415,72.859812,14.7,2026-06-16 06:53:18+05:30,2026-06-16 06:53:19+05:30
P-0001831,V-06,5,19.199558,72.859789,16.1,2026-06-16 06:53:38+05:30,2026-06-16 06:53:42+05:30
P-0001832,V-06,5,19.198697,72.859964,16.6,2026-06-16 06:53:59+05:30,2026-06-16 06:54:03+05:30
P-0001833,V-06,5,19.197916,72.859957,16.3,2026-06-16 06:54:18+05:30,2026-06-16 06:54:22+05:30
P-0001834,V-06,5,19.197126,72.860023,15.6,2026-06-16 06:54:38+05:30,2026-06-16 06:54:42+05:30
P-0001835,V-06,5,19.196519,72.859934,14.1,2026-06-16 06:54:56+05:30,2026-06-16 06:54:58+05:30
P-0001836,V-06,5,19.195761,72.860232,17.2,2026-06-16 06:55:16+05:30,2026-06-16 06:55:19+05:30
P-0001837,V-06,5,19.19509,72.860067,12.4,2026-06-16 06:55:33+05:30,2026-06-16 06:55:35+05:30
P-0001838,V-06,5,19.194232,72.860325,17.8,2026-06-16 06:55:53+05:30,2026-06-16 06:55:57+05:30
P-0001839,V-06,5,19.193538,72.8603,15.0,2026-06-16 06:56:13+05:30,2026-06-16 06:56:16+05:30
P-0001840,V-06,5,19.192842,72.860297,15.7,2026-06-16 06:56:30+05:30,2026-06-16 06:56:33+05:30
P-0001841,V-06,5,19.192209,72.86029,14.6,2026-06-16 06:56:49+05:30,2026-06-16 06:56:53+05:30
P-0001842,V-06,5,19.191427,72.860462,16.9,2026-06-16 06:57:09+05:30,2026-06-16 06:57:10+05:30
P-0001843,V-06,5,19.190682,72.860433,16.4,2026-06-16 06:57:29+05:30,2026-06-16 06:57:31+05:30
P-0001844,V-06,5,19.189785,72.860634,19.6,2026-06-16 06:57:47+05:30,2026-06-16 06:57:51+05:30
P-0001845,V-06,5,19.189268,72.860646,12.3,2026-06-16 06:58:05+05:30,2026-06-16 06:58:08+05:30
P-0001846,V-06,5,19.188347,72.86065,20.4,2026-06-16 06:58:26+05:30,2026-06-16 06:58:30+05:30
P-0001847,V-06,5,19.187686,72.860831,11.9,2026-06-16 06:58:43+05:30,2026-06-16 06:58:46+05:30
P-0001848,V-06,5,19.186938,72.860794,16.0,2026-06-16 06:59:01+05:30,2026-06-16 06:59:03+05:30
P-0001849,V-06,5,19.186185,72.860861,14.9,2026-06-16 06:59:24+05:30,2026-06-16 06:59:25+05:30
P-0001850,V-06,5,19.185295,72.860956,17.3,2026-06-16 06:59:42+05:30,2026-06-16 06:59:45+05:30
P-0001851,V-06,5,19.184646,72.860993,11.4,2026-06-16 07:00:03+05:30,2026-06-16 07:00:07+05:30
P-0001852,V-06,5,19.183714,72.861068,18.7,2026-06-16 07:00:23+05:30,2026-06-16 07:00:26+05:30
P-0001853,V-06,5,19.183087,72.861071,10.9,2026-06-16 07:00:44+05:30,2026-06-16 07:00:47+05:30
P-0001854,V-06,5,19.182214,72.861212,18.5,2026-06-16 07:01:05+05:30,2026-06-16 07:01:09+05:30
P-0001855,V-06,5,19.181392,72.861183,14.9,2026-06-16 07:01:27+05:30,2026-06-16 07:01:29+05:30
P-0001856,V-06,5,19.180517,72.861309,18.6,2026-06-16 07:01:46+05:30,2026-06-16 07:01:49+05:30
P-0001857,V-06,5,19.179772,72.861401,15.8,2026-06-16 07:02:08+05:30,2026-06-16 07:02:10+05:30
P-0001858,V-06,5,19.178942,72.861396,16.2,2026-06-16 07:02:31+05:30,2026-06-16 07:02:35+05:30
P-0001859,V-06,5,19.178131,72.861365,14.8,2026-06-16 07:02:51+05:30,2026-06-16 07:02:52+05:30
P-0001860,V-06,5,19.177195,72.861443,19.9,2026-06-16 07:03:10+05:30,2026-06-16 07:03:11+05:30
P-0001861,V-06,5,19.176632,72.861377,11.0,2026-06-16 07:03:27+05:30,2026-06-16 07:03:30+05:30
P-0001862,V-06,5,19.17593,72.861517,13.0,2026-06-16 07:03:44+05:30,2026-06-16 07:03:46+05:30
P-0001863,V-06,5,19.175395,72.861509,12.3,2026-06-16 07:04:01+05:30,2026-06-16 07:04:03+05:30
P-0001864,V-06,5,19.174308,72.861592,21.9,2026-06-16 07:04:24+05:30,2026-06-16 07:04:28+05:30
P-0001865,V-06,5,19.173451,72.861571,18.2,2026-06-16 07:04:46+05:30,2026-06-16 07:04:50+05:30
P-0001866,V-06,5,19.172733,72.861728,15.6,2026-06-16 07:05:09+05:30,2026-06-16 07:05:13+05:30
P-0001867,V-06,5,19.171808,72.861859,18.1,2026-06-16 07:05:29+05:30,2026-06-16 07:05:30+05:30
P-0001868,V-06,5,19.171019,72.861875,17.3,2026-06-16 07:05:49+05:30,2026-06-16 07:05:53+05:30
P-0001869,V-06,5,19.170424,72.861791,12.9,2026-06-16 07:06:07+05:30,2026-06-16 07:06:11+05:30
P-0001870,V-06,5,19.169548,72.861891,17.7,2026-06-16 07:06:28+05:30,2026-06-16 07:06:30+05:30
P-0001871,V-06,5,19.168982,72.861907,9.7,2026-06-16 07:06:46+05:30,2026-06-16 07:06:48+05:30
P-0001872,V-06,5,19.168154,72.862049,15.7,2026-06-16 07:07:03+05:30,2026-06-16 07:07:06+05:30
P-0001873,V-06,5,19.167304,72.861958,16.0,2026-06-16 07:07:25+05:30,2026-06-16 07:07:27+05:30
P-0001874,V-06,5,19.166731,72.862153,12.9,2026-06-16 07:07:43+05:30,2026-06-16 07:07:46+05:30
P-0001875,V-06,5,19.16586,72.86207,19.1,2026-06-16 07:08:05+05:30,2026-06-16 07:08:07+05:30
P-0001876,V-06,5,19.165031,72.861991,16.9,2026-06-16 07:08:27+05:30,2026-06-16 07:08:31+05:30
P-0001877,V-06,5,19.164191,72.861807,15.8,2026-06-16 07:08:49+05:30,2026-06-16 07:08:50+05:30
P-0001878,V-06,5,19.16323,72.861961,19.0,2026-06-16 07:09:11+05:30,2026-06-16 07:09:12+05:30
P-0001879,V-06,5,19.162482,72.861837,15.5,2026-06-16 07:09:33+05:30,2026-06-16 07:09:34+05:30
P-0001880,V-06,5,19.161519,72.86189,17.5,2026-06-16 07:09:53+05:30,2026-06-16 07:09:54+05:30
P-0001881,V-06,5,19.160904,72.861637,14.9,2026-06-16 07:10:10+05:30,2026-06-16 07:10:14+05:30
P-0001882,V-06,5,19.160005,72.86163,16.8,2026-06-16 07:10:32+05:30,2026-06-16 07:10:35+05:30
P-0001883,V-06,5,19.15941,72.861742,10.3,2026-06-16 07:10:50+05:30,2026-06-16 07:10:53+05:30
P-0001884,V-06,5,19.158552,72.86157,15.9,2026-06-16 07:11:09+05:30,2026-06-16 07:11:11+05:30
P-0001885,V-06,5,19.158029,72.861673,9.0,2026-06-16 07:11:27+05:30,2026-06-16 07:11:31+05:30
P-0001886,V-06,5,19.157149,72.861571,19.0,2026-06-16 07:11:46+05:30,2026-06-16 07:11:47+05:30
P-0001887,V-06,5,19.156429,72.861532,15.4,2026-06-16 07:12:03+05:30,2026-06-16 07:12:04+05:30
P-0001888,V-06,5,19.155604,72.861459,17.9,2026-06-16 07:12:26+05:30,2026-06-16 07:12:27+05:30
P-0001889,V-06,5,19.154741,72.861346,19.3,2026-06-16 07:12:49+05:30,2026-06-16 07:12:50+05:30
P-0001890,V-06,5,19.153919,72.861434,18.0,2026-06-16 07:13:10+05:30,2026-06-16 07:13:14+05:30
P-0001891,V-06,5,19.153197,72.861302,13.7,2026-06-16 07:13:30+05:30,2026-06-16 07:13:34+05:30
P-0001892,V-06,5,19.152262,72.861223,19.3,2026-06-16 07:13:50+05:30,2026-06-16 07:13:52+05:30
P-0001893,V-06,5,19.151601,72.861304,14.1,2026-06-16 07:14:09+05:30,2026-06-16 07:14:10+05:30
P-0001894,V-06,5,19.150702,72.861188,18.6,2026-06-16 07:14:32+05:30,2026-06-16 07:14:36+05:30
P-0001895,V-06,5,19.149849,72.861215,15.2,2026-06-16 07:14:53+05:30,2026-06-16 07:14:54+05:30
P-0001896,V-06,5,19.149162,72.861035,16.0,2026-06-16 07:15:15+05:30,2026-06-16 07:15:16+05:30
P-0001897,V-06,5,19.148205,72.861182,20.9,2026-06-16 07:15:36+05:30,2026-06-16 07:15:37+05:30
P-0001898,V-06,5,19.147446,72.861198,16.5,2026-06-16 07:15:58+05:30,2026-06-16 07:15:59+05:30
P-0001899,V-06,5,19.146577,72.861563,17.8,2026-06-16 07:16:17+05:30,2026-06-16 07:16:19+05:30
P-0001900,V-06,5,19.145838,72.861705,13.2,2026-06-16 07:16:40+05:30,2026-06-16 07:16:44+05:30
P-0001901,V-06,5,19.145084,72.861844,15.5,2026-06-16 07:16:57+05:30,2026-06-16 07:16:59+05:30
P-0001902,V-06,5,19.14434,72.861929,14.3,2026-06-16 07:17:16+05:30,2026-06-16 07:17:18+05:30
P-0001903,V-06,5,19.143572,72.862176,17.4,2026-06-16 07:17:37+05:30,2026-06-16 07:17:40+05:30
P-0001904,V-06,5,19.142846,72.862372,16.6,2026-06-16 07:17:59+05:30,2026-06-16 07:18:03+05:30
P-0001905,V-06,5,19.142079,72.86245,15.6,2026-06-16 07:18:19+05:30,2026-06-16 07:18:20+05:30
P-0001906,V-06,5,19.141318,72.862505,14.2,2026-06-16 07:18:39+05:30,2026-06-16 07:18:40+05:30
P-0001907,V-06,5,19.140474,72.862796,19.5,2026-06-16 07:19:00+05:30,2026-06-16 07:19:01+05:30
P-0001908,V-06,5,19.13971,72.862983,15.6,2026-06-16 07:19:18+05:30,2026-06-16 07:19:21+05:30
P-0001909,V-06,5,19.139018,72.863,13.7,2026-06-16 07:19:39+05:30,2026-06-16 07:19:43+05:30
P-0001910,V-06,5,19.138202,72.863335,18.1,2026-06-16 07:19:58+05:30,2026-06-16 07:20:00+05:30
P-0001911,V-06,5,19.137536,72.86337,13.2,2026-06-16 07:20:17+05:30,2026-06-16 07:20:19+05:30
P-0001912,V-06,5,19.136868,72.86348,13.7,2026-06-16 07:20:36+05:30,2026-06-16 07:20:39+05:30
P-0001913,V-06,5,19.135925,72.863691,20.4,2026-06-16 07:20:57+05:30,2026-06-16 07:21:00+05:30
P-0001914,V-06,5,19.135201,72.863874,14.9,2026-06-16 07:21:19+05:30,2026-06-16 07:21:20+05:30
P-0001915,V-06,5,19.13414,72.864049,23.3,2026-06-16 07:21:42+05:30,2026-06-16 07:21:43+05:30
P-0001916,V-06,5,19.13359,72.864115,11.1,2026-06-16 07:22:02+05:30,2026-06-16 07:22:05+05:30
P-0001917,V-06,5,19.132899,72.864397,13.4,2026-06-16 07:22:19+05:30,2026-06-16 07:22:23+05:30
P-0001918,V-06,5,19.132082,72.864547,17.8,2026-06-16 07:22:39+05:30,2026-06-16 07:22:41+05:30
P-0001919,V-06,5,19.131189,72.864762,17.7,2026-06-16 07:23:01+05:30,2026-06-16 07:23:05+05:30
P-0001920,V-06,5,19.13045,72.864969,13.6,2026-06-16 07:23:24+05:30,2026-06-16 07:23:25+05:30
P-0001921,V-06,5,19.129573,72.865051,17.0,2026-06-16 07:23:44+05:30,2026-06-16 07:23:45+05:30
P-0001922,V-06,5,19.128725,72.86514,17.8,2026-06-16 07:24:03+05:30,2026-06-16 07:24:04+05:30
P-0001923,V-06,5,19.128084,72.865268,11.6,2026-06-16 07:24:26+05:30,2026-06-16 07:24:29+05:30
P-0001924,V-06,5,19.127146,72.865566,20.6,2026-06-16 07:24:49+05:30,2026-06-16 07:24:53+05:30
P-0001925,V-06,5,19.126459,72.865682,12.1,2026-06-16 07:25:08+05:30,2026-06-16 07:25:11+05:30
P-0001926,V-06,5,19.125734,72.865842,16.6,2026-06-16 07:25:25+05:30,2026-06-16 07:25:27+05:30
P-0001927,V-06,5,19.124885,72.865873,17.5,2026-06-16 07:25:44+05:30,2026-06-16 07:25:45+05:30
P-0001928,V-06,5,19.124125,72.865867,14.4,2026-06-16 07:26:06+05:30,2026-06-16 07:26:10+05:30
P-0001929,V-06,5,19.123287,72.865881,17.2,2026-06-16 07:26:24+05:30,2026-06-16 07:26:27+05:30
P-0001930,V-06,5,19.122647,72.865876,13.5,2026-06-16 07:26:43+05:30,2026-06-16 07:26:46+05:30
P-0001931,V-06,5,19.121702,72.865893,19.0,2026-06-16 07:27:06+05:30,2026-06-16 07:27:10+05:30
P-0001932,V-06,5,19.121108,72.866023,13.8,2026-06-16 07:27:25+05:30,2026-06-16 07:27:28+05:30
P-0001933,V-06,5,19.120251,72.866004,17.3,2026-06-16 07:27:46+05:30,2026-06-16 07:27:49+05:30
P-0001934,V-06,5,19.119272,72.866186,18.8,2026-06-16 07:28:08+05:30,2026-06-16 07:28:12+05:30
P-0001935,V-06,5,19.118741,72.866237,10.2,2026-06-16 07:28:26+05:30,2026-06-16 07:28:30+05:30
P-0001936,V-06,5,19.117953,72.86636,17.1,2026-06-16 07:28:44+05:30,2026-06-16 07:28:46+05:30
P-0001937,V-06,5,19.117017,72.866391,19.7,2026-06-16 07:29:06+05:30,2026-06-16 07:29:08+05:30
P-0001938,V-06,5,19.116265,72.866505,13.7,2026-06-16 07:29:25+05:30,2026-06-16 07:29:28+05:30
P-0001939,V-06,5,19.115611,72.86651,14.6,2026-06-16 07:29:47+05:30,2026-06-16 07:29:48+05:30
P-0001940,V-06,5,19.114829,72.866431,15.6,2026-06-16 07:30:05+05:30,2026-06-16 07:30:09+05:30
P-0001941,V-06,5,19.113973,72.866681,19.5,2026-06-16 07:30:26+05:30,2026-06-16 07:30:30+05:30
P-0001942,V-06,5,19.113262,72.866587,12.8,2026-06-16 07:30:47+05:30,2026-06-16 07:30:51+05:30
P-0001943,V-06,5,19.112351,72.866654,20.0,2026-06-16 07:31:05+05:30,2026-06-16 07:31:07+05:30
P-0001944,V-06,5,19.111667,72.866786,12.3,2026-06-16 07:31:27+05:30,2026-06-16 07:31:31+05:30
P-0001945,V-06,5,19.110833,72.86679,15.5,2026-06-16 07:31:48+05:30,2026-06-16 07:31:50+05:30
P-0001946,V-06,5,19.110059,72.866782,14.1,2026-06-16 07:32:08+05:30,2026-06-16 07:32:10+05:30
P-0001947,V-06,5,19.109111,72.866907,19.5,2026-06-16 07:32:30+05:30,2026-06-16 07:32:34+05:30
P-0001948,V-06,5,19.108345,72.867038,17.0,2026-06-16 07:32:53+05:30,2026-06-16 07:32:54+05:30
P-0001949,V-06,5,19.107421,72.867003,17.6,2026-06-16 07:33:13+05:30,2026-06-16 07:33:16+05:30
P-0001950,V-06,5,19.106709,72.867122,16.0,2026-06-16 07:33:35+05:30,2026-06-16 07:33:38+05:30
P-0001951,V-06,5,19.105996,72.867102,15.9,2026-06-16 07:33:53+05:30,2026-06-16 07:33:56+05:30
P-0001952,V-06,5,19.105141,72.867145,16.2,2026-06-16 07:34:11+05:30,2026-06-16 07:34:15+05:30
P-0001953,V-06,5,19.104513,72.867254,11.0,2026-06-16 07:34:29+05:30,2026-06-16 07:34:30+05:30
P-0001954,V-06,5,19.10378,72.867088,14.4,2026-06-16 07:34:47+05:30,2026-06-16 07:34:48+05:30
P-0001955,V-06,5,19.102877,72.867262,17.7,2026-06-16 07:35:10+05:30,2026-06-16 07:35:11+05:30
P-0001956,V-06,5,19.102369,72.867108,11.6,2026-06-16 07:35:27+05:30,2026-06-16 07:35:29+05:30
P-0001957,V-06,5,19.10157,72.867129,16.0,2026-06-16 07:35:47+05:30,2026-06-16 07:35:50+05:30
P-0001958,V-06,5,19.100512,72.867222,20.0,2026-06-16 07:36:09+05:30,2026-06-16 07:36:11+05:30
P-0001959,V-06,5,19.099729,72.867205,15.1,2026-06-16 07:36:30+05:30,2026-06-16 07:36:32+05:30
P-0001960,V-06,5,19.099052,72.867097,12.7,2026-06-16 07:36:51+05:30,2026-06-16 07:36:54+05:30
P-0001961,V-06,5,19.098172,72.867044,16.4,2026-06-16 07:37:11+05:30,2026-06-16 07:37:15+05:30
P-0001962,V-06,5,19.097304,72.867108,16.5,2026-06-16 07:37:33+05:30,2026-06-16 07:37:34+05:30
P-0001963,V-06,5,19.096396,72.867231,19.4,2026-06-16 07:37:55+05:30,2026-06-16 07:37:56+05:30
P-0001964,V-06,5,19.095576,72.867014,17.7,2026-06-16 07:38:17+05:30,2026-06-16 07:38:21+05:30
P-0001965,V-06,5,19.094858,72.86709,15.3,2026-06-16 07:38:36+05:30,2026-06-16 07:38:38+05:30
P-0001966,V-06,5,19.09393,72.867091,18.5,2026-06-16 07:38:58+05:30,2026-06-16 07:39:02+05:30
P-0001967,V-06,5,19.09323,72.867097,14.9,2026-06-16 07:39:19+05:30,2026-06-16 07:39:20+05:30
P-0001968,V-06,5,19.092422,72.867139,14.4,2026-06-16 07:39:36+05:30,2026-06-16 07:39:37+05:30
P-0001969,V-06,5,19.091648,72.867091,16.4,2026-06-16 07:39:57+05:30,2026-06-16 07:40:00+05:30
P-0001970,V-06,5,19.090917,72.867023,13.3,2026-06-16 07:40:18+05:30,2026-06-16 07:40:21+05:30
P-0001971,V-06,5,19.090049,72.867176,16.3,2026-06-16 07:40:40+05:30,2026-06-16 07:40:43+05:30
P-0001972,V-06,5,19.08934,72.866964,16.4,2026-06-16 07:41:00+05:30,2026-06-16 07:41:04+05:30
P-0001973,V-06,5,19.088455,72.867098,17.1,2026-06-16 07:41:19+05:30,2026-06-16 07:41:20+05:30
P-0001974,V-06,5,19.08759,72.866967,19.2,2026-06-16 07:41:41+05:30,2026-06-16 07:41:43+05:30
P-0001975,V-06,5,19.086955,72.867061,12.4,2026-06-16 07:42:01+05:30,2026-06-16 07:42:04+05:30
P-0001976,V-06,5,19.086186,72.866974,15.9,2026-06-16 07:42:20+05:30,2026-06-16 07:42:22+05:30
P-0001977,V-06,5,19.085242,72.867134,19.0,2026-06-16 07:42:42+05:30,2026-06-16 07:42:45+05:30
P-0001978,V-06,5,19.084633,72.867105,10.8,2026-06-16 07:43:01+05:30,2026-06-16 07:43:03+05:30
P-0001979,V-06,5,19.083828,72.8671,15.4,2026-06-16 07:43:18+05:30,2026-06-16 07:43:22+05:30
P-0001980,V-06,5,19.083173,72.867121,13.3,2026-06-16 07:43:36+05:30,2026-06-16 07:43:38+05:30
P-0001981,V-06,5,19.082386,72.867146,17.3,2026-06-16 07:43:59+05:30,2026-06-16 07:44:01+05:30
P-0001982,V-06,5,19.081653,72.867304,13.2,2026-06-16 07:44:17+05:30,2026-06-16 07:44:21+05:30
P-0001983,V-06,5,19.080789,72.867316,16.6,2026-06-16 07:44:40+05:30,2026-06-16 07:44:41+05:30
P-0001984,V-06,5,19.079908,72.867405,19.4,2026-06-16 07:45:02+05:30,2026-06-16 07:45:06+05:30
P-0001985,V-06,5,19.079017,72.867612,18.8,2026-06-16 07:45:25+05:30,2026-06-16 07:45:28+05:30
P-0001986,V-06,5,19.078077,72.867534,18.2,2026-06-16 07:45:47+05:30,2026-06-16 07:45:48+05:30
P-0001987,V-06,5,19.077388,72.867654,12.3,2026-06-16 07:46:07+05:30,2026-06-16 07:46:10+05:30
P-0001988,V-06,5,19.076455,72.867701,20.2,2026-06-16 07:46:29+05:30,2026-06-16 07:46:33+05:30
P-0001989,V-06,5,19.07564,72.867787,16.2,2026-06-16 07:46:51+05:30,2026-06-16 07:46:53+05:30
P-0001990,V-06,5,19.074756,72.868025,18.2,2026-06-16 07:47:13+05:30,2026-06-16 07:47:14+05:30
P-0001991,V-06,5,19.073842,72.868081,19.4,2026-06-16 07:47:36+05:30,2026-06-16 07:47:40+05:30
P-0001992,V-06,5,19.073058,72.868276,16.4,2026-06-16 07:47:54+05:30,2026-06-16 07:47:55+05:30
P-0001993,V-06,5,19.072356,72.868252,14.7,2026-06-16 07:48:14+05:30,2026-06-16 07:48:18+05:30
P-0001994,V-06,5,19.071662,72.868458,15.0,2026-06-16 07:48:32+05:30,2026-06-16 07:48:34+05:30
P-0001995,V-06,5,19.070883,72.86835,17.2,2026-06-16 07:48:52+05:30,2026-06-16 07:48:53+05:30
P-0001996,V-06,5,19.070284,72.868414,10.2,2026-06-16 07:49:10+05:30,2026-06-16 07:49:11+05:30
P-0001997,V-06,5,19.069566,72.868659,15.5,2026-06-16 07:49:28+05:30,2026-06-16 07:49:32+05:30
P-0001998,V-06,5,19.068641,72.868781,16.9,2026-06-16 07:49:50+05:30,2026-06-16 07:49:54+05:30
P-0001999,V-06,5,19.067902,72.868738,14.4,2026-06-16 07:50:10+05:30,2026-06-16 07:50:13+05:30
P-0002000,V-06,5,19.06712,72.868941,15.6,2026-06-16 07:50:32+05:30,2026-06-16 07:50:36+05:30
P-0002001,V-06,5,19.066174,72.868873,17.1,2026-06-16 07:50:52+05:30,2026-06-16 07:50:55+05:30
P-0002002,V-06,5,19.066234,72.869048,5.0,2026-06-16 07:51:15+05:30,2026-06-16 07:51:16+05:30
P-0002003,V-06,5,19.066256,72.868892,1.1,2026-06-16 07:51:37+05:30,2026-06-16 07:51:38+05:30
P-0002004,V-06,5,19.066113,72.86891,1.7,2026-06-16 07:51:56+05:30,2026-06-16 07:51:59+05:30
P-0002005,V-06,5,19.066233,72.869009,4.7,2026-06-16 07:52:15+05:30,2026-06-16 07:52:19+05:30
P-0002006,V-06,5,19.066203,72.868971,1.1,2026-06-16 07:52:32+05:30,2026-06-16 07:52:35+05:30
P-0002007,V-06,5,19.066264,72.868882,3.1,2026-06-16 07:52:54+05:30,2026-06-16 07:52:55+05:30
P-0002008,V-06,5,19.066148,72.869095,3.9,2026-06-16 07:53:12+05:30,2026-06-16 07:53:13+05:30
P-0002009,V-06,5,19.066143,72.869103,1.0,2026-06-16 07:53:30+05:30,2026-06-16 07:53:31+05:30
P-0002010,V-06,5,19.066211,72.869061,1.9,2026-06-16 07:53:47+05:30,2026-06-16 07:53:49+05:30
P-0002011,V-06,5,19.066158,72.86905,2.3,2026-06-16 07:54:08+05:30,2026-06-16 07:54:11+05:30
P-0002012,V-06,5,19.066136,72.868993,0.0,2026-06-16 07:54:30+05:30,2026-06-16 07:54:33+05:30
P-0002013,V-06,5,19.066085,72.869038,0.0,2026-06-16 07:54:50+05:30,2026-06-16 07:54:52+05:30
P-0002014,V-06,5,19.066269,72.869077,4.1,2026-06-16 07:55:11+05:30,2026-06-16 07:55:12+05:30
P-0002015,V-06,5,19.066166,72.868979,3.3,2026-06-16 07:55:31+05:30,2026-06-16 07:55:35+05:30
P-0002016,V-06,5,19.066219,72.869105,2.7,2026-06-16 07:55:51+05:30,2026-06-16 07:55:54+05:30
P-0002017,V-06,5,19.066124,72.869084,2.4,2026-06-16 07:56:14+05:30,2026-06-16 07:56:16+05:30
P-0002018,V-06,5,19.066284,72.869057,2.5,2026-06-16 07:56:32+05:30,2026-06-16 07:56:34+05:30
P-0002019,V-06,5,19.066266,72.868908,3.3,2026-06-16 07:56:52+05:30,2026-06-16 07:56:56+05:30
P-0002020,V-06,5,19.066304,72.869018,3.9,2026-06-16 07:57:13+05:30,2026-06-16 07:57:15+05:30
P-0002021,V-06,5,19.066245,72.868978,0.9,2026-06-16 07:57:35+05:30,2026-06-16 07:57:37+05:30
P-0002022,V-06,5,19.066104,72.869001,2.5,2026-06-16 07:57:53+05:30,2026-06-16 07:57:57+05:30
P-0002023,V-06,5,19.066175,72.868989,0.6,2026-06-16 07:58:14+05:30,2026-06-16 07:58:16+05:30
P-0002024,V-06,5,19.066085,72.868985,1.2,2026-06-16 07:58:31+05:30,2026-06-16 07:58:33+05:30
P-0002025,V-06,5,19.066316,72.868957,5.2,2026-06-16 07:58:52+05:30,2026-06-16 07:58:56+05:30
P-0002026,V-06,5,19.066139,72.8691,2.9,2026-06-16 07:59:13+05:30,2026-06-16 07:59:16+05:30
P-0002027,V-06,5,19.066104,72.86905,2.6,2026-06-16 07:59:33+05:30,2026-06-16 07:59:35+05:30
P-0002028,V-06,5,19.066117,72.869066,0.0,2026-06-16 07:59:50+05:30,2026-06-16 07:59:53+05:30
P-0002029,V-06,5,19.066212,72.869111,3.3,2026-06-16 08:00:10+05:30,2026-06-16 08:00:13+05:30
P-0002030,V-06,5,19.066233,72.868963,1.2,2026-06-16 08:00:33+05:30,2026-06-16 08:00:37+05:30
P-0002031,V-06,5,19.066279,72.869051,2.5,2026-06-16 08:00:54+05:30,2026-06-16 08:00:56+05:30
P-0002032,V-06,5,19.066311,72.868929,2.0,2026-06-16 08:01:17+05:30,2026-06-16 08:01:21+05:30
P-0002033,V-06,5,19.066162,72.868956,4.0,2026-06-16 08:01:39+05:30,2026-06-16 08:01:40+05:30
P-0002034,V-06,5,19.066126,72.869046,0.9,2026-06-16 08:01:59+05:30,2026-06-16 08:02:00+05:30
P-0002035,V-06,5,19.066261,72.86897,3.5,2026-06-16 08:02:21+05:30,2026-06-16 08:02:23+05:30
P-0002036,V-06,5,19.066315,72.868941,1.4,2026-06-16 08:02:44+05:30,2026-06-16 08:02:48+05:30
P-0002037,V-06,5,19.06631,72.869041,0.4,2026-06-16 08:03:05+05:30,2026-06-16 08:03:06+05:30
P-0002038,V-06,5,19.066112,72.869061,4.6,2026-06-16 08:03:23+05:30,2026-06-16 08:03:25+05:30
P-0002039,V-06,5,19.066179,72.869079,3.3,2026-06-16 08:03:46+05:30,2026-06-16 08:03:48+05:30
P-0002040,V-06,5,19.066271,72.868896,5.5,2026-06-16 08:04:03+05:30,2026-06-16 08:04:06+05:30
P-0002041,V-06,5,19.066153,72.868975,1.6,2026-06-16 08:04:21+05:30,2026-06-16 08:04:24+05:30
P-0002042,V-06,5,19.066175,72.86891,1.8,2026-06-16 08:04:43+05:30,2026-06-16 08:04:45+05:30
P-0002043,V-06,5,19.066299,72.869046,5.3,2026-06-16 08:05:00+05:30,2026-06-16 08:05:02+05:30
P-0002044,V-06,5,19.06612,72.868953,2.5,2026-06-16 08:05:23+05:30,2026-06-16 08:05:25+05:30
P-0002045,V-06,5,19.066228,72.86904,1.1,2026-06-16 08:05:42+05:30,2026-06-16 08:05:43+05:30
P-0002046,V-06,5,19.066081,72.868929,3.5,2026-06-16 08:06:04+05:30,2026-06-16 08:06:06+05:30
P-0002047,V-06,5,19.066284,72.868967,5.8,2026-06-16 08:06:21+05:30,2026-06-16 08:06:23+05:30
P-0002048,V-06,5,19.066175,72.86904,1.7,2026-06-16 08:06:44+05:30,2026-06-16 08:06:47+05:30
P-0002049,V-06,5,19.066155,72.869008,0.7,2026-06-16 08:07:03+05:30,2026-06-16 08:07:04+05:30
P-0002050,V-06,5,19.066214,72.869098,1.9,2026-06-16 08:07:20+05:30,2026-06-16 08:07:22+05:30
P-0002051,V-06,5,19.066305,72.869025,2.4,2026-06-16 08:07:41+05:30,2026-06-16 08:07:45+05:30
P-0002052,V-06,5,19.066243,72.869014,1.4,2026-06-16 08:08:00+05:30,2026-06-16 08:08:03+05:30
P-0002053,V-06,5,19.066191,72.869038,0.0,2026-06-16 08:08:22+05:30,2026-06-16 08:08:24+05:30
P-0002054,V-06,5,19.066283,72.868909,4.7,2026-06-16 08:08:45+05:30,2026-06-16 08:08:49+05:30
P-0002055,V-06,5,19.066147,72.868987,1.5,2026-06-16 08:09:03+05:30,2026-06-16 08:09:06+05:30
P-0002056,V-06,5,19.066139,72.868927,1.6,2026-06-16 08:09:20+05:30,2026-06-16 08:09:23+05:30
P-0002057,V-06,5,19.066116,72.869043,1.3,2026-06-16 08:09:43+05:30,2026-06-16 08:09:44+05:30
P-0002058,V-06,5,19.066166,72.868892,4.1,2026-06-16 08:10:04+05:30,2026-06-16 08:10:05+05:30
P-0002059,V-06,5,19.066284,72.869035,4.3,2026-06-16 08:10:24+05:30,2026-06-16 08:10:28+05:30
P-0002060,V-06,5,19.066163,72.869029,2.9,2026-06-16 08:10:42+05:30,2026-06-16 08:10:46+05:30
P-0002061,V-06,5,19.066159,72.869059,2.2,2026-06-16 08:11:01+05:30,2026-06-16 08:11:03+05:30
P-0002062,V-06,5,19.066128,72.869013,2.6,2026-06-16 08:11:23+05:30,2026-06-16 08:11:24+05:30
P-0002063,V-06,5,19.066124,72.869119,1.5,2026-06-16 08:11:42+05:30,2026-06-16 08:11:45+05:30
P-0002064,V-06,5,19.066102,72.869032,1.8,2026-06-16 08:12:01+05:30,2026-06-16 08:12:02+05:30
P-0002065,V-06,5,19.066268,72.869101,4.9,2026-06-16 08:12:23+05:30,2026-06-16 08:12:25+05:30
P-0002066,V-06,5,19.066262,72.868935,2.1,2026-06-16 08:12:45+05:30,2026-06-16 08:12:48+05:30
P-0002067,V-06,5,19.066166,72.868992,2.4,2026-06-16 08:13:03+05:30,2026-06-16 08:13:07+05:30
P-0002068,V-06,5,19.066269,72.869085,3.3,2026-06-16 08:13:25+05:30,2026-06-16 08:13:28+05:30
P-0002069,V-06,5,19.066133,72.868885,5.6,2026-06-16 08:13:45+05:30,2026-06-16 08:13:48+05:30
P-0002070,V-06,5,19.066229,72.869047,5.4,2026-06-16 08:14:07+05:30,2026-06-16 08:14:09+05:30
P-0002071,V-06,5,19.066111,72.86905,3.6,2026-06-16 08:14:30+05:30,2026-06-16 08:14:33+05:30
P-0002072,V-06,5,19.066234,72.869097,3.5,2026-06-16 08:14:50+05:30,2026-06-16 08:14:52+05:30
P-0002073,V-06,5,19.06613,72.868961,4.6,2026-06-16 08:15:09+05:30,2026-06-16 08:15:12+05:30
P-0002074,V-06,5,19.066239,72.869011,1.6,2026-06-16 08:15:26+05:30,2026-06-16 08:15:30+05:30
P-0002075,V-06,5,19.06613,72.869115,4.2,2026-06-16 08:15:48+05:30,2026-06-16 08:15:52+05:30
P-0002076,V-10,5,19.172685,72.956827,0.6,2026-06-16 07:02:00+05:30,2026-06-16 07:02:03+05:30
P-0002077,V-10,5,19.172465,72.956323,10.9,2026-06-16 07:02:20+05:30,2026-06-16 07:02:22+05:30
P-0002078,V-10,5,19.172101,72.955675,13.4,2026-06-16 07:02:39+05:30,2026-06-16 07:02:43+05:30
P-0002079,V-10,5,19.172037,72.955244,10.1,2026-06-16 07:02:56+05:30,2026-06-16 07:02:59+05:30
P-0002080,V-10,5,19.17175,72.954662,10.9,2026-06-16 07:03:16+05:30,2026-06-16 07:03:20+05:30
P-0002081,V-10,5,19.171571,72.954336,6.5,2026-06-16 07:03:33+05:30,2026-06-16 07:03:36+05:30
P-0002082,V-10,5,19.171431,72.953765,9.4,2026-06-16 07:03:51+05:30,2026-06-16 07:03:53+05:30
P-0002083,V-10,5,19.171161,72.953183,11.4,2026-06-16 07:04:12+05:30,2026-06-16 07:04:14+05:30
P-0002084,V-10,5,19.170977,72.952704,8.7,2026-06-16 07:04:29+05:30,2026-06-16 07:04:30+05:30
P-0002085,V-10,5,19.170739,72.952319,10.6,2026-06-16 07:04:52+05:30,2026-06-16 07:04:53+05:30
P-0002086,V-10,5,19.170531,72.951738,12.9,2026-06-16 07:05:10+05:30,2026-06-16 07:05:14+05:30
P-0002087,V-10,5,19.170213,72.951288,10.0,2026-06-16 07:05:30+05:30,2026-06-16 07:05:31+05:30
P-0002088,V-10,5,19.170058,72.950719,9.6,2026-06-16 07:05:48+05:30,2026-06-16 07:05:50+05:30
P-0002089,V-10,5,19.169853,72.950298,8.8,2026-06-16 07:06:05+05:30,2026-06-16 07:06:07+05:30
P-0002090,V-10,5,19.169454,72.949733,14.6,2026-06-16 07:06:27+05:30,2026-06-16 07:06:31+05:30
P-0002091,V-10,5,19.169202,72.949058,13.9,2026-06-16 07:06:48+05:30,2026-06-16 07:06:51+05:30
P-0002092,V-10,5,19.169211,72.948663,5.9,2026-06-16 07:07:06+05:30,2026-06-16 07:07:07+05:30
P-0002093,V-10,5,19.168854,72.948229,9.7,2026-06-16 07:07:23+05:30,2026-06-16 07:07:27+05:30
P-0002094,V-10,5,19.168574,72.947685,10.8,2026-06-16 07:07:42+05:30,2026-06-16 07:07:43+05:30
P-0002095,V-10,5,19.168458,72.947148,8.9,2026-06-16 07:08:04+05:30,2026-06-16 07:08:07+05:30
P-0002096,V-10,5,19.168143,72.946545,12.2,2026-06-16 07:08:26+05:30,2026-06-16 07:08:27+05:30
P-0002097,V-10,5,19.167882,72.945884,13.0,2026-06-16 07:08:44+05:30,2026-06-16 07:08:45+05:30
P-0002098,V-10,5,19.167624,72.945469,9.5,2026-06-16 07:09:05+05:30,2026-06-16 07:09:06+05:30
P-0002099,V-10,5,19.167547,72.945027,9.9,2026-06-16 07:09:23+05:30,2026-06-16 07:09:24+05:30
P-0002100,V-10,5,19.167301,72.944484,10.5,2026-06-16 07:09:40+05:30,2026-06-16 07:09:43+05:30
P-0002101,V-10,5,19.16679,72.944163,10.8,2026-06-16 07:09:59+05:30,2026-06-16 07:10:02+05:30
P-0002102,V-10,5,19.166616,72.943645,10.3,2026-06-16 07:10:16+05:30,2026-06-16 07:10:20+05:30
P-0002103,V-10,5,19.16631,72.943259,8.5,2026-06-16 07:10:35+05:30,2026-06-16 07:10:37+05:30
P-0002104,V-10,5,19.1659,72.942908,12.2,2026-06-16 07:10:56+05:30,2026-06-16 07:10:58+05:30
P-0002105,V-10,5,19.165395,72.942338,15.8,2026-06-16 07:11:19+05:30,2026-06-16 07:11:22+05:30
P-0002106,V-10,5,19.165029,72.941843,12.6,2026-06-16 07:11:40+05:30,2026-06-16 07:11:41+05:30
P-0002107,V-10,5,19.164767,72.941313,10.5,2026-06-16 07:11:58+05:30,2026-06-16 07:12:01+05:30
P-0002108,V-10,5,19.164575,72.941061,5.5,2026-06-16 07:12:16+05:30,2026-06-16 07:12:19+05:30
P-0002109,V-10,5,19.164127,72.940558,14.0,2026-06-16 07:12:39+05:30,2026-06-16 07:12:40+05:30
P-0002110,V-10,5,19.16379,72.939999,13.0,2026-06-16 07:13:02+05:30,2026-06-16 07:13:06+05:30
P-0002111,V-10,5,19.16333,72.939619,12.9,2026-06-16 07:13:20+05:30,2026-06-16 07:13:22+05:30
P-0002112,V-10,5,19.163004,72.939061,13.9,2026-06-16 07:13:42+05:30,2026-06-16 07:13:45+05:30
P-0002113,V-10,5,19.162508,72.938636,12.4,2026-06-16 07:14:05+05:30,2026-06-16 07:14:08+05:30
P-0002114,V-10,5,19.162208,72.938052,13.5,2026-06-16 07:14:23+05:30,2026-06-16 07:14:25+05:30
P-0002115,V-10,5,19.161971,72.937831,6.1,2026-06-16 07:14:40+05:30,2026-06-16 07:14:44+05:30
P-0002116,V-10,5,19.161516,72.937186,14.1,2026-06-16 07:15:02+05:30,2026-06-16 07:15:05+05:30
P-0002117,V-10,5,19.161312,72.936798,7.9,2026-06-16 07:15:20+05:30,2026-06-16 07:15:24+05:30
P-0002118,V-10,5,19.160922,72.936448,8.8,2026-06-16 07:15:40+05:30,2026-06-16 07:15:43+05:30
P-0002119,V-10,5,19.160516,72.935846,14.0,2026-06-16 07:16:02+05:30,2026-06-16 07:16:06+05:30
P-0002120,V-10,5,19.160283,72.935416,9.4,2026-06-16 07:16:23+05:30,2026-06-16 07:16:25+05:30
P-0002121,V-10,5,19.15991,72.934893,13.0,2026-06-16 07:16:44+05:30,2026-06-16 07:16:48+05:30
P-0002122,V-10,5,19.159576,72.934573,10.3,2026-06-16 07:17:01+05:30,2026-06-16 07:17:04+05:30
P-0002123,V-10,5,19.159191,72.934131,10.3,2026-06-16 07:17:19+05:30,2026-06-16 07:17:23+05:30
P-0002124,V-10,5,19.158859,72.933682,12.6,2026-06-16 07:17:39+05:30,2026-06-16 07:17:42+05:30
P-0002125,V-10,5,19.158471,72.933159,13.6,2026-06-16 07:18:02+05:30,2026-06-16 07:18:04+05:30
P-0002126,V-10,5,19.158039,72.932835,10.1,2026-06-16 07:18:20+05:30,2026-06-16 07:18:23+05:30
P-0002127,V-10,5,19.157744,72.93212,13.4,2026-06-16 07:18:43+05:30,2026-06-16 07:18:44+05:30
P-0002128,V-10,5,19.157388,72.931777,9.5,2026-06-16 07:19:02+05:30,2026-06-16 07:19:03+05:30
P-0002129,V-10,5,19.157046,72.931232,12.5,2026-06-16 07:19:25+05:30,2026-06-16 07:19:26+05:30
P-0002130,V-10,5,19.156666,72.930719,13.7,2026-06-16 07:19:43+05:30,2026-06-16 07:19:46+05:30
P-0002131,V-10,5,19.15628,72.930507,8.7,2026-06-16 07:20:00+05:30,2026-06-16 07:20:03+05:30
P-0002132,V-10,5,19.155957,72.930029,11.0,2026-06-16 07:20:17+05:30,2026-06-16 07:20:21+05:30
P-0002133,V-10,5,19.15557,72.929765,9.7,2026-06-16 07:20:37+05:30,2026-06-16 07:20:40+05:30
P-0002134,V-10,5,19.155159,72.929565,9.6,2026-06-16 07:20:54+05:30,2026-06-16 07:20:55+05:30
P-0002135,V-10,5,19.15467,72.929011,12.5,2026-06-16 07:21:14+05:30,2026-06-16 07:21:16+05:30
P-0002136,V-10,5,19.154388,72.92877,5.3,2026-06-16 07:21:31+05:30,2026-06-16 07:21:33+05:30
P-0002137,V-10,5,19.153853,72.928428,12.3,2026-06-16 07:21:50+05:30,2026-06-16 07:21:52+05:30
P-0002138,V-10,5,19.153407,72.928075,12.0,2026-06-16 07:22:12+05:30,2026-06-16 07:22:13+05:30
P-0002139,V-10,5,19.152832,72.927813,14.1,2026-06-16 07:22:34+05:30,2026-06-16 07:22:36+05:30
P-0002140,V-10,5,19.152371,72.927333,14.8,2026-06-16 07:22:57+05:30,2026-06-16 07:23:01+05:30
P-0002141,V-10,5,19.151904,72.927069,9.2,2026-06-16 07:23:19+05:30,2026-06-16 07:23:20+05:30
P-0002142,V-10,5,19.151528,72.926656,9.6,2026-06-16 07:23:38+05:30,2026-06-16 07:23:39+05:30
P-0002143,V-10,5,19.150879,72.926296,14.7,2026-06-16 07:24:00+05:30,2026-06-16 07:24:03+05:30
P-0002144,V-10,5,19.150506,72.926028,10.7,2026-06-16 07:24:23+05:30,2026-06-16 07:24:25+05:30
P-0002145,V-10,5,19.149967,72.925606,13.7,2026-06-16 07:24:44+05:30,2026-06-16 07:24:46+05:30
P-0002146,V-10,5,19.149458,72.925351,10.7,2026-06-16 07:25:04+05:30,2026-06-16 07:25:08+05:30
P-0002147,V-10,5,19.148886,72.924972,14.7,2026-06-16 07:25:25+05:30,2026-06-16 07:25:27+05:30
P-0002148,V-10,5,19.148495,72.924636,11.8,2026-06-16 07:25:47+05:30,2026-06-16 07:25:50+05:30
P-0002149,V-10,5,19.148004,72.924388,9.6,2026-06-16 07:26:09+05:30,2026-06-16 07:26:11+05:30
P-0002150,V-10,5,19.147593,72.92399,11.3,2026-06-16 07:26:30+05:30,2026-06-16 07:26:31+05:30
P-0002151,V-10,5,19.147099,72.923709,11.6,2026-06-16 07:26:49+05:30,2026-06-16 07:26:50+05:30
P-0002152,V-10,5,19.146508,72.92342,13.9,2026-06-16 07:27:10+05:30,2026-06-16 07:27:14+05:30
P-0002153,V-10,5,19.146088,72.92306,12.3,2026-06-16 07:27:30+05:30,2026-06-16 07:27:33+05:30
P-0002154,V-10,5,19.145729,72.922423,12.9,2026-06-16 07:27:52+05:30,2026-06-16 07:27:54+05:30
P-0002155,V-10,5,19.145336,72.921984,11.4,2026-06-16 07:28:14+05:30,2026-06-16 07:28:17+05:30
P-0002156,V-10,5,19.144938,72.921465,11.1,2026-06-16 07:28:35+05:30,2026-06-16 07:28:39+05:30
P-0002157,V-10,5,19.144757,72.921012,8.7,2026-06-16 07:28:56+05:30,2026-06-16 07:29:00+05:30
P-0002158,V-10,5,19.144374,72.920299,17.3,2026-06-16 07:29:19+05:30,2026-06-16 07:29:21+05:30
P-0002159,V-10,5,19.14405,72.919853,12.3,2026-06-16 07:29:42+05:30,2026-06-16 07:29:44+05:30
P-0002160,V-10,5,19.143658,72.919239,12.8,2026-06-16 07:30:05+05:30,2026-06-16 07:30:07+05:30
P-0002161,V-10,5,19.143447,72.918691,10.1,2026-06-16 07:30:28+05:30,2026-06-16 07:30:32+05:30
P-0002162,V-10,5,19.143109,72.918079,13.1,2026-06-16 07:30:48+05:30,2026-06-16 07:30:52+05:30
P-0002163,V-10,5,19.142737,72.917724,9.6,2026-06-16 07:31:07+05:30,2026-06-16 07:31:09+05:30
P-0002164,V-10,5,19.142396,72.917063,13.6,2026-06-16 07:31:29+05:30,2026-06-16 07:31:31+05:30
P-0002165,V-10,5,19.142314,72.916622,9.2,2026-06-16 07:31:48+05:30,2026-06-16 07:31:50+05:30
P-0002166,V-10,5,19.141968,72.916204,11.3,2026-06-16 07:32:08+05:30,2026-06-16 07:32:11+05:30
P-0002167,V-10,5,19.141538,72.915719,13.8,2026-06-16 07:32:29+05:30,2026-06-16 07:32:33+05:30
P-0002168,V-10,5,19.141229,72.915276,10.6,2026-06-16 07:32:48+05:30,2026-06-16 07:32:52+05:30
P-0002169,V-10,5,19.141093,72.914614,13.6,2026-06-16 07:33:09+05:30,2026-06-16 07:33:12+05:30
P-0002170,V-10,5,19.140727,72.914257,8.1,2026-06-16 07:33:27+05:30,2026-06-16 07:33:29+05:30
P-0002171,V-10,5,19.140389,72.913604,12.7,2026-06-16 07:33:50+05:30,2026-06-16 07:33:51+05:30
P-0002172,V-10,5,19.140023,72.913227,11.3,2026-06-16 07:34:10+05:30,2026-06-16 07:34:12+05:30
P-0002173,V-10,5,19.139789,72.912571,11.5,2026-06-16 07:34:32+05:30,2026-06-16 07:34:34+05:30
P-0002174,V-10,5,19.139531,72.912126,11.1,2026-06-16 07:34:49+05:30,2026-06-16 07:34:53+05:30
P-0002175,V-10,5,19.13914,72.911548,15.1,2026-06-16 07:35:11+05:30,2026-06-16 07:35:13+05:30
P-0002176,V-10,5,19.138974,72.911074,11.0,2026-06-16 07:35:30+05:30,2026-06-16 07:35:32+05:30
P-0002177,V-10,5,19.138561,72.910722,10.0,2026-06-16 07:35:50+05:30,2026-06-16 07:35:51+05:30
P-0002178,V-10,5,19.138228,72.909992,16.3,2026-06-16 07:36:12+05:30,2026-06-16 07:36:16+05:30
P-0002179,V-10,5,19.137967,72.909558,8.9,2026-06-16 07:36:33+05:30,2026-06-16 07:36:37+05:30
P-0002180,V-10,5,19.137806,72.909095,11.3,2026-06-16 07:36:50+05:30,2026-06-16 07:36:53+05:30
P-0002181,V-10,5,19.137388,72.908711,12.7,2026-06-16 07:37:07+05:30,2026-06-16 07:37:09+05:30
P-0002182,V-10,5,19.137278,72.90823,9.6,2026-06-16 07:37:24+05:30,2026-06-16 07:37:28+05:30
P-0002183,V-10,5,19.137039,72.90776,10.6,2026-06-16 07:37:45+05:30,2026-06-16 07:37:46+05:30
P-0002184,V-10,5,19.136714,72.907162,11.7,2026-06-16 07:38:08+05:30,2026-06-16 07:38:09+05:30
P-0002185,V-10,5,19.136324,72.906727,9.7,2026-06-16 07:38:30+05:30,2026-06-16 07:38:33+05:30
P-0002186,V-10,5,19.136005,72.906231,9.8,2026-06-16 07:38:52+05:30,2026-06-16 07:38:53+05:30
P-0002187,V-10,5,19.135568,72.905678,14.7,2026-06-16 07:39:09+05:30,2026-06-16 07:39:12+05:30
P-0002188,V-10,5,19.135341,72.905338,9.5,2026-06-16 07:39:29+05:30,2026-06-16 07:39:31+05:30
P-0002189,V-10,5,19.135014,72.904627,13.8,2026-06-16 07:39:50+05:30,2026-06-16 07:39:51+05:30
P-0002190,V-10,5,19.134701,72.904239,7.8,2026-06-16 07:40:10+05:30,2026-06-16 07:40:13+05:30
P-0002191,V-10,5,19.134287,72.903733,11.3,2026-06-16 07:40:33+05:30,2026-06-16 07:40:37+05:30
P-0002192,V-10,5,19.133964,72.903047,15.8,2026-06-16 07:40:55+05:30,2026-06-16 07:40:58+05:30
P-0002193,V-10,5,19.133647,72.90276,10.0,2026-06-16 07:41:15+05:30,2026-06-16 07:41:19+05:30
P-0002194,V-10,5,19.13345,72.902328,9.2,2026-06-16 07:41:32+05:30,2026-06-16 07:41:35+05:30
P-0002195,V-10,5,19.133053,72.901598,17.3,2026-06-16 07:41:54+05:30,2026-06-16 07:41:57+05:30
P-0002196,V-10,5,19.132933,72.901387,3.9,2026-06-16 07:42:11+05:30,2026-06-16 07:42:15+05:30
P-0002197,V-10,5,19.132495,72.900923,10.9,2026-06-16 07:42:29+05:30,2026-06-16 07:42:31+05:30
P-0002198,V-10,5,19.132335,72.900443,9.2,2026-06-16 07:42:48+05:30,2026-06-16 07:42:52+05:30
P-0002199,V-10,5,19.131978,72.899984,12.4,2026-06-16 07:43:05+05:30,2026-06-16 07:43:09+05:30
P-0002200,V-10,5,19.131662,72.899557,10.8,2026-06-16 07:43:23+05:30,2026-06-16 07:43:26+05:30
P-0002201,V-10,5,19.131418,72.898931,12.5,2026-06-16 07:43:43+05:30,2026-06-16 07:43:47+05:30
P-0002202,V-10,5,19.13119,72.898625,8.7,2026-06-16 07:44:00+05:30,2026-06-16 07:44:04+05:30
P-0002203,V-10,5,19.130761,72.898096,12.0,2026-06-16 07:44:19+05:30,2026-06-16 07:44:20+05:30
P-0002204,V-10,5,19.130628,72.897749,5.5,2026-06-16 07:44:37+05:30,2026-06-16 07:44:38+05:30
P-0002205,V-10,5,19.130254,72.897185,11.1,2026-06-16 07:45:00+05:30,2026-06-16 07:45:02+05:30
P-0002206,V-10,5,19.129849,72.896749,11.6,2026-06-16 07:45:20+05:30,2026-06-16 07:45:24+05:30
P-0002207,V-10,5,19.12934,72.896227,16.1,2026-06-16 07:45:43+05:30,2026-06-16 07:45:47+05:30
P-0002208,V-10,5,19.129131,72.895752,10.3,2026-06-16 07:46:02+05:30,2026-06-16 07:46:05+05:30
P-0002209,V-10,5,19.128805,72.895225,10.0,2026-06-16 07:46:22+05:30,2026-06-16 07:46:25+05:30
P-0002210,V-10,5,19.128414,72.894893,9.2,2026-06-16 07:46:40+05:30,2026-06-16 07:46:43+05:30
P-0002211,V-10,5,19.128139,72.894504,10.8,2026-06-16 07:47:03+05:30,2026-06-16 07:47:07+05:30
P-0002212,V-10,5,19.127632,72.893811,15.8,2026-06-16 07:47:26+05:30,2026-06-16 07:47:29+05:30
P-0002213,V-10,5,19.127293,72.893555,8.4,2026-06-16 07:47:43+05:30,2026-06-16 07:47:45+05:30
P-0002214,V-10,5,19.126978,72.893081,10.5,2026-06-16 07:48:06+05:30,2026-06-16 07:48:09+05:30
P-0002215,V-10,5,19.126638,72.892609,10.0,2026-06-16 07:48:27+05:30,2026-06-16 07:48:29+05:30
P-0002216,V-10,5,19.12625,72.891937,14.7,2026-06-16 07:48:47+05:30,2026-06-16 07:48:48+05:30
P-0002217,V-10,5,19.12598,72.891649,7.0,2026-06-16 07:49:05+05:30,2026-06-16 07:49:06+05:30
P-0002218,V-10,5,19.125579,72.891138,12.7,2026-06-16 07:49:26+05:30,2026-06-16 07:49:30+05:30
P-0002219,V-10,5,19.125204,72.890732,12.7,2026-06-16 07:49:47+05:30,2026-06-16 07:49:50+05:30
P-0002220,V-10,5,19.124838,72.890164,12.7,2026-06-16 07:50:10+05:30,2026-06-16 07:50:12+05:30
P-0002221,V-10,5,19.124357,72.889673,12.8,2026-06-16 07:50:29+05:30,2026-06-16 07:50:30+05:30
P-0002222,V-10,5,19.124155,72.889349,6.8,2026-06-16 07:50:48+05:30,2026-06-16 07:50:52+05:30
P-0002223,V-10,5,19.123717,72.888907,10.8,2026-06-16 07:51:09+05:30,2026-06-16 07:51:10+05:30
P-0002224,V-10,5,19.123293,72.888332,13.8,2026-06-16 07:51:31+05:30,2026-06-16 07:51:34+05:30
P-0002225,V-10,5,19.12302,72.887917,8.5,2026-06-16 07:51:50+05:30,2026-06-16 07:51:54+05:30
P-0002226,V-10,5,19.122698,72.887373,14.0,2026-06-16 07:52:10+05:30,2026-06-16 07:52:11+05:30
P-0002227,V-10,5,19.122253,72.887019,12.1,2026-06-16 07:52:27+05:30,2026-06-16 07:52:28+05:30
P-0002228,V-10,5,19.121932,72.886695,9.8,2026-06-16 07:52:45+05:30,2026-06-16 07:52:47+05:30
P-0002229,V-10,5,19.121558,72.886154,14.6,2026-06-16 07:53:08+05:30,2026-06-16 07:53:12+05:30
P-0002230,V-10,5,19.121271,72.88546,13.8,2026-06-16 07:53:31+05:30,2026-06-16 07:53:35+05:30
P-0002231,V-10,5,19.12088,72.885103,10.4,2026-06-16 07:53:53+05:30,2026-06-16 07:53:57+05:30
P-0002232,V-10,5,19.120414,72.884502,16.0,2026-06-16 07:54:14+05:30,2026-06-16 07:54:16+05:30
P-0002233,V-10,5,19.120254,72.884163,6.4,2026-06-16 07:54:34+05:30,2026-06-16 07:54:35+05:30
P-0002234,V-10,5,19.119835,72.883707,13.5,2026-06-16 07:54:54+05:30,2026-06-16 07:54:55+05:30
P-0002235,V-10,5,19.119354,72.883309,12.1,2026-06-16 07:55:14+05:30,2026-06-16 07:55:16+05:30
P-0002236,V-10,5,19.119225,72.882839,10.2,2026-06-16 07:55:34+05:30,2026-06-16 07:55:36+05:30
P-0002237,V-10,5,19.119057,72.882145,12.6,2026-06-16 07:55:53+05:30,2026-06-16 07:55:55+05:30
P-0002238,V-10,5,19.118716,72.881774,8.8,2026-06-16 07:56:11+05:30,2026-06-16 07:56:15+05:30
P-0002239,V-10,5,19.118456,72.881317,8.5,2026-06-16 07:56:30+05:30,2026-06-16 07:56:33+05:30
P-0002240,V-10,5,19.11839,72.88066,14.3,2026-06-16 07:56:51+05:30,2026-06-16 07:56:53+05:30
P-0002241,V-10,5,19.118147,72.880227,8.3,2026-06-16 07:57:09+05:30,2026-06-16 07:57:12+05:30
P-0002242,V-10,5,19.117767,72.879552,13.5,2026-06-16 07:57:30+05:30,2026-06-16 07:57:34+05:30
P-0002243,V-10,5,19.117616,72.878948,11.1,2026-06-16 07:57:51+05:30,2026-06-16 07:57:54+05:30
P-0002244,V-10,5,19.117463,72.8786,8.5,2026-06-16 07:58:08+05:30,2026-06-16 07:58:12+05:30
P-0002245,V-10,5,19.117261,72.877937,12.3,2026-06-16 07:58:29+05:30,2026-06-16 07:58:31+05:30
P-0002246,V-10,5,19.116851,72.87744,12.4,2026-06-16 07:58:47+05:30,2026-06-16 07:58:50+05:30
P-0002247,V-10,5,19.116583,72.877015,8.9,2026-06-16 07:59:10+05:30,2026-06-16 07:59:13+05:30
P-0002248,V-10,5,19.116371,72.876491,11.5,2026-06-16 07:59:28+05:30,2026-06-16 07:59:29+05:30
P-0002249,V-10,5,19.116175,72.875955,9.5,2026-06-16 07:59:48+05:30,2026-06-16 07:59:51+05:30
P-0002250,V-10,5,19.116019,72.875278,14.8,2026-06-16 08:00:09+05:30,2026-06-16 08:00:10+05:30
P-0002251,V-10,5,19.115768,72.874659,13.1,2026-06-16 08:00:31+05:30,2026-06-16 08:00:33+05:30
P-0002252,V-10,5,19.115615,72.874334,8.1,2026-06-16 08:00:48+05:30,2026-06-16 08:00:52+05:30
P-0002253,V-10,5,19.115363,72.873901,8.4,2026-06-16 08:01:07+05:30,2026-06-16 08:01:11+05:30
P-0002254,V-10,5,19.115001,72.873296,12.3,2026-06-16 08:01:28+05:30,2026-06-16 08:01:29+05:30
P-0002255,V-10,5,19.114998,72.872602,12.8,2026-06-16 08:01:48+05:30,2026-06-16 08:01:52+05:30
P-0002256,V-10,5,19.114794,72.872333,4.9,2026-06-16 08:02:06+05:30,2026-06-16 08:02:10+05:30
P-0002257,V-10,5,19.114412,72.871529,16.1,2026-06-16 08:02:29+05:30,2026-06-16 08:02:32+05:30
P-0002258,V-10,5,19.114123,72.871063,10.0,2026-06-16 08:02:48+05:30,2026-06-16 08:02:52+05:30
P-0002259,V-10,5,19.114053,72.870526,11.8,2026-06-16 08:03:11+05:30,2026-06-16 08:03:14+05:30
P-0002260,V-10,5,19.1137,72.869864,15.4,2026-06-16 08:03:31+05:30,2026-06-16 08:03:32+05:30
P-0002261,V-10,5,19.113498,72.86964,5.5,2026-06-16 08:03:49+05:30,2026-06-16 08:03:53+05:30
P-0002262,V-10,5,19.113672,72.869698,5.3,2026-06-16 08:04:09+05:30,2026-06-16 08:04:11+05:30
P-0002263,V-10,5,19.11362,72.869665,0.9,2026-06-16 08:04:27+05:30,2026-06-16 08:04:30+05:30
P-0002264,V-10,5,19.113484,72.869678,3.3,2026-06-16 08:04:49+05:30,2026-06-16 08:04:52+05:30
P-0002265,V-10,5,19.113513,72.869797,3.2,2026-06-16 08:05:08+05:30,2026-06-16 08:05:12+05:30
P-0002266,V-10,5,19.113648,72.869721,3.4,2026-06-16 08:05:30+05:30,2026-06-16 08:05:34+05:30
P-0002267,V-10,5,19.113612,72.869634,3.2,2026-06-16 08:05:48+05:30,2026-06-16 08:05:51+05:30
P-0002268,V-10,5,19.113581,72.869708,1.9,2026-06-16 08:06:05+05:30,2026-06-16 08:06:08+05:30
P-0002269,V-10,5,19.113548,72.869588,2.9,2026-06-16 08:06:28+05:30,2026-06-16 08:06:30+05:30
P-0002270,V-10,5,19.113709,72.869787,4.4,2026-06-16 08:06:47+05:30,2026-06-16 08:06:49+05:30
P-0002271,V-10,5,19.113529,72.869763,5.5,2026-06-16 08:07:10+05:30,2026-06-16 08:07:11+05:30
P-0002272,V-10,5,19.113652,72.869761,3.9,2026-06-16 08:07:28+05:30,2026-06-16 08:07:29+05:30
P-0002273,V-10,5,19.113496,72.869752,2.6,2026-06-16 08:07:51+05:30,2026-06-16 08:07:52+05:30
P-0002274,V-10,5,19.113511,72.86981,2.1,2026-06-16 08:08:13+05:30,2026-06-16 08:08:17+05:30
P-0002275,V-10,5,19.113564,72.869662,1.7,2026-06-16 08:08:30+05:30,2026-06-16 08:08:33+05:30
P-0002276,V-10,5,19.113566,72.869708,2.3,2026-06-16 08:08:49+05:30,2026-06-16 08:08:50+05:30
P-0002277,V-10,5,19.113488,72.869795,0.4,2026-06-16 08:09:10+05:30,2026-06-16 08:09:13+05:30
P-0002278,V-10,5,19.113508,72.869718,0.0,2026-06-16 08:09:27+05:30,2026-06-16 08:09:29+05:30
P-0002279,V-10,5,19.113512,72.869659,2.2,2026-06-16 08:09:48+05:30,2026-06-16 08:09:49+05:30
P-0002280,V-10,5,19.113698,72.869765,3.2,2026-06-16 08:10:11+05:30,2026-06-16 08:10:13+05:30
P-0002281,V-10,5,19.113589,72.869603,2.3,2026-06-16 08:10:34+05:30,2026-06-16 08:10:37+05:30
P-0002282,V-10,5,19.113529,72.869605,0.3,2026-06-16 08:10:56+05:30,2026-06-16 08:11:00+05:30
P-0002283,V-10,5,19.113707,72.869601,1.7,2026-06-16 08:11:14+05:30,2026-06-16 08:11:15+05:30
P-0002284,V-10,5,19.11358,72.869659,4.3,2026-06-16 08:11:37+05:30,2026-06-16 08:11:38+05:30
P-0002285,V-10,5,19.113612,72.869713,0.0,2026-06-16 08:11:54+05:30,2026-06-16 08:11:56+05:30
P-0002286,V-10,5,19.113715,72.86975,1.3,2026-06-16 08:12:16+05:30,2026-06-16 08:12:20+05:30
P-0002287,V-10,5,19.113657,72.869739,0.8,2026-06-16 08:12:38+05:30,2026-06-16 08:12:40+05:30
P-0002288,V-10,5,19.113595,72.869629,0.6,2026-06-16 08:12:57+05:30,2026-06-16 08:13:00+05:30
P-0002289,V-10,5,19.11368,72.86964,3.6,2026-06-16 08:13:15+05:30,2026-06-16 08:13:18+05:30
P-0002290,V-10,5,19.113518,72.869617,2.9,2026-06-16 08:13:35+05:30,2026-06-16 08:13:38+05:30
P-0002291,V-10,5,19.113642,72.86969,3.0,2026-06-16 08:13:56+05:30,2026-06-16 08:14:00+05:30
P-0002292,V-10,5,19.113621,72.869623,2.1,2026-06-16 08:14:16+05:30,2026-06-16 08:14:20+05:30
P-0002293,V-10,5,19.113691,72.869631,3.3,2026-06-16 08:14:35+05:30,2026-06-16 08:14:37+05:30
P-0002294,V-10,5,19.11349,72.869762,3.1,2026-06-16 08:14:54+05:30,2026-06-16 08:14:58+05:30
P-0002295,V-10,5,19.113601,72.869813,3.7,2026-06-16 08:15:14+05:30,2026-06-16 08:15:18+05:30
P-0002296,V-10,5,19.11352,72.869606,6.1,2026-06-16 08:15:34+05:30,2026-06-16 08:15:36+05:30
P-0002297,V-10,5,19.113707,72.869621,5.7,2026-06-16 08:15:51+05:30,2026-06-16 08:15:54+05:30
P-0002298,V-10,5,19.1135,72.869606,5.2,2026-06-16 08:16:13+05:30,2026-06-16 08:16:15+05:30
P-0002299,V-10,5,19.113559,72.869616,0.7,2026-06-16 08:16:32+05:30,2026-06-16 08:16:35+05:30
P-0002300,V-10,5,19.113601,72.86964,0.0,2026-06-16 08:16:54+05:30,2026-06-16 08:16:56+05:30
P-0002301,V-10,5,19.113637,72.869645,0.0,2026-06-16 08:17:17+05:30,2026-06-16 08:17:19+05:30
P-0002302,V-10,5,19.113645,72.869755,0.4,2026-06-16 08:17:38+05:30,2026-06-16 08:17:41+05:30
P-0002303,V-10,5,19.11354,72.869728,3.8,2026-06-16 08:17:59+05:30,2026-06-16 08:18:01+05:30
P-0002304,V-10,5,19.113541,72.86979,0.0,2026-06-16 08:18:19+05:30,2026-06-16 08:18:21+05:30
P-0002305,V-10,5,19.113634,72.869642,4.8,2026-06-16 08:18:42+05:30,2026-06-16 08:18:45+05:30
P-0002306,V-10,5,19.113641,72.869721,2.7,2026-06-16 08:19:00+05:30,2026-06-16 08:19:02+05:30
P-0002307,V-10,5,19.113559,72.869705,0.2,2026-06-16 08:19:19+05:30,2026-06-16 08:19:20+05:30
P-0002308,V-10,5,19.113515,72.869673,1.5,2026-06-16 08:19:37+05:30,2026-06-16 08:19:41+05:30
P-0002309,V-10,5,19.113487,72.86965,0.0,2026-06-16 08:19:55+05:30,2026-06-16 08:19:58+05:30
P-0002310,V-10,5,19.113607,72.869747,3.5,2026-06-16 08:20:12+05:30,2026-06-16 08:20:16+05:30
P-0002311,V-10,5,19.113704,72.869724,1.4,2026-06-16 08:20:32+05:30,2026-06-16 08:20:34+05:30
P-0002312,V-10,5,19.113517,72.869686,3.3,2026-06-16 08:20:53+05:30,2026-06-16 08:20:54+05:30
P-0002313,V-10,5,19.113482,72.869619,2.1,2026-06-16 08:21:14+05:30,2026-06-16 08:21:18+05:30
P-0002314,V-10,5,19.113581,72.869659,3.1,2026-06-16 08:21:33+05:30,2026-06-16 08:21:37+05:30
P-0002315,V-10,5,19.113667,72.86977,2.5,2026-06-16 08:21:54+05:30,2026-06-16 08:21:55+05:30
P-0002316,V-10,5,19.113711,72.869783,2.9,2026-06-16 08:22:15+05:30,2026-06-16 08:22:17+05:30
P-0002317,V-10,5,19.113573,72.869636,4.7,2026-06-16 08:22:36+05:30,2026-06-16 08:22:40+05:30
P-0002318,V-10,5,19.113707,72.869707,1.4,2026-06-16 08:22:54+05:30,2026-06-16 08:22:55+05:30
P-0002319,V-10,5,19.113686,72.869739,2.0,2026-06-16 08:23:14+05:30,2026-06-16 08:23:17+05:30
P-0002320,V-10,5,19.113689,72.869774,1.7,2026-06-16 08:23:36+05:30,2026-06-16 08:23:39+05:30
P-0002321,V-10,5,19.113575,72.8697,0.8,2026-06-16 08:23:55+05:30,2026-06-16 08:23:57+05:30
P-0002322,V-10,5,19.113681,72.869636,1.3,2026-06-16 08:24:15+05:30,2026-06-16 08:24:19+05:30
P-0002323,V-10,5,19.113538,72.869699,3.2,2026-06-16 08:24:36+05:30,2026-06-16 08:24:37+05:30
P-0002324,V-10,5,19.113693,72.869778,4.5,2026-06-16 08:24:57+05:30,2026-06-16 08:24:59+05:30
P-0002325,V-10,5,19.113717,72.869717,0.0,2026-06-16 08:25:19+05:30,2026-06-16 08:25:20+05:30
P-0002326,V-10,5,19.113505,72.869605,4.5,2026-06-16 08:25:36+05:30,2026-06-16 08:25:38+05:30
P-0002327,V-10,5,19.113657,72.869581,2.5,2026-06-16 08:25:56+05:30,2026-06-16 08:25:58+05:30
P-0002328,V-10,5,19.113549,72.869732,4.5,2026-06-16 08:26:13+05:30,2026-06-16 08:26:15+05:30
P-0002329,V-10,5,19.113576,72.869612,4.2,2026-06-16 08:26:34+05:30,2026-06-16 08:26:37+05:30
P-0002330,V-10,5,19.113658,72.869689,3.3,2026-06-16 08:26:55+05:30,2026-06-16 08:26:58+05:30
P-0002331,V-04,6,19.204243,72.852412,1.9,2026-06-16 06:45:00+05:30,2026-06-16 06:45:02+05:30
P-0002332,V-04,6,19.203342,72.852451,16.4,2026-06-16 06:45:21+05:30,2026-06-16 06:45:22+05:30
P-0002333,V-04,6,19.202187,72.852671,21.9,2026-06-16 06:45:43+05:30,2026-06-16 06:45:44+05:30
P-0002334,V-04,6,19.201338,72.852463,16.4,2026-06-16 06:46:01+05:30,2026-06-16 06:46:04+05:30
P-0002335,V-04,6,19.200414,72.852643,19.4,2026-06-16 06:46:24+05:30,2026-06-16 06:46:27+05:30
P-0002336,V-04,6,19.199447,72.852656,20.0,2026-06-16 06:46:45+05:30,2026-06-16 06:46:48+05:30
P-0002337,V-04,6,19.198363,72.852632,20.6,2026-06-16 06:47:06+05:30,2026-06-16 06:47:07+05:30
P-0002338,V-04,6,19.197724,72.85277,14.2,2026-06-16 06:47:23+05:30,2026-06-16 06:47:24+05:30
P-0002339,V-04,6,19.196686,72.852752,19.4,2026-06-16 06:47:43+05:30,2026-06-16 06:47:46+05:30
P-0002340,V-04,6,19.195803,72.852672,17.5,2026-06-16 06:48:03+05:30,2026-06-16 06:48:05+05:30
P-0002341,V-04,6,19.1951,72.852858,13.2,2026-06-16 06:48:21+05:30,2026-06-16 06:48:23+05:30
P-0002342,V-04,6,19.194151,72.852837,19.8,2026-06-16 06:48:40+05:30,2026-06-16 06:48:41+05:30
P-0002343,V-04,6,19.193354,72.852753,15.4,2026-06-16 06:49:00+05:30,2026-06-16 06:49:03+05:30
P-0002344,V-04,6,19.192494,72.852786,15.7,2026-06-16 06:49:17+05:30,2026-06-16 06:49:20+05:30
P-0002345,V-04,6,19.191497,72.852839,20.3,2026-06-16 06:49:40+05:30,2026-06-16 06:49:43+05:30
P-0002346,V-04,6,19.190586,72.852878,19.3,2026-06-16 06:50:01+05:30,2026-06-16 06:50:02+05:30
P-0002347,V-04,6,19.189669,72.852863,17.8,2026-06-16 06:50:19+05:30,2026-06-16 06:50:23+05:30
P-0002348,V-04,6,19.188577,72.852879,22.4,2026-06-16 06:50:42+05:30,2026-06-16 06:50:46+05:30
P-0002349,V-04,6,19.18754,72.852951,19.9,2026-06-16 06:51:03+05:30,2026-06-16 06:51:07+05:30
P-0002350,V-04,6,19.186796,72.85294,14.9,2026-06-16 06:51:23+05:30,2026-06-16 06:51:27+05:30
P-0002351,V-04,6,19.185903,72.853017,16.1,2026-06-16 06:51:42+05:30,2026-06-16 06:51:43+05:30
P-0002352,V-04,6,19.184804,72.853154,20.5,2026-06-16 06:52:05+05:30,2026-06-16 06:52:07+05:30
P-0002353,V-04,6,19.183767,72.853039,22.3,2026-06-16 06:52:27+05:30,2026-06-16 06:52:29+05:30
P-0002354,V-04,6,19.183097,72.853127,15.1,2026-06-16 06:52:45+05:30,2026-06-16 06:52:48+05:30
P-0002355,V-04,6,19.182013,72.852972,22.5,2026-06-16 06:53:06+05:30,2026-06-16 06:53:08+05:30
P-0002356,V-04,6,19.181145,72.852698,18.3,2026-06-16 06:53:27+05:30,2026-06-16 06:53:30+05:30
P-0002357,V-04,6,19.180495,72.852443,13.1,2026-06-16 06:53:44+05:30,2026-06-16 06:53:46+05:30
P-0002358,V-04,6,19.179494,72.852308,19.7,2026-06-16 06:54:06+05:30,2026-06-16 06:54:07+05:30
P-0002359,V-04,6,19.17838,72.851871,23.6,2026-06-16 06:54:28+05:30,2026-06-16 06:54:31+05:30
P-0002360,V-04,6,19.177677,72.851781,14.1,2026-06-16 06:54:45+05:30,2026-06-16 06:54:49+05:30
P-0002361,V-04,6,19.176876,72.851457,17.7,2026-06-16 06:55:06+05:30,2026-06-16 06:55:10+05:30
P-0002362,V-04,6,19.175899,72.851217,20.6,2026-06-16 06:55:24+05:30,2026-06-16 06:55:27+05:30
P-0002363,V-04,6,19.17507,72.851037,17.1,2026-06-16 06:55:45+05:30,2026-06-16 06:55:48+05:30
P-0002364,V-04,6,19.17419,72.850664,19.5,2026-06-16 06:56:07+05:30,2026-06-16 06:56:09+05:30
P-0002365,V-04,6,19.173257,72.850482,17.3,2026-06-16 06:56:28+05:30,2026-06-16 06:56:30+05:30
P-0002366,V-04,6,19.172136,72.849961,23.2,2026-06-16 06:56:51+05:30,2026-06-16 06:56:54+05:30
P-0002367,V-04,6,19.171333,72.849867,16.5,2026-06-16 06:57:10+05:30,2026-06-16 06:57:13+05:30
P-0002368,V-04,6,19.170486,72.849558,16.3,2026-06-16 06:57:29+05:30,2026-06-16 06:57:32+05:30
P-0002369,V-04,6,19.169782,72.849283,16.6,2026-06-16 06:57:48+05:30,2026-06-16 06:57:52+05:30
P-0002370,V-04,6,19.168767,72.848996,22.8,2026-06-16 06:58:09+05:30,2026-06-16 06:58:11+05:30
P-0002371,V-04,6,19.167743,72.8487,20.6,2026-06-16 06:58:32+05:30,2026-06-16 06:58:33+05:30
P-0002372,V-04,6,19.167009,72.848573,14.2,2026-06-16 06:58:49+05:30,2026-06-16 06:58:51+05:30
P-0002373,V-04,6,19.165967,72.848276,20.9,2026-06-16 06:59:12+05:30,2026-06-16 06:59:15+05:30
P-0002374,V-04,6,19.165116,72.84784,19.8,2026-06-16 06:59:30+05:30,2026-06-16 06:59:31+05:30
P-0002375,V-04,6,19.164463,72.847618,12.8,2026-06-16 06:59:47+05:30,2026-06-16 06:59:51+05:30
P-0002376,V-04,6,19.163619,72.847468,16.9,2026-06-16 07:00:05+05:30,2026-06-16 07:00:09+05:30
P-0002377,V-04,6,19.162813,72.847317,16.6,2026-06-16 07:00:25+05:30,2026-06-16 07:00:27+05:30
P-0002378,V-04,6,19.161907,72.846977,20.7,2026-06-16 07:00:45+05:30,2026-06-16 07:00:49+05:30
P-0002379,V-04,6,19.160865,72.84679,20.5,2026-06-16 07:01:07+05:30,2026-06-16 07:01:11+05:30
P-0002380,V-04,6,19.160083,72.846656,15.2,2026-06-16 07:01:26+05:30,2026-06-16 07:01:28+05:30
P-0002381,V-04,6,19.159295,72.846433,17.5,2026-06-16 07:01:46+05:30,2026-06-16 07:01:50+05:30
P-0002382,V-04,6,19.158216,72.846453,22.7,2026-06-16 07:02:09+05:30,2026-06-16 07:02:10+05:30
P-0002383,V-04,6,19.157184,72.846362,19.9,2026-06-16 07:02:30+05:30,2026-06-16 07:02:31+05:30
P-0002384,V-04,6,19.156162,72.846334,20.6,2026-06-16 07:02:51+05:30,2026-06-16 07:02:53+05:30
P-0002385,V-04,6,19.155415,72.846087,17.5,2026-06-16 07:03:10+05:30,2026-06-16 07:03:11+05:30
P-0002386,V-04,6,19.154537,72.846076,16.2,2026-06-16 07:03:28+05:30,2026-06-16 07:03:32+05:30
P-0002387,V-04,6,19.153788,72.846011,16.0,2026-06-16 07:03:46+05:30,2026-06-16 07:03:49+05:30
P-0002388,V-04,6,19.152775,72.845952,20.1,2026-06-16 07:04:08+05:30,2026-06-16 07:04:09+05:30
P-0002389,V-04,6,19.151643,72.845905,24.3,2026-06-16 07:04:31+05:30,2026-06-16 07:04:34+05:30
P-0002390,V-04,6,19.150926,72.845696,16.4,2026-06-16 07:04:49+05:30,2026-06-16 07:04:50+05:30
P-0002391,V-04,6,19.149913,72.845576,21.4,2026-06-16 07:05:12+05:30,2026-06-16 07:05:15+05:30
P-0002392,V-04,6,19.148961,72.845522,17.4,2026-06-16 07:05:33+05:30,2026-06-16 07:05:34+05:30
P-0002393,V-04,6,19.148002,72.845332,17.9,2026-06-16 07:05:50+05:30,2026-06-16 07:05:54+05:30
P-0002394,V-04,6,19.147312,72.845343,14.0,2026-06-16 07:06:09+05:30,2026-06-16 07:06:12+05:30
P-0002395,V-04,6,19.146162,72.845259,24.6,2026-06-16 07:06:32+05:30,2026-06-16 07:06:35+05:30
P-0002396,V-04,6,19.145293,72.84508,17.6,2026-06-16 07:06:54+05:30,2026-06-16 07:06:57+05:30
P-0002397,V-04,6,19.144392,72.845175,16.7,2026-06-16 07:07:14+05:30,2026-06-16 07:07:15+05:30
P-0002398,V-04,6,19.143348,72.844897,23.3,2026-06-16 07:07:33+05:30,2026-06-16 07:07:36+05:30
P-0002399,V-04,6,19.14253,72.845017,14.7,2026-06-16 07:07:52+05:30,2026-06-16 07:07:54+05:30
P-0002400,V-04,6,19.141383,72.844831,21.4,2026-06-16 07:08:15+05:30,2026-06-16 07:08:19+05:30
P-0002401,V-04,6,19.14052,72.844679,16.8,2026-06-16 07:08:34+05:30,2026-06-16 07:08:38+05:30
P-0002402,V-04,6,19.139523,72.844596,21.8,2026-06-16 07:08:56+05:30,2026-06-16 07:09:00+05:30
P-0002403,V-04,6,19.138659,72.844561,18.8,2026-06-16 07:09:15+05:30,2026-06-16 07:09:16+05:30
P-0002404,V-04,6,19.137759,72.844444,16.3,2026-06-16 07:09:37+05:30,2026-06-16 07:09:39+05:30
P-0002405,V-04,6,19.136929,72.844321,15.2,2026-06-16 07:09:57+05:30,2026-06-16 07:09:58+05:30
P-0002406,V-04,6,19.136001,72.844324,17.4,2026-06-16 07:10:17+05:30,2026-06-16 07:10:20+05:30
P-0002407,V-04,6,19.134938,72.844297,21.6,2026-06-16 07:10:38+05:30,2026-06-16 07:10:42+05:30
P-0002408,V-04,6,19.134012,72.844319,16.8,2026-06-16 07:11:00+05:30,2026-06-16 07:11:04+05:30
P-0002409,V-04,6,19.133291,72.844603,16.3,2026-06-16 07:11:17+05:30,2026-06-16 07:11:21+05:30
P-0002410,V-04,6,19.132459,72.844571,17.3,2026-06-16 07:11:36+05:30,2026-06-16 07:11:39+05:30
P-0002411,V-04,6,19.131412,72.844539,19.1,2026-06-16 07:11:59+05:30,2026-06-16 07:12:00+05:30
P-0002412,V-04,6,19.13035,72.844632,20.7,2026-06-16 07:12:21+05:30,2026-06-16 07:12:25+05:30
P-0002413,V-04,6,19.129213,72.844791,22.9,2026-06-16 07:12:43+05:30,2026-06-16 07:12:45+05:30
P-0002414,V-04,6,19.128473,72.844898,15.1,2026-06-16 07:13:01+05:30,2026-06-16 07:13:04+05:30
P-0002415,V-04,6,19.127373,72.844891,22.2,2026-06-16 07:13:24+05:30,2026-06-16 07:13:25+05:30
P-0002416,V-04,6,19.126521,72.84487,15.6,2026-06-16 07:13:43+05:30,2026-06-16 07:13:46+05:30
P-0002417,V-04,6,19.125727,72.844863,16.3,2026-06-16 07:14:00+05:30,2026-06-16 07:14:02+05:30
P-0002418,V-04,6,19.124821,72.84499,19.7,2026-06-16 07:14:22+05:30,2026-06-16 07:14:25+05:30
P-0002419,V-04,6,19.123701,72.845036,21.5,2026-06-16 07:14:44+05:30,2026-06-16 07:14:46+05:30
P-0002420,V-04,6,19.122745,72.845094,18.4,2026-06-16 07:15:05+05:30,2026-06-16 07:15:07+05:30
P-0002421,V-04,6,19.122034,72.845268,13.4,2026-06-16 07:15:25+05:30,2026-06-16 07:15:29+05:30
P-0002422,V-04,6,19.120947,72.845227,22.6,2026-06-16 07:15:46+05:30,2026-06-16 07:15:48+05:30
P-0002423,V-04,6,19.120079,72.845398,18.4,2026-06-16 07:16:04+05:30,2026-06-16 07:16:06+05:30
P-0002424,V-04,6,19.119276,72.845392,15.9,2026-06-16 07:16:21+05:30,2026-06-16 07:16:23+05:30
P-0002425,V-04,6,19.11851,72.845515,14.9,2026-06-16 07:16:42+05:30,2026-06-16 07:16:46+05:30
P-0002426,V-04,6,19.117499,72.845477,20.9,2026-06-16 07:17:04+05:30,2026-06-16 07:17:08+05:30
P-0002427,V-04,6,19.116596,72.845603,16.4,2026-06-16 07:17:24+05:30,2026-06-16 07:17:28+05:30
P-0002428,V-04,6,19.115716,72.845499,16.4,2026-06-16 07:17:41+05:30,2026-06-16 07:17:44+05:30
P-0002429,V-04,6,19.114625,72.845663,22.6,2026-06-16 07:18:03+05:30,2026-06-16 07:18:04+05:30
P-0002430,V-04,6,19.114066,72.845744,12.7,2026-06-16 07:18:20+05:30,2026-06-16 07:18:21+05:30
P-0002431,V-04,6,19.113009,72.845736,21.0,2026-06-16 07:18:42+05:30,2026-06-16 07:18:43+05:30
P-0002432,V-04,6,19.112115,72.845768,17.2,2026-06-16 07:19:02+05:30,2026-06-16 07:19:04+05:30
P-0002433,V-04,6,19.111071,72.845762,22.3,2026-06-16 07:19:24+05:30,2026-06-16 07:19:28+05:30
P-0002434,V-04,6,19.110005,72.845637,19.6,2026-06-16 07:19:47+05:30,2026-06-16 07:19:48+05:30
P-0002435,V-04,6,19.109141,72.84536,16.9,2026-06-16 07:20:09+05:30,2026-06-16 07:20:13+05:30
P-0002436,V-04,6,19.108301,72.845167,16.6,2026-06-16 07:20:27+05:30,2026-06-16 07:20:31+05:30
P-0002437,V-04,6,19.107348,72.84515,20.5,2026-06-16 07:20:47+05:30,2026-06-16 07:20:50+05:30
P-0002438,V-04,6,19.106392,72.844817,20.7,2026-06-16 07:21:10+05:30,2026-06-16 07:21:11+05:30
P-0002439,V-04,6,19.105443,72.844696,18.8,2026-06-16 07:21:29+05:30,2026-06-16 07:21:32+05:30
P-0002440,V-04,6,19.104712,72.844548,14.3,2026-06-16 07:21:47+05:30,2026-06-16 07:21:50+05:30
P-0002441,V-04,6,19.103882,72.844378,18.0,2026-06-16 07:22:04+05:30,2026-06-16 07:22:08+05:30
P-0002442,V-04,6,19.102935,72.844087,19.8,2026-06-16 07:22:26+05:30,2026-06-16 07:22:30+05:30
P-0002443,V-04,6,19.102092,72.843942,15.6,2026-06-16 07:22:43+05:30,2026-06-16 07:22:47+05:30
P-0002444,V-04,6,19.101143,72.843909,20.4,2026-06-16 07:23:04+05:30,2026-06-16 07:23:05+05:30
P-0002445,V-04,6,19.10007,72.843793,21.9,2026-06-16 07:23:26+05:30,2026-06-16 07:23:28+05:30
P-0002446,V-04,6,19.099131,72.843441,20.6,2026-06-16 07:23:47+05:30,2026-06-16 07:23:48+05:30
P-0002447,V-04,6,19.09856,72.843456,10.7,2026-06-16 07:24:04+05:30,2026-06-16 07:24:08+05:30
P-0002448,V-04,6,19.097554,72.843148,22.3,2026-06-16 07:24:22+05:30,2026-06-16 07:24:24+05:30
P-0002449,V-04,6,19.096656,72.843087,19.7,2026-06-16 07:24:43+05:30,2026-06-16 07:24:46+05:30
P-0002450,V-04,6,19.09559,72.842845,23.2,2026-06-16 07:25:06+05:30,2026-06-16 07:25:10+05:30
P-0002451,V-04,6,19.094712,72.842562,19.0,2026-06-16 07:25:27+05:30,2026-06-16 07:25:31+05:30
P-0002452,V-04,6,19.093797,72.842606,20.2,2026-06-16 07:25:48+05:30,2026-06-16 07:25:52+05:30
P-0002453,V-04,6,19.093141,72.842375,14.1,2026-06-16 07:26:05+05:30,2026-06-16 07:26:06+05:30
P-0002454,V-04,6,19.092178,72.842063,21.8,2026-06-16 07:26:25+05:30,2026-06-16 07:26:27+05:30
P-0002455,V-04,6,19.091267,72.841809,20.2,2026-06-16 07:26:44+05:30,2026-06-16 07:26:47+05:30
P-0002456,V-04,6,19.090582,72.84167,13.2,2026-06-16 07:27:01+05:30,2026-06-16 07:27:05+05:30
P-0002457,V-04,6,19.089657,72.841459,19.1,2026-06-16 07:27:21+05:30,2026-06-16 07:27:25+05:30
P-0002458,V-04,6,19.088955,72.841329,15.0,2026-06-16 07:27:38+05:30,2026-06-16 07:27:41+05:30
P-0002459,V-04,6,19.088027,72.841008,20.5,2026-06-16 07:27:57+05:30,2026-06-16 07:27:58+05:30
P-0002460,V-04,6,19.087245,72.840939,13.7,2026-06-16 07:28:17+05:30,2026-06-16 07:28:19+05:30
P-0002461,V-04,6,19.086189,72.840584,22.4,2026-06-16 07:28:39+05:30,2026-06-16 07:28:40+05:30
P-0002462,V-04,6,19.085236,72.840434,17.8,2026-06-16 07:28:59+05:30,2026-06-16 07:29:03+05:30
P-0002463,V-04,6,19.084282,72.840037,19.5,2026-06-16 07:29:20+05:30,2026-06-16 07:29:24+05:30
P-0002464,V-04,6,19.083694,72.839844,13.9,2026-06-16 07:29:38+05:30,2026-06-16 07:29:41+05:30
P-0002465,V-04,6,19.082816,72.839678,19.6,2026-06-16 07:29:57+05:30,2026-06-16 07:30:01+05:30
P-0002466,V-04,6,19.08179,72.839536,21.9,2026-06-16 07:30:19+05:30,2026-06-16 07:30:23+05:30
P-0002467,V-04,6,19.080931,72.839317,19.5,2026-06-16 07:30:38+05:30,2026-06-16 07:30:40+05:30
P-0002468,V-04,6,19.080076,72.839155,17.5,2026-06-16 07:30:56+05:30,2026-06-16 07:30:57+05:30
P-0002469,V-04,6,19.079337,72.838806,15.7,2026-06-16 07:31:14+05:30,2026-06-16 07:31:15+05:30
P-0002470,V-04,6,19.078654,72.838622,15.1,2026-06-16 07:31:31+05:30,2026-06-16 07:31:35+05:30
P-0002471,V-04,6,19.077623,72.838444,21.4,2026-06-16 07:31:51+05:30,2026-06-16 07:31:55+05:30
P-0002472,V-04,6,19.076907,72.83825,15.1,2026-06-16 07:32:08+05:30,2026-06-16 07:32:12+05:30
P-0002473,V-04,6,19.076145,72.837995,16.7,2026-06-16 07:32:25+05:30,2026-06-16 07:32:29+05:30
P-0002474,V-04,6,19.075263,72.837736,19.6,2026-06-16 07:32:47+05:30,2026-06-16 07:32:50+05:30
P-0002475,V-04,6,19.074234,72.83754,19.2,2026-06-16 07:33:08+05:30,2026-06-16 07:33:10+05:30
P-0002476,V-04,6,19.073342,72.837274,19.6,2026-06-16 07:33:31+05:30,2026-06-16 07:33:34+05:30
P-0002477,V-04,6,19.072479,72.837123,15.6,2026-06-16 07:33:49+05:30,2026-06-16 07:33:50+05:30
P-0002478,V-04,6,19.071753,72.837011,15.5,2026-06-16 07:34:06+05:30,2026-06-16 07:34:08+05:30
P-0002479,V-04,6,19.070719,72.836728,21.0,2026-06-16 07:34:26+05:30,2026-06-16 07:34:28+05:30
P-0002480,V-04,6,19.069801,72.836443,18.5,2026-06-16 07:34:48+05:30,2026-06-16 07:34:50+05:30
P-0002481,V-04,6,19.069089,72.836305,13.4,2026-06-16 07:35:07+05:30,2026-06-16 07:35:10+05:30
P-0002482,V-04,6,19.068206,72.836143,16.2,2026-06-16 07:35:25+05:30,2026-06-16 07:35:27+05:30
P-0002483,V-04,6,19.067362,72.835778,20.1,2026-06-16 07:35:42+05:30,2026-06-16 07:35:45+05:30
P-0002484,V-04,6,19.066746,72.83563,11.1,2026-06-16 07:35:59+05:30,2026-06-16 07:36:02+05:30
P-0002485,V-04,6,19.06564,72.835658,24.1,2026-06-16 07:36:20+05:30,2026-06-16 07:36:23+05:30
P-0002486,V-04,6,19.064731,72.835424,17.6,2026-06-16 07:36:42+05:30,2026-06-16 07:36:46+05:30
P-0002487,V-04,6,19.064025,72.835266,16.3,2026-06-16 07:36:59+05:30,2026-06-16 07:37:02+05:30
P-0002488,V-04,6,19.062973,72.835139,21.4,2026-06-16 07:37:20+05:30,2026-06-16 07:37:22+05:30
P-0002489,V-04,6,19.062153,72.834788,17.1,2026-06-16 07:37:39+05:30,2026-06-16 07:37:40+05:30
P-0002490,V-04,6,19.061426,72.834669,14.9,2026-06-16 07:37:58+05:30,2026-06-16 07:38:00+05:30
P-0002491,V-04,6,19.06053,72.834501,17.4,2026-06-16 07:38:18+05:30,2026-06-16 07:38:21+05:30
P-0002492,V-04,6,19.059428,72.834264,23.5,2026-06-16 07:38:40+05:30,2026-06-16 07:38:44+05:30
P-0002493,V-04,6,19.058615,72.834146,16.1,2026-06-16 07:38:58+05:30,2026-06-16 07:38:59+05:30
P-0002494,V-04,6,19.057848,72.833975,16.7,2026-06-16 07:39:18+05:30,2026-06-16 07:39:20+05:30
P-0002495,V-04,6,19.056782,72.833818,19.6,2026-06-16 07:39:37+05:30,2026-06-16 07:39:38+05:30
P-0002496,V-04,6,19.056026,72.833653,15.5,2026-06-16 07:39:58+05:30,2026-06-16 07:40:01+05:30
P-0002497,V-04,6,19.054928,72.833442,22.1,2026-06-16 07:40:20+05:30,2026-06-16 07:40:23+05:30
P-0002498,V-04,6,19.054077,72.833273,16.5,2026-06-16 07:40:38+05:30,2026-06-16 07:40:42+05:30
P-0002499,V-04,6,19.053503,72.833192,9.8,2026-06-16 07:40:55+05:30,2026-06-16 07:40:59+05:30
P-0002500,V-04,6,19.052516,72.832935,20.2,2026-06-16 07:41:16+05:30,2026-06-16 07:41:19+05:30
P-0002501,V-04,6,19.051407,72.832822,24.0,2026-06-16 07:41:37+05:30,2026-06-16 07:41:41+05:30
P-0002502,V-04,6,19.050807,72.832567,10.9,2026-06-16 07:41:55+05:30,2026-06-16 07:41:57+05:30
P-0002503,V-04,6,19.049955,72.832552,17.8,2026-06-16 07:42:13+05:30,2026-06-16 07:42:14+05:30
P-0002504,V-04,6,19.049093,72.832425,16.8,2026-06-16 07:42:31+05:30,2026-06-16 07:42:34+05:30
P-0002505,V-04,6,19.04827,72.832094,18.6,2026-06-16 07:42:49+05:30,2026-06-16 07:42:52+05:30
P-0002506,V-04,6,19.047421,72.832158,16.6,2026-06-16 07:43:08+05:30,2026-06-16 07:43:11+05:30
P-0002507,V-04,6,19.046452,72.832195,20.5,2026-06-16 07:43:27+05:30,2026-06-16 07:43:28+05:30
P-0002508,V-04,6,19.045856,72.832261,10.2,2026-06-16 07:43:44+05:30,2026-06-16 07:43:46+05:30
P-0002509,V-04,6,19.044862,72.8324,19.2,2026-06-16 07:44:06+05:30,2026-06-16 07:44:08+05:30
P-0002510,V-04,6,19.044064,72.832383,14.5,2026-06-16 07:44:24+05:30,2026-06-16 07:44:25+05:30
P-0002511,V-04,6,19.043143,72.832461,20.1,2026-06-16 07:44:44+05:30,2026-06-16 07:44:48+05:30
P-0002512,V-04,6,19.042067,72.832339,22.1,2026-06-16 07:45:07+05:30,2026-06-16 07:45:10+05:30
P-0002513,V-04,6,19.041124,72.832507,18.4,2026-06-16 07:45:25+05:30,2026-06-16 07:45:26+05:30
P-0002514,V-04,6,19.040473,72.832589,12.6,2026-06-16 07:45:42+05:30,2026-06-16 07:45:45+05:30
P-0002515,V-04,6,19.039296,72.832647,24.2,2026-06-16 07:46:04+05:30,2026-06-16 07:46:08+05:30
P-0002516,V-04,6,19.038629,72.832644,15.2,2026-06-16 07:46:23+05:30,2026-06-16 07:46:27+05:30
P-0002517,V-04,6,19.037762,72.832701,16.5,2026-06-16 07:46:40+05:30,2026-06-16 07:46:44+05:30
P-0002518,V-04,6,19.036799,72.832597,20.9,2026-06-16 07:46:59+05:30,2026-06-16 07:47:02+05:30
P-0002519,V-04,6,19.03588,72.832634,19.9,2026-06-16 07:47:22+05:30,2026-06-16 07:47:23+05:30
P-0002520,V-04,6,19.034799,72.832854,22.5,2026-06-16 07:47:45+05:30,2026-06-16 07:47:49+05:30
P-0002521,V-04,6,19.03387,72.832738,20.6,2026-06-16 07:48:05+05:30,2026-06-16 07:48:08+05:30
P-0002522,V-04,6,19.032946,72.832851,17.6,2026-06-16 07:48:27+05:30,2026-06-16 07:48:31+05:30
P-0002523,V-04,6,19.031863,72.832965,20.1,2026-06-16 07:48:47+05:30,2026-06-16 07:48:49+05:30
P-0002524,V-04,6,19.031136,72.833012,13.7,2026-06-16 07:49:06+05:30,2026-06-16 07:49:07+05:30
P-0002525,V-04,6,19.030358,72.833052,15.6,2026-06-16 07:49:23+05:30,2026-06-16 07:49:24+05:30
P-0002526,V-04,6,19.029243,72.832959,23.2,2026-06-16 07:49:46+05:30,2026-06-16 07:49:47+05:30
P-0002527,V-04,6,19.028591,72.833002,14.5,2026-06-16 07:50:03+05:30,2026-06-16 07:50:04+05:30
P-0002528,V-04,6,19.027577,72.833013,21.9,2026-06-16 07:50:24+05:30,2026-06-16 07:50:25+05:30
P-0002529,V-04,6,19.0265,72.833085,19.7,2026-06-16 07:50:47+05:30,2026-06-16 07:50:51+05:30
P-0002530,V-04,6,19.025755,72.833184,16.9,2026-06-16 07:51:04+05:30,2026-06-16 07:51:05+05:30
P-0002531,V-04,6,19.024665,72.833183,21.0,2026-06-16 07:51:25+05:30,2026-06-16 07:51:28+05:30
P-0002532,V-04,6,19.023991,72.833328,13.1,2026-06-16 07:51:43+05:30,2026-06-16 07:51:45+05:30
P-0002533,V-04,6,19.022954,72.83339,22.3,2026-06-16 07:52:04+05:30,2026-06-16 07:52:05+05:30
P-0002534,V-04,6,19.022153,72.83322,16.2,2026-06-16 07:52:25+05:30,2026-06-16 07:52:27+05:30
P-0002535,V-04,6,19.020949,72.832987,24.9,2026-06-16 07:52:48+05:30,2026-06-16 07:52:50+05:30
P-0002536,V-04,6,19.019974,72.832953,18.0,2026-06-16 07:53:09+05:30,2026-06-16 07:53:12+05:30
P-0002537,V-04,6,19.019245,72.832735,13.7,2026-06-16 07:53:29+05:30,2026-06-16 07:53:32+05:30
P-0002538,V-04,6,19.018179,72.832511,21.6,2026-06-16 07:53:52+05:30,2026-06-16 07:53:53+05:30
P-0002539,V-04,6,19.017205,72.832524,20.5,2026-06-16 07:54:10+05:30,2026-06-16 07:54:13+05:30
P-0002540,V-04,6,19.016606,72.832319,14.4,2026-06-16 07:54:27+05:30,2026-06-16 07:54:28+05:30
P-0002541,V-04,6,19.015678,72.832136,19.2,2026-06-16 07:54:46+05:30,2026-06-16 07:54:49+05:30
P-0002542,V-04,6,19.014591,72.831843,21.2,2026-06-16 07:55:08+05:30,2026-06-16 07:55:10+05:30
P-0002543,V-04,6,19.013745,72.831852,17.3,2026-06-16 07:55:31+05:30,2026-06-16 07:55:32+05:30
P-0002544,V-04,6,19.012757,72.831606,18.9,2026-06-16 07:55:52+05:30,2026-06-16 07:55:54+05:30
P-0002545,V-04,6,19.01195,72.831419,17.4,2026-06-16 07:56:09+05:30,2026-06-16 07:56:12+05:30
P-0002546,V-04,6,19.011027,72.831316,18.9,2026-06-16 07:56:27+05:30,2026-06-16 07:56:28+05:30
P-0002547,V-04,6,19.010288,72.831106,15.9,2026-06-16 07:56:46+05:30,2026-06-16 07:56:49+05:30
P-0002548,V-04,6,19.00925,72.831012,22.6,2026-06-16 07:57:09+05:30,2026-06-16 07:57:12+05:30
P-0002549,V-04,6,19.008525,72.83081,14.9,2026-06-16 07:57:26+05:30,2026-06-16 07:57:28+05:30
P-0002550,V-04,6,19.007753,72.83082,16.0,2026-06-16 07:57:43+05:30,2026-06-16 07:57:45+05:30
P-0002551,V-04,6,19.006798,72.83067,17.3,2026-06-16 07:58:06+05:30,2026-06-16 07:58:07+05:30
P-0002552,V-04,6,19.005921,72.830346,16.8,2026-06-16 07:58:25+05:30,2026-06-16 07:58:27+05:30
P-0002553,V-04,6,19.004985,72.830355,18.9,2026-06-16 07:58:44+05:30,2026-06-16 07:58:46+05:30
P-0002554,V-04,6,19.004045,72.830228,20.6,2026-06-16 07:59:03+05:30,2026-06-16 07:59:06+05:30
P-0002555,V-04,6,19.003497,72.830062,10.3,2026-06-16 07:59:26+05:30,2026-06-16 07:59:28+05:30
P-0002556,V-04,6,19.003491,72.829938,1.3,2026-06-16 07:59:46+05:30,2026-06-16 07:59:47+05:30
P-0002557,V-04,6,19.003368,72.830019,2.2,2026-06-16 08:00:03+05:30,2026-06-16 08:00:04+05:30
P-0002558,V-04,6,19.003337,72.829891,3.5,2026-06-16 08:00:22+05:30,2026-06-16 08:00:23+05:30
P-0002559,V-04,6,19.003429,72.829945,2.4,2026-06-16 08:00:43+05:30,2026-06-16 08:00:47+05:30
P-0002560,V-04,6,19.003517,72.830098,3.4,2026-06-16 08:01:00+05:30,2026-06-16 08:01:03+05:30
P-0002561,V-04,6,19.003302,72.830117,4.4,2026-06-16 08:01:19+05:30,2026-06-16 08:01:21+05:30
P-0002562,V-04,6,19.003473,72.829933,6.6,2026-06-16 08:01:40+05:30,2026-06-16 08:01:41+05:30
P-0002563,V-04,6,19.003387,72.830021,1.6,2026-06-16 08:02:01+05:30,2026-06-16 08:02:05+05:30
P-0002564,V-04,6,19.003464,72.830027,3.2,2026-06-16 08:02:18+05:30,2026-06-16 08:02:20+05:30
P-0002565,V-04,6,19.003318,72.830112,5.0,2026-06-16 08:02:35+05:30,2026-06-16 08:02:36+05:30
P-0002566,V-04,6,19.003494,72.830068,2.5,2026-06-16 08:02:55+05:30,2026-06-16 08:02:56+05:30
P-0002567,V-04,6,19.003303,72.830096,3.8,2026-06-16 08:03:16+05:30,2026-06-16 08:03:17+05:30
P-0002568,V-04,6,19.003296,72.830018,0.7,2026-06-16 08:03:39+05:30,2026-06-16 08:03:43+05:30
P-0002569,V-04,6,19.003356,72.830005,0.0,2026-06-16 08:04:00+05:30,2026-06-16 08:04:01+05:30
P-0002570,V-04,6,19.003469,72.829951,2.5,2026-06-16 08:04:19+05:30,2026-06-16 08:04:22+05:30
P-0002571,V-04,6,19.003366,72.829885,2.0,2026-06-16 08:04:40+05:30,2026-06-16 08:04:41+05:30
P-0002572,V-04,6,19.003352,72.830116,5.0,2026-06-16 08:04:58+05:30,2026-06-16 08:05:01+05:30
P-0002573,V-04,6,19.003341,72.830084,0.0,2026-06-16 08:05:18+05:30,2026-06-16 08:05:19+05:30
P-0002574,V-04,6,19.003384,72.83005,1.8,2026-06-16 08:05:37+05:30,2026-06-16 08:05:38+05:30
P-0002575,V-04,6,19.003476,72.83,3.5,2026-06-16 08:06:00+05:30,2026-06-16 08:06:02+05:30
P-0002576,V-04,6,19.003445,72.829936,0.0,2026-06-16 08:06:19+05:30,2026-06-16 08:06:22+05:30
P-0002577,V-04,6,19.003303,72.829933,1.8,2026-06-16 08:06:37+05:30,2026-06-16 08:06:40+05:30
P-0002578,V-04,6,19.003324,72.830074,3.0,2026-06-16 08:07:00+05:30,2026-06-16 08:07:02+05:30
P-0002579,V-04,6,19.003422,72.830031,0.1,2026-06-16 08:07:22+05:30,2026-06-16 08:07:25+05:30
P-0002580,V-04,6,19.003474,72.829905,0.7,2026-06-16 08:07:45+05:30,2026-06-16 08:07:49+05:30
P-0002581,V-04,6,19.00336,72.830085,5.1,2026-06-16 08:08:03+05:30,2026-06-16 08:08:07+05:30
P-0002582,V-04,6,19.003487,72.829898,5.5,2026-06-16 08:08:23+05:30,2026-06-16 08:08:25+05:30
P-0002583,V-04,6,19.003502,72.83009,1.8,2026-06-16 08:08:42+05:30,2026-06-16 08:08:43+05:30
P-0002584,V-04,6,19.003436,72.829954,1.7,2026-06-16 08:09:00+05:30,2026-06-16 08:09:04+05:30
P-0002585,V-04,6,19.003405,72.829927,1.0,2026-06-16 08:09:23+05:30,2026-06-16 08:09:26+05:30
P-0002586,V-04,6,19.003334,72.830114,5.7,2026-06-16 08:09:43+05:30,2026-06-16 08:09:47+05:30
P-0002587,V-04,6,19.00337,72.830078,0.0,2026-06-16 08:10:02+05:30,2026-06-16 08:10:04+05:30
P-0002588,V-04,6,19.003502,72.82995,3.8,2026-06-16 08:10:20+05:30,2026-06-16 08:10:23+05:30
P-0002589,V-04,6,19.003284,72.829992,5.3,2026-06-16 08:10:42+05:30,2026-06-16 08:10:45+05:30
P-0002590,V-04,6,19.00344,72.830006,3.0,2026-06-16 08:10:59+05:30,2026-06-16 08:11:03+05:30
P-0002591,V-04,6,19.003303,72.829969,4.7,2026-06-16 08:11:17+05:30,2026-06-16 08:11:18+05:30
P-0002592,V-04,6,19.003281,72.830088,1.7,2026-06-16 08:11:36+05:30,2026-06-16 08:11:39+05:30
P-0002593,V-04,6,19.003313,72.82991,2.7,2026-06-16 08:11:59+05:30,2026-06-16 08:12:01+05:30
P-0002594,V-04,6,19.003333,72.830015,1.8,2026-06-16 08:12:18+05:30,2026-06-16 08:12:21+05:30
P-0002595,V-04,6,19.003316,72.830014,0.0,2026-06-16 08:12:41+05:30,2026-06-16 08:12:42+05:30
P-0002596,V-04,6,19.003468,72.830044,5.0,2026-06-16 08:13:03+05:30,2026-06-16 08:13:05+05:30
P-0002597,V-04,6,19.003324,72.829912,3.9,2026-06-16 08:13:22+05:30,2026-06-16 08:13:25+05:30
P-0002598,V-04,6,19.003408,72.82989,0.9,2026-06-16 08:13:44+05:30,2026-06-16 08:13:46+05:30
P-0002599,V-04,6,19.003339,72.830015,4.0,2026-06-16 08:14:01+05:30,2026-06-16 08:14:04+05:30
P-0002600,V-04,6,19.003484,72.830094,3.8,2026-06-16 08:14:24+05:30,2026-06-16 08:14:26+05:30
P-0002601,V-04,6,19.003382,72.829967,1.9,2026-06-16 08:14:43+05:30,2026-06-16 08:14:46+05:30
P-0002602,V-04,6,19.00337,72.829976,0.3,2026-06-16 08:15:05+05:30,2026-06-16 08:15:09+05:30
P-0002603,V-04,6,19.003309,72.830028,2.9,2026-06-16 08:15:28+05:30,2026-06-16 08:15:29+05:30
P-0002604,V-04,6,19.003306,72.830054,0.5,2026-06-16 08:15:48+05:30,2026-06-16 08:15:51+05:30
P-0002605,V-04,6,19.003404,72.829941,2.8,2026-06-16 08:16:06+05:30,2026-06-16 08:16:07+05:30
P-0002606,V-04,6,19.003463,72.829944,0.0,2026-06-16 08:16:26+05:30,2026-06-16 08:16:27+05:30
P-0002607,V-04,6,19.003388,72.830078,4.5,2026-06-16 08:16:48+05:30,2026-06-16 08:16:51+05:30
P-0002608,V-04,6,19.003437,72.82997,1.4,2026-06-16 08:17:10+05:30,2026-06-16 08:17:14+05:30
P-0002609,V-04,6,19.003466,72.830069,2.9,2026-06-16 08:17:27+05:30,2026-06-16 08:17:28+05:30
P-0002610,V-04,6,19.00343,72.829906,4.7,2026-06-16 08:17:46+05:30,2026-06-16 08:17:50+05:30
P-0002611,V-04,6,19.003295,72.830086,3.1,2026-06-16 08:18:05+05:30,2026-06-16 08:18:07+05:30
P-0002612,V-04,6,19.003366,72.82998,2.8,2026-06-16 08:18:25+05:30,2026-06-16 08:18:28+05:30
P-0002613,V-04,6,19.003423,72.829917,1.7,2026-06-16 08:18:48+05:30,2026-06-16 08:18:51+05:30
P-0002614,V-04,6,19.003456,72.830077,1.6,2026-06-16 08:19:05+05:30,2026-06-16 08:19:08+05:30
P-0002615,V-04,6,19.003392,72.830091,2.0,2026-06-16 08:19:27+05:30,2026-06-16 08:19:31+05:30
P-0002616,V-04,6,19.003415,72.83008,0.0,2026-06-16 08:19:44+05:30,2026-06-16 08:19:48+05:30
P-0002617,V-04,6,19.00329,72.830016,4.6,2026-06-16 08:20:03+05:30,2026-06-16 08:20:04+05:30
P-0002618,V-04,6,19.003306,72.830108,1.3,2026-06-16 08:20:24+05:30,2026-06-16 08:20:25+05:30
P-0002619,V-04,6,19.003347,72.830103,2.1,2026-06-16 08:20:43+05:30,2026-06-16 08:20:45+05:30
P-0002620,V-04,6,19.003518,72.830015,3.2,2026-06-16 08:21:00+05:30,2026-06-16 08:21:03+05:30
P-0002621,V-04,6,19.003514,72.830037,1.8,2026-06-16 08:21:17+05:30,2026-06-16 08:21:19+05:30
P-0002622,V-04,6,19.003516,72.829894,4.6,2026-06-16 08:21:39+05:30,2026-06-16 08:21:40+05:30
P-0002623,V-04,6,19.003329,72.830087,3.3,2026-06-16 08:21:57+05:30,2026-06-16 08:22:01+05:30
P-0002624,V-04,6,19.003386,72.8299,3.0,2026-06-16 08:22:15+05:30,2026-06-16 08:22:19+05:30
P-0002625,V-04,6,19.003435,72.830041,1.5,2026-06-16 08:22:32+05:30,2026-06-16 08:22:36+05:30
P-0002626,V-04,6,19.003354,72.830009,3.3,2026-06-16 08:22:53+05:30,2026-06-16 08:22:57+05:30
P-0002627,V-04,6,19.003491,72.829939,4.0,2026-06-16 08:23:15+05:30,2026-06-16 08:23:18+05:30
P-0002628,V-04,6,19.003331,72.830106,3.5,2026-06-16 08:23:35+05:30,2026-06-16 08:23:39+05:30
P-0002629,V-04,6,19.003455,72.829948,5.1,2026-06-16 08:23:54+05:30,2026-06-16 08:23:58+05:30
P-0002630,V-04,6,19.00345,72.830087,1.4,2026-06-16 08:24:13+05:30,2026-06-16 08:24:15+05:30
P-0002631,V-04,6,19.003324,72.8301,2.1,2026-06-16 08:24:32+05:30,2026-06-16 08:24:34+05:30
P-0002632,V-04,6,19.003349,72.829907,3.3,2026-06-16 08:24:49+05:30,2026-06-16 08:24:53+05:30
P-0002633,V-05,5,19.075946,73.000765,0.0,2026-06-16 06:45:00+05:30,2026-06-16 06:45:03+05:30
P-0002634,V-05,5,19.075791,72.999957,15.1,2026-06-16 06:45:17+05:30,2026-06-16 06:45:20+05:30
P-0002635,V-05,5,19.075514,72.998949,18.2,2026-06-16 06:45:40+05:30,2026-06-16 06:45:44+05:30
P-0002636,V-05,5,19.075298,72.997992,19.5,2026-06-16 06:46:01+05:30,2026-06-16 06:46:04+05:30
P-0002637,V-05,5,19.074976,72.996765,24.4,2026-06-16 06:46:24+05:30,2026-06-16 06:46:27+05:30
P-0002638,V-05,5,19.074769,72.99591,16.3,2026-06-16 06:46:41+05:30,2026-06-16 06:46:45+05:30
P-0002639,V-05,5,19.074524,72.99517,15.2,2026-06-16 06:46:59+05:30,2026-06-16 06:47:03+05:30
P-0002640,V-05,5,19.074296,72.994068,23.0,2026-06-16 06:47:18+05:30,2026-06-16 06:47:19+05:30
P-0002641,V-05,5,19.074204,72.993332,12.9,2026-06-16 06:47:38+05:30,2026-06-16 06:47:39+05:30
P-0002642,V-05,5,19.073964,72.992248,21.0,2026-06-16 06:48:00+05:30,2026-06-16 06:48:03+05:30
P-0002643,V-05,5,19.073649,72.991272,21.0,2026-06-16 06:48:19+05:30,2026-06-16 06:48:20+05:30
P-0002644,V-05,5,19.073296,72.990284,21.8,2026-06-16 06:48:39+05:30,2026-06-16 06:48:41+05:30
P-0002645,V-05,5,19.073214,72.989221,18.3,2026-06-16 06:49:01+05:30,2026-06-16 06:49:03+05:30
P-0002646,V-05,5,19.072779,72.988085,23.8,2026-06-16 06:49:23+05:30,2026-06-16 06:49:27+05:30
P-0002647,V-05,5,19.072726,72.987413,13.3,2026-06-16 06:49:41+05:30,2026-06-16 06:49:45+05:30
P-0002648,V-05,5,19.072462,72.98631,21.5,2026-06-16 06:50:01+05:30,2026-06-16 06:50:02+05:30
P-0002649,V-05,5,19.072146,72.985397,19.0,2026-06-16 06:50:19+05:30,2026-06-16 06:50:23+05:30
P-0002650,V-05,5,19.07189,72.984718,14.6,2026-06-16 06:50:36+05:30,2026-06-16 06:50:39+05:30
P-0002651,V-05,5,19.071843,72.983732,17.3,2026-06-16 06:50:58+05:30,2026-06-16 06:51:00+05:30
P-0002652,V-05,5,19.071607,72.98275,18.6,2026-06-16 06:51:17+05:30,2026-06-16 06:51:18+05:30
P-0002653,V-05,5,19.071187,72.981883,17.0,2026-06-16 06:51:35+05:30,2026-06-16 06:51:39+05:30
P-0002654,V-05,5,19.070957,72.980818,22.0,2026-06-16 06:51:55+05:30,2026-06-16 06:51:57+05:30
P-0002655,V-05,5,19.070675,72.979877,20.7,2026-06-16 06:52:17+05:30,2026-06-16 06:52:20+05:30
P-0002656,V-05,5,19.07053,72.978975,15.3,2026-06-16 06:52:35+05:30,2026-06-16 06:52:38+05:30
P-0002657,V-05,5,19.070411,72.978114,15.6,2026-06-16 06:52:54+05:30,2026-06-16 06:52:58+05:30
P-0002658,V-05,5,19.070129,72.977186,20.3,2026-06-16 06:53:13+05:30,2026-06-16 06:53:15+05:30
P-0002659,V-05,5,19.069646,72.976139,20.8,2026-06-16 06:53:36+05:30,2026-06-16 06:53:38+05:30
P-0002660,V-05,5,19.06947,72.975275,16.2,2026-06-16 06:53:54+05:30,2026-06-16 06:53:58+05:30
P-0002661,V-05,5,19.06923,72.974307,19.5,2026-06-16 06:54:14+05:30,2026-06-16 06:54:17+05:30
P-0002662,V-05,5,19.068886,72.973578,14.1,2026-06-16 06:54:32+05:30,2026-06-16 06:54:36+05:30
P-0002663,V-05,5,19.068552,72.972534,19.0,2026-06-16 06:54:54+05:30,2026-06-16 06:54:56+05:30
P-0002664,V-05,5,19.068096,72.971561,19.0,2026-06-16 06:55:11+05:30,2026-06-16 06:55:15+05:30
P-0002665,V-05,5,19.067809,72.970717,16.0,2026-06-16 06:55:31+05:30,2026-06-16 06:55:33+05:30
P-0002666,V-05,5,19.067578,72.970008,13.2,2026-06-16 06:55:48+05:30,2026-06-16 06:55:51+05:30
P-0002667,V-05,5,19.067353,72.9691,18.4,2026-06-16 06:56:08+05:30,2026-06-16 06:56:09+05:30
P-0002668,V-05,5,19.066934,72.96792,22.8,2026-06-16 06:56:29+05:30,2026-06-16 06:56:33+05:30
P-0002669,V-05,5,19.066813,72.967235,11.6,2026-06-16 06:56:46+05:30,2026-06-16 06:56:47+05:30
P-0002670,V-05,5,19.066416,72.966333,18.0,2026-06-16 06:57:06+05:30,2026-06-16 06:57:07+05:30
P-0002671,V-05,5,19.066037,72.965377,17.7,2026-06-16 06:57:25+05:30,2026-06-16 06:57:28+05:30
P-0002672,V-05,5,19.065761,72.964391,20.4,2026-06-16 06:57:44+05:30,2026-06-16 06:57:47+05:30
P-0002673,V-05,5,19.065403,72.963688,15.9,2026-06-16 06:58:03+05:30,2026-06-16 06:58:05+05:30
P-0002674,V-05,5,19.06515,72.962673,21.1,2026-06-16 06:58:24+05:30,2026-06-16 06:58:28+05:30
P-0002675,V-05,5,19.064936,72.961648,19.6,2026-06-16 06:58:45+05:30,2026-06-16 06:58:46+05:30
P-0002676,V-05,5,19.064601,72.960555,21.4,2026-06-16 06:59:07+05:30,2026-06-16 06:59:09+05:30
P-0002677,V-05,5,19.064131,72.959899,14.8,2026-06-16 06:59:24+05:30,2026-06-16 06:59:28+05:30
P-0002678,V-05,5,19.063915,72.958973,19.8,2026-06-16 06:59:42+05:30,2026-06-16 06:59:45+05:30
P-0002679,V-05,5,19.063699,72.958053,18.5,2026-06-16 07:00:00+05:30,2026-06-16 07:00:04+05:30
P-0002680,V-05,5,19.063165,72.957174,19.6,2026-06-16 07:00:23+05:30,2026-06-16 07:00:26+05:30
P-0002681,V-05,5,19.062878,72.956199,18.1,2026-06-16 07:00:42+05:30,2026-06-16 07:00:43+05:30
P-0002682,V-05,5,19.062684,72.955295,16.6,2026-06-16 07:00:59+05:30,2026-06-16 07:01:01+05:30
P-0002683,V-05,5,19.062333,72.954485,15.6,2026-06-16 07:01:21+05:30,2026-06-16 07:01:25+05:30
P-0002684,V-05,5,19.062099,72.953363,20.1,2026-06-16 07:01:41+05:30,2026-06-16 07:01:45+05:30
P-0002685,V-05,5,19.061793,72.952611,16.7,2026-06-16 07:02:01+05:30,2026-06-16 07:02:04+05:30
P-0002686,V-05,5,19.06152,72.951628,17.4,2026-06-16 07:02:18+05:30,2026-06-16 07:02:22+05:30
P-0002687,V-05,5,19.061082,72.950632,22.1,2026-06-16 07:02:39+05:30,2026-06-16 07:02:41+05:30
P-0002688,V-05,5,19.060774,72.949656,18.9,2026-06-16 07:03:02+05:30,2026-06-16 07:03:05+05:30
P-0002689,V-05,5,19.060523,72.94894,13.5,2026-06-16 07:03:19+05:30,2026-06-16 07:03:21+05:30
P-0002690,V-05,5,19.060039,72.947898,21.7,2026-06-16 07:03:41+05:30,2026-06-16 07:03:45+05:30
P-0002691,V-05,5,19.059926,72.946753,22.6,2026-06-16 07:04:03+05:30,2026-06-16 07:04:06+05:30
P-0002692,V-05,5,19.059699,72.945887,17.4,2026-06-16 07:04:20+05:30,2026-06-16 07:04:22+05:30
P-0002693,V-05,5,19.059377,72.944898,20.8,2026-06-16 07:04:43+05:30,2026-06-16 07:04:45+05:30
P-0002694,V-05,5,19.059157,72.943834,20.1,2026-06-16 07:05:03+05:30,2026-06-16 07:05:06+05:30
P-0002695,V-05,5,19.058748,72.94304,18.7,2026-06-16 07:05:24+05:30,2026-06-16 07:05:28+05:30
P-0002696,V-05,5,19.058529,72.941841,22.3,2026-06-16 07:05:47+05:30,2026-06-16 07:05:51+05:30
P-0002697,V-05,5,19.058179,72.940767,22.8,2026-06-16 07:06:09+05:30,2026-06-16 07:06:11+05:30
P-0002698,V-05,5,19.057896,72.939697,19.4,2026-06-16 07:06:31+05:30,2026-06-16 07:06:33+05:30
P-0002699,V-05,5,19.057754,72.938589,19.9,2026-06-16 07:06:54+05:30,2026-06-16 07:06:56+05:30
P-0002700,V-05,5,19.057295,72.937807,16.1,2026-06-16 07:07:13+05:30,2026-06-16 07:07:14+05:30
P-0002701,V-05,5,19.057039,72.936661,23.0,2026-06-16 07:07:36+05:30,2026-06-16 07:07:39+05:30
P-0002702,V-05,5,19.056836,72.935732,19.1,2026-06-16 07:07:53+05:30,2026-06-16 07:07:57+05:30
P-0002703,V-05,5,19.056724,72.934881,17.5,2026-06-16 07:08:11+05:30,2026-06-16 07:08:15+05:30
P-0002704,V-05,5,19.056483,72.934163,13.1,2026-06-16 07:08:29+05:30,2026-06-16 07:08:32+05:30
P-0002705,V-05,5,19.056183,72.933047,22.0,2026-06-16 07:08:50+05:30,2026-06-16 07:08:54+05:30
P-0002706,V-05,5,19.056017,72.93208,20.5,2026-06-16 07:09:09+05:30,2026-06-16 07:09:13+05:30
P-0002707,V-05,5,19.055711,72.93136,13.1,2026-06-16 07:09:28+05:30,2026-06-16 07:09:32+05:30
P-0002708,V-05,5,19.055337,72.93026,22.5,2026-06-16 07:09:49+05:30,2026-06-16 07:09:53+05:30
P-0002709,V-05,5,19.05521,72.929383,18.6,2026-06-16 07:10:10+05:30,2026-06-16 07:10:14+05:30
P-0002710,V-05,5,19.054931,72.928472,16.2,2026-06-16 07:10:28+05:30,2026-06-16 07:10:29+05:30
P-0002711,V-05,5,19.05474,72.927477,19.8,2026-06-16 07:10:49+05:30,2026-06-16 07:10:52+05:30
P-0002712,V-05,5,19.054348,72.926413,22.1,2026-06-16 07:11:12+05:30,2026-06-16 07:11:13+05:30
P-0002713,V-05,5,19.054034,72.92533,19.8,2026-06-16 07:11:34+05:30,2026-06-16 07:11:37+05:30
P-0002714,V-05,5,19.05376,72.924314,18.1,2026-06-16 07:11:52+05:30,2026-06-16 07:11:55+05:30
P-0002715,V-05,5,19.053664,72.923468,16.4,2026-06-16 07:12:12+05:30,2026-06-16 07:12:13+05:30
P-0002716,V-05,5,19.053285,72.922591,18.1,2026-06-16 07:12:32+05:30,2026-06-16 07:12:35+05:30
P-0002717,V-05,5,19.052994,72.921701,18.2,2026-06-16 07:12:50+05:30,2026-06-16 07:12:51+05:30
P-0002718,V-05,5,19.052758,72.920676,21.5,2026-06-16 07:13:11+05:30,2026-06-16 07:13:15+05:30
P-0002719,V-05,5,19.052334,72.9197,20.1,2026-06-16 07:13:33+05:30,2026-06-16 07:13:34+05:30
P-0002720,V-05,5,19.052142,72.918842,15.2,2026-06-16 07:13:50+05:30,2026-06-16 07:13:51+05:30
P-0002721,V-05,5,19.051713,72.917852,19.2,2026-06-16 07:14:13+05:30,2026-06-16 07:14:14+05:30
P-0002722,V-05,5,19.051354,72.916992,18.4,2026-06-16 07:14:32+05:30,2026-06-16 07:14:34+05:30
P-0002723,V-05,5,19.05123,72.916129,18.1,2026-06-16 07:14:49+05:30,2026-06-16 07:14:52+05:30
P-0002724,V-05,5,19.050854,72.915067,23.2,2026-06-16 07:15:09+05:30,2026-06-16 07:15:12+05:30
P-0002725,V-05,5,19.050645,72.914365,13.0,2026-06-16 07:15:28+05:30,2026-06-16 07:15:30+05:30
P-0002726,V-05,5,19.050258,72.91332,21.8,2026-06-16 07:15:48+05:30,2026-06-16 07:15:51+05:30
P-0002727,V-05,5,19.049834,72.912449,20.2,2026-06-16 07:16:09+05:30,2026-06-16 07:16:12+05:30
P-0002728,V-05,5,19.04947,72.911315,23.9,2026-06-16 07:16:30+05:30,2026-06-16 07:16:33+05:30
P-0002729,V-05,5,19.049335,72.910467,17.9,2026-06-16 07:16:48+05:30,2026-06-16 07:16:50+05:30
P-0002730,V-05,5,19.049083,72.909775,13.3,2026-06-16 07:17:07+05:30,2026-06-16 07:17:10+05:30
P-0002731,V-05,5,19.048556,72.90881,23.1,2026-06-16 07:17:27+05:30,2026-06-16 07:17:28+05:30
P-0002732,V-05,5,19.048375,72.907926,16.1,2026-06-16 07:17:44+05:30,2026-06-16 07:17:46+05:30
P-0002733,V-05,5,19.047976,72.906978,18.2,2026-06-16 07:18:04+05:30,2026-06-16 07:18:05+05:30
P-0002734,V-05,5,19.047699,72.906169,14.6,2026-06-16 07:18:23+05:30,2026-06-16 07:18:25+05:30
P-0002735,V-05,5,19.047381,72.905321,18.7,2026-06-16 07:18:41+05:30,2026-06-16 07:18:44+05:30
P-0002736,V-05,5,19.04712,72.904331,18.7,2026-06-16 07:19:01+05:30,2026-06-16 07:19:03+05:30
P-0002737,V-05,5,19.046796,72.903452,19.0,2026-06-16 07:19:18+05:30,2026-06-16 07:19:19+05:30
P-0002738,V-05,5,19.046599,72.902499,19.9,2026-06-16 07:19:41+05:30,2026-06-16 07:19:44+05:30
P-0002739,V-05,5,19.046128,72.901672,17.3,2026-06-16 07:20:00+05:30,2026-06-16 07:20:03+05:30
P-0002740,V-05,5,19.045886,72.900582,22.7,2026-06-16 07:20:21+05:30,2026-06-16 07:20:25+05:30
P-0002741,V-05,5,19.045708,72.899911,12.7,2026-06-16 07:20:38+05:30,2026-06-16 07:20:39+05:30
P-0002742,V-05,5,19.045209,72.898876,23.6,2026-06-16 07:21:00+05:30,2026-06-16 07:21:04+05:30
P-0002743,V-05,5,19.0449,72.897842,18.5,2026-06-16 07:21:20+05:30,2026-06-16 07:21:22+05:30
P-0002744,V-05,5,19.044721,72.896822,19.2,2026-06-16 07:21:43+05:30,2026-06-16 07:21:46+05:30
P-0002745,V-05,5,19.044356,72.895671,23.1,2026-06-16 07:22:04+05:30,2026-06-16 07:22:05+05:30
P-0002746,V-05,5,19.043895,72.894733,21.2,2026-06-16 07:22:24+05:30,2026-06-16 07:22:26+05:30
P-0002747,V-05,5,19.043659,72.893856,16.9,2026-06-16 07:22:43+05:30,2026-06-16 07:22:47+05:30
P-0002748,V-05,5,19.043407,72.893058,15.6,2026-06-16 07:23:01+05:30,2026-06-16 07:23:03+05:30
P-0002749,V-05,5,19.043156,72.89195,22.0,2026-06-16 07:23:24+05:30,2026-06-16 07:23:27+05:30
P-0002750,V-05,5,19.042701,72.890887,20.5,2026-06-16 07:23:47+05:30,2026-06-16 07:23:48+05:30
P-0002751,V-05,5,19.042513,72.890088,17.1,2026-06-16 07:24:06+05:30,2026-06-16 07:24:08+05:30
P-0002752,V-05,5,19.042291,72.889143,20.4,2026-06-16 07:24:23+05:30,2026-06-16 07:24:27+05:30
P-0002753,V-05,5,19.041843,72.888324,17.1,2026-06-16 07:24:44+05:30,2026-06-16 07:24:47+05:30
P-0002754,V-05,5,19.041631,72.887369,18.5,2026-06-16 07:25:05+05:30,2026-06-16 07:25:09+05:30
P-0002755,V-05,5,19.041377,72.88641,19.4,2026-06-16 07:25:22+05:30,2026-06-16 07:25:24+05:30
P-0002756,V-05,5,19.041076,72.885344,22.8,2026-06-16 07:25:45+05:30,2026-06-16 07:25:48+05:30
P-0002757,V-05,5,19.040702,72.884677,13.8,2026-06-16 07:26:02+05:30,2026-06-16 07:26:06+05:30
P-0002758,V-05,5,19.040549,72.883629,21.9,2026-06-16 07:26:20+05:30,2026-06-16 07:26:21+05:30
P-0002759,V-05,5,19.040195,72.88281,17.1,2026-06-16 07:26:39+05:30,2026-06-16 07:26:43+05:30
P-0002760,V-05,5,19.039907,72.881802,20.5,2026-06-16 07:27:01+05:30,2026-06-16 07:27:05+05:30
P-0002761,V-05,5,19.039709,72.880913,15.8,2026-06-16 07:27:19+05:30,2026-06-16 07:27:20+05:30
P-0002762,V-05,5,19.03946,72.880207,12.4,2026-06-16 07:27:36+05:30,2026-06-16 07:27:38+05:30
P-0002763,V-05,5,19.039191,72.879283,18.6,2026-06-16 07:27:55+05:30,2026-06-16 07:27:57+05:30
P-0002764,V-05,5,19.038839,72.87823,21.1,2026-06-16 07:28:14+05:30,2026-06-16 07:28:17+05:30
P-0002765,V-05,5,19.038712,72.877497,14.3,2026-06-16 07:28:32+05:30,2026-06-16 07:28:34+05:30
P-0002766,V-05,5,19.038304,72.876614,18.1,2026-06-16 07:28:51+05:30,2026-06-16 07:28:54+05:30
P-0002767,V-05,5,19.038116,72.875603,20.2,2026-06-16 07:29:10+05:30,2026-06-16 07:29:13+05:30
P-0002768,V-05,5,19.037862,72.874868,15.7,2026-06-16 07:29:28+05:30,2026-06-16 07:29:29+05:30
P-0002769,V-05,5,19.037657,72.874046,14.4,2026-06-16 07:29:45+05:30,2026-06-16 07:29:49+05:30
P-0002770,V-05,5,19.037178,72.873073,21.4,2026-06-16 07:30:04+05:30,2026-06-16 07:30:05+05:30
P-0002771,V-05,5,19.037151,72.872441,13.4,2026-06-16 07:30:21+05:30,2026-06-16 07:30:24+05:30
P-0002772,V-05,5,19.036789,72.871617,18.7,2026-06-16 07:30:38+05:30,2026-06-16 07:30:39+05:30
P-0002773,V-05,5,19.036508,72.870661,18.5,2026-06-16 07:30:59+05:30,2026-06-16 07:31:03+05:30
P-0002774,V-05,5,19.036243,72.869568,21.1,2026-06-16 07:31:19+05:30,2026-06-16 07:31:20+05:30
P-0002775,V-05,5,19.035879,72.868669,17.3,2026-06-16 07:31:42+05:30,2026-06-16 07:31:43+05:30
P-0002776,V-05,5,19.035367,72.867944,17.0,2026-06-16 07:31:59+05:30,2026-06-16 07:32:01+05:30
P-0002777,V-05,5,19.034941,72.867099,17.5,2026-06-16 07:32:16+05:30,2026-06-16 07:32:17+05:30
P-0002778,V-05,5,19.034524,72.866465,13.7,2026-06-16 07:32:33+05:30,2026-06-16 07:32:35+05:30
P-0002779,V-05,5,19.034055,72.865492,22.2,2026-06-16 07:32:55+05:30,2026-06-16 07:32:58+05:30
P-0002780,V-05,5,19.033505,72.864457,23.8,2026-06-16 07:33:17+05:30,2026-06-16 07:33:18+05:30
P-0002781,V-05,5,19.033053,72.863799,17.4,2026-06-16 07:33:35+05:30,2026-06-16 07:33:38+05:30
P-0002782,V-05,5,19.032574,72.862682,23.6,2026-06-16 07:33:58+05:30,2026-06-16 07:34:00+05:30
P-0002783,V-05,5,19.032001,72.861761,21.5,2026-06-16 07:34:20+05:30,2026-06-16 07:34:22+05:30
P-0002784,V-05,5,19.031513,72.86104,15.7,2026-06-16 07:34:40+05:30,2026-06-16 07:34:42+05:30
P-0002785,V-05,5,19.030949,72.86014,20.7,2026-06-16 07:35:02+05:30,2026-06-16 07:35:04+05:30
P-0002786,V-05,5,19.030513,72.859312,19.0,2026-06-16 07:35:19+05:30,2026-06-16 07:35:21+05:30
P-0002787,V-05,5,19.029917,72.85846,19.4,2026-06-16 07:35:42+05:30,2026-06-16 07:35:45+05:30
P-0002788,V-05,5,19.029516,72.857326,23.2,2026-06-16 07:36:05+05:30,2026-06-16 07:36:07+05:30
P-0002789,V-05,5,19.029043,72.856642,17.6,2026-06-16 07:36:22+05:30,2026-06-16 07:36:26+05:30
P-0002790,V-05,5,19.028542,72.855836,18.6,2026-06-16 07:36:44+05:30,2026-06-16 07:36:48+05:30
P-0002791,V-05,5,19.028105,72.854953,18.4,2026-06-16 07:37:04+05:30,2026-06-16 07:37:06+05:30
P-0002792,V-05,5,19.027453,72.853896,23.0,2026-06-16 07:37:26+05:30,2026-06-16 07:37:28+05:30
P-0002793,V-05,5,19.027003,72.853035,17.4,2026-06-16 07:37:48+05:30,2026-06-16 07:37:50+05:30
P-0002794,V-05,5,19.02644,72.852266,20.4,2026-06-16 07:38:07+05:30,2026-06-16 07:38:11+05:30
P-0002795,V-05,5,19.025959,72.851312,18.6,2026-06-16 07:38:28+05:30,2026-06-16 07:38:30+05:30
P-0002796,V-05,5,19.025565,72.850437,17.9,2026-06-16 07:38:50+05:30,2026-06-16 07:38:52+05:30
P-0002797,V-05,5,19.024988,72.849417,23.1,2026-06-16 07:39:12+05:30,2026-06-16 07:39:15+05:30
P-0002798,V-05,5,19.024514,72.848443,21.0,2026-06-16 07:39:34+05:30,2026-06-16 07:39:37+05:30
P-0002799,V-05,5,19.023967,72.847534,20.4,2026-06-16 07:39:56+05:30,2026-06-16 07:39:58+05:30
P-0002800,V-05,5,19.023382,72.846829,18.5,2026-06-16 07:40:14+05:30,2026-06-16 07:40:18+05:30
P-0002801,V-05,5,19.022951,72.846073,18.3,2026-06-16 07:40:33+05:30,2026-06-16 07:40:36+05:30
P-0002802,V-05,5,19.022758,72.84523,15.8,2026-06-16 07:40:50+05:30,2026-06-16 07:40:54+05:30
P-0002803,V-05,5,19.022591,72.84431,17.7,2026-06-16 07:41:10+05:30,2026-06-16 07:41:14+05:30
P-0002804,V-05,5,19.022435,72.843282,21.3,2026-06-16 07:41:31+05:30,2026-06-16 07:41:32+05:30
P-0002805,V-05,5,19.022216,72.842455,14.7,2026-06-16 07:41:49+05:30,2026-06-16 07:41:52+05:30
P-0002806,V-05,5,19.022114,72.841471,18.0,2026-06-16 07:42:08+05:30,2026-06-16 07:42:09+05:30
P-0002807,V-05,5,19.021909,72.840309,22.4,2026-06-16 07:42:30+05:30,2026-06-16 07:42:34+05:30
P-0002808,V-05,5,19.02162,72.839418,18.9,2026-06-16 07:42:50+05:30,2026-06-16 07:42:54+05:30
P-0002809,V-05,5,19.021405,72.838457,20.2,2026-06-16 07:43:11+05:30,2026-06-16 07:43:13+05:30
P-0002810,V-05,5,19.02126,72.837282,24.0,2026-06-16 07:43:32+05:30,2026-06-16 07:43:35+05:30
P-0002811,V-05,5,19.021285,72.836416,16.8,2026-06-16 07:43:49+05:30,2026-06-16 07:43:53+05:30
P-0002812,V-05,5,19.021077,72.835581,18.0,2026-06-16 07:44:06+05:30,2026-06-16 07:44:08+05:30
P-0002813,V-05,5,19.020779,72.834688,16.0,2026-06-16 07:44:28+05:30,2026-06-16 07:44:31+05:30
P-0002814,V-05,5,19.020647,72.83373,16.5,2026-06-16 07:44:45+05:30,2026-06-16 07:44:48+05:30
P-0002815,V-05,5,19.020444,72.832579,21.5,2026-06-16 07:45:08+05:30,2026-06-16 07:45:09+05:30
P-0002816,V-05,5,19.020384,72.83149,21.8,2026-06-16 07:45:31+05:30,2026-06-16 07:45:34+05:30
P-0002817,V-05,5,19.020142,72.830396,21.7,2026-06-16 07:45:54+05:30,2026-06-16 07:45:55+05:30
P-0002818,V-05,5,19.01993,72.829377,20.6,2026-06-16 07:46:17+05:30,2026-06-16 07:46:18+05:30
P-0002819,V-05,5,19.01971,72.828336,19.3,2026-06-16 07:46:35+05:30,2026-06-16 07:46:37+05:30
P-0002820,V-05,5,19.019658,72.827409,18.2,2026-06-16 07:46:54+05:30,2026-06-16 07:46:57+05:30
P-0002821,V-05,5,19.019493,72.826388,18.8,2026-06-16 07:47:16+05:30,2026-06-16 07:47:20+05:30
P-0002822,V-05,5,19.019202,72.825414,19.2,2026-06-16 07:47:36+05:30,2026-06-16 07:47:40+05:30
P-0002823,V-05,5,19.019121,72.824484,18.5,2026-06-16 07:47:54+05:30,2026-06-16 07:47:56+05:30
P-0002824,V-05,5,19.019023,72.823494,18.0,2026-06-16 07:48:16+05:30,2026-06-16 07:48:19+05:30
P-0002825,V-05,5,19.018719,72.82233,24.2,2026-06-16 07:48:39+05:30,2026-06-16 07:48:41+05:30
P-0002826,V-05,5,19.018535,72.821495,17.6,2026-06-16 07:48:57+05:30,2026-06-16 07:49:01+05:30
P-0002827,V-05,5,19.018342,72.820318,23.0,2026-06-16 07:49:19+05:30,2026-06-16 07:49:23+05:30
P-0002828,V-05,5,19.018134,72.819405,17.8,2026-06-16 07:49:41+05:30,2026-06-16 07:49:45+05:30
P-0002829,V-05,5,19.018078,72.818355,21.1,2026-06-16 07:50:02+05:30,2026-06-16 07:50:04+05:30
P-0002830,V-05,5,19.017896,72.817252,22.6,2026-06-16 07:50:23+05:30,2026-06-16 07:50:27+05:30
P-0002831,V-05,5,19.017687,72.816414,17.6,2026-06-16 07:50:41+05:30,2026-06-16 07:50:45+05:30
P-0002832,V-05,5,19.017705,72.815506,17.5,2026-06-16 07:51:04+05:30,2026-06-16 07:51:07+05:30
P-0002833,V-05,5,19.01752,72.8156,4.6,2026-06-16 07:51:26+05:30,2026-06-16 07:51:29+05:30
P-0002834,V-05,5,19.01755,72.815694,2.7,2026-06-16 07:51:46+05:30,2026-06-16 07:51:50+05:30
P-0002835,V-05,5,19.017482,72.81564,2.5,2026-06-16 07:52:05+05:30,2026-06-16 07:52:08+05:30
P-0002836,V-05,5,19.017694,72.815701,3.0,2026-06-16 07:52:22+05:30,2026-06-16 07:52:25+05:30
P-0002837,V-05,5,19.017587,72.815602,2.5,2026-06-16 07:52:39+05:30,2026-06-16 07:52:40+05:30
P-0002838,V-05,5,19.017671,72.815707,3.7,2026-06-16 07:52:57+05:30,2026-06-16 07:52:58+05:30
P-0002839,V-05,5,19.017562,72.815641,2.8,2026-06-16 07:53:16+05:30,2026-06-16 07:53:19+05:30
P-0002840,V-05,5,19.017686,72.815593,2.6,2026-06-16 07:53:33+05:30,2026-06-16 07:53:36+05:30
P-0002841,V-05,5,19.01754,72.815572,2.4,2026-06-16 07:53:51+05:30,2026-06-16 07:53:53+05:30
P-0002842,V-05,5,19.017651,72.815628,0.7,2026-06-16 07:54:14+05:30,2026-06-16 07:54:17+05:30
P-0002843,V-05,5,19.01755,72.815634,0.0,2026-06-16 07:54:32+05:30,2026-06-16 07:54:36+05:30
P-0002844,V-05,5,19.017644,72.815638,3.3,2026-06-16 07:54:53+05:30,2026-06-16 07:54:55+05:30
P-0002845,V-05,5,19.017672,72.815653,1.8,2026-06-16 07:55:13+05:30,2026-06-16 07:55:17+05:30
P-0002846,V-05,5,19.017696,72.815689,0.0,2026-06-16 07:55:31+05:30,2026-06-16 07:55:32+05:30
P-0002847,V-05,5,19.017633,72.815513,3.1,2026-06-16 07:55:51+05:30,2026-06-16 07:55:52+05:30
P-0002848,V-05,5,19.017551,72.815713,5.9,2026-06-16 07:56:12+05:30,2026-06-16 07:56:16+05:30
P-0002849,V-05,5,19.017521,72.815493,5.8,2026-06-16 07:56:31+05:30,2026-06-16 07:56:33+05:30
P-0002850,V-05,5,19.017517,72.815558,0.8,2026-06-16 07:56:49+05:30,2026-06-16 07:56:52+05:30
P-0002851,V-05,5,19.017641,72.815511,3.9,2026-06-16 07:57:11+05:30,2026-06-16 07:57:13+05:30
P-0002852,V-05,5,19.017615,72.815581,2.5,2026-06-16 07:57:33+05:30,2026-06-16 07:57:34+05:30
P-0002853,V-05,5,19.017635,72.815677,1.9,2026-06-16 07:57:56+05:30,2026-06-16 07:57:57+05:30
P-0002854,V-05,5,19.017496,72.815623,1.5,2026-06-16 07:58:16+05:30,2026-06-16 07:58:17+05:30
P-0002855,V-05,5,19.017498,72.815576,0.0,2026-06-16 07:58:34+05:30,2026-06-16 07:58:36+05:30
P-0002856,V-05,5,19.01762,72.815639,2.9,2026-06-16 07:58:56+05:30,2026-06-16 07:58:58+05:30
P-0002857,V-05,5,19.017611,72.815574,2.9,2026-06-16 07:59:15+05:30,2026-06-16 07:59:16+05:30
P-0002858,V-05,5,19.017586,72.81562,0.0,2026-06-16 07:59:34+05:30,2026-06-16 07:59:37+05:30
P-0002859,V-05,5,19.017682,72.815633,1.2,2026-06-16 07:59:56+05:30,2026-06-16 08:00:00+05:30
P-0002860,V-05,5,19.017661,72.815492,4.0,2026-06-16 08:00:13+05:30,2026-06-16 08:00:14+05:30
P-0002861,V-05,5,19.017586,72.815571,2.9,2026-06-16 08:00:30+05:30,2026-06-16 08:00:34+05:30
P-0002862,V-05,5,19.017708,72.815672,3.5,2026-06-16 08:00:53+05:30,2026-06-16 08:00:54+05:30
P-0002863,V-05,5,19.017529,72.815713,2.1,2026-06-16 08:01:16+05:30,2026-06-16 08:01:17+05:30
P-0002864,V-05,5,19.017501,72.815671,2.4,2026-06-16 08:01:36+05:30,2026-06-16 08:01:38+05:30
P-0002865,V-05,5,19.017512,72.815574,2.7,2026-06-16 08:01:56+05:30,2026-06-16 08:01:58+05:30
P-0002866,V-05,5,19.017683,72.815521,4.2,2026-06-16 08:02:18+05:30,2026-06-16 08:02:19+05:30
P-0002867,V-05,5,19.017518,72.815629,2.9,2026-06-16 08:02:37+05:30,2026-06-16 08:02:40+05:30
P-0002868,V-05,5,19.017489,72.815577,0.0,2026-06-16 08:02:58+05:30,2026-06-16 08:03:01+05:30
P-0002869,V-05,5,19.01764,72.815615,3.7,2026-06-16 08:03:19+05:30,2026-06-16 08:03:22+05:30
P-0002870,V-05,5,19.017666,72.815611,1.3,2026-06-16 08:03:41+05:30,2026-06-16 08:03:45+05:30
P-0002871,V-05,5,19.017709,72.815488,1.9,2026-06-16 08:04:01+05:30,2026-06-16 08:04:02+05:30
P-0002872,V-05,5,19.01759,72.8155,2.5,2026-06-16 08:04:18+05:30,2026-06-16 08:04:21+05:30
P-0002873,V-05,5,19.017658,72.815658,4.8,2026-06-16 08:04:38+05:30,2026-06-16 08:04:39+05:30
P-0002874,V-05,5,19.017625,72.815635,2.3,2026-06-16 08:04:59+05:30,2026-06-16 08:05:02+05:30
P-0002875,V-05,5,19.01769,72.815609,0.2,2026-06-16 08:05:21+05:30,2026-06-16 08:05:25+05:30
P-0002876,V-05,5,19.017588,72.815649,3.8,2026-06-16 08:05:41+05:30,2026-06-16 08:05:43+05:30
P-0002877,V-05,5,19.017599,72.81555,3.1,2026-06-16 08:06:03+05:30,2026-06-16 08:06:06+05:30
P-0002878,V-05,5,19.017624,72.815552,1.6,2026-06-16 08:06:23+05:30,2026-06-16 08:06:26+05:30
P-0002879,V-05,5,19.017531,72.815648,3.5,2026-06-16 08:06:43+05:30,2026-06-16 08:06:44+05:30
P-0002880,V-05,5,19.017512,72.815575,3.1,2026-06-16 08:07:02+05:30,2026-06-16 08:07:03+05:30
P-0002881,V-05,5,19.017572,72.815486,0.2,2026-06-16 08:07:21+05:30,2026-06-16 08:07:23+05:30
P-0002882,V-05,5,19.017687,72.815483,2.9,2026-06-16 08:07:42+05:30,2026-06-16 08:07:46+05:30
P-0002883,V-05,5,19.017606,72.815524,1.0,2026-06-16 08:08:03+05:30,2026-06-16 08:08:07+05:30
P-0002884,V-05,5,19.017498,72.815666,2.3,2026-06-16 08:08:21+05:30,2026-06-16 08:08:23+05:30
P-0002885,V-05,5,19.017486,72.815566,0.6,2026-06-16 08:08:38+05:30,2026-06-16 08:08:41+05:30
P-0002886,V-05,5,19.017596,72.81552,3.6,2026-06-16 08:09:01+05:30,2026-06-16 08:09:02+05:30
P-0002887,V-05,5,19.017593,72.815689,4.3,2026-06-16 08:09:18+05:30,2026-06-16 08:09:22+05:30
P-0002888,V-05,5,19.017575,72.815612,0.5,2026-06-16 08:09:38+05:30,2026-06-16 08:09:39+05:30
P-0002889,V-05,5,19.017509,72.815597,0.4,2026-06-16 08:09:58+05:30,2026-06-16 08:10:00+05:30
P-0002890,V-05,5,19.017506,72.815484,1.0,2026-06-16 08:10:19+05:30,2026-06-16 08:10:23+05:30
P-0002891,V-05,5,19.017644,72.815707,4.6,2026-06-16 08:10:36+05:30,2026-06-16 08:10:39+05:30
P-0002892,V-05,5,19.017719,72.815666,3.0,2026-06-16 08:10:55+05:30,2026-06-16 08:10:56+05:30
P-0002893,V-05,5,19.017671,72.815557,1.4,2026-06-16 08:11:17+05:30,2026-06-16 08:11:20+05:30
P-0002894,V-05,5,19.017555,72.815619,1.5,2026-06-16 08:11:34+05:30,2026-06-16 08:11:36+05:30
P-0002895,V-05,5,19.017693,72.815714,5.0,2026-06-16 08:11:57+05:30,2026-06-16 08:11:58+05:30
P-0002896,V-05,5,19.017521,72.815654,2.1,2026-06-16 08:12:17+05:30,2026-06-16 08:12:20+05:30
P-0002897,V-05,5,19.017655,72.815714,1.9,2026-06-16 08:12:37+05:30,2026-06-16 08:12:39+05:30
P-0002898,V-05,5,19.017576,72.815604,3.4,2026-06-16 08:12:56+05:30,2026-06-16 08:12:58+05:30
P-0002899,V-05,5,19.017716,72.815631,1.8,2026-06-16 08:13:18+05:30,2026-06-16 08:13:22+05:30
P-0002900,V-05,5,19.017568,72.815672,4.3,2026-06-16 08:13:37+05:30,2026-06-16 08:13:40+05:30
P-0002901,V-05,5,19.017532,72.815552,2.2,2026-06-16 08:14:00+05:30,2026-06-16 08:14:03+05:30
P-0002902,V-05,5,19.017608,72.815576,2.5,2026-06-16 08:14:19+05:30,2026-06-16 08:14:22+05:30
P-0002903,V-05,5,19.017625,72.815651,1.1,2026-06-16 08:14:42+05:30,2026-06-16 08:14:45+05:30
P-0002904,V-05,5,19.017637,72.81558,0.0,2026-06-16 08:15:00+05:30,2026-06-16 08:15:01+05:30
P-0002905,V-03,5,19.085893,72.908964,2.4,2026-06-16 07:21:00+05:30,2026-06-16 07:21:01+05:30
P-0002906,V-03,5,19.086019,72.908602,7.6,2026-06-16 07:21:18+05:30,2026-06-16 07:21:20+05:30
P-0002907,V-03,5,19.085891,72.908028,11.0,2026-06-16 07:21:40+05:30,2026-06-16 07:21:41+05:30
P-0002908,V-03,5,19.085798,72.907802,4.8,2026-06-16 07:22:01+05:30,2026-06-16 07:22:04+05:30
P-0002909,V-03,5,19.085724,72.907256,10.2,2026-06-16 07:22:24+05:30,2026-06-16 07:22:26+05:30
P-0002910,V-03,5,19.08562,72.90675,9.4,2026-06-16 07:22:45+05:30,2026-06-16 07:22:49+05:30
P-0002911,V-03,5,19.085755,72.906357,9.5,2026-06-16 07:23:04+05:30,2026-06-16 07:23:06+05:30
P-0002912,V-03,5,19.085514,72.906092,5.8,2026-06-16 07:23:27+05:30,2026-06-16 07:23:30+05:30
P-0002913,V-03,5,19.08551,72.905569,11.8,2026-06-16 07:23:48+05:30,2026-06-16 07:23:51+05:30
P-0002914,V-03,5,19.085488,72.905247,5.6,2026-06-16 07:24:09+05:30,2026-06-16 07:24:13+05:30
P-0002915,V-03,5,19.085376,72.904724,11.2,2026-06-16 07:24:29+05:30,2026-06-16 07:24:32+05:30
P-0002916,V-03,5,19.085346,72.904425,5.4,2026-06-16 07:24:49+05:30,2026-06-16 07:24:51+05:30
P-0002917,V-03,5,19.085304,72.903976,8.3,2026-06-16 07:25:09+05:30,2026-06-16 07:25:11+05:30
P-0002918,V-03,5,19.085359,72.903756,4.1,2026-06-16 07:25:26+05:30,2026-06-16 07:25:29+05:30
P-0002919,V-03,5,19.085376,72.903382,8.3,2026-06-16 07:25:44+05:30,2026-06-16 07:25:47+05:30
P-0002920,V-03,5,19.085213,72.902903,8.8,2026-06-16 07:26:01+05:30,2026-06-16 07:26:05+05:30
P-0002921,V-03,5,19.085157,72.902617,7.4,2026-06-16 07:26:21+05:30,2026-06-16 07:26:23+05:30
P-0002922,V-03,5,19.085068,72.902114,7.8,2026-06-16 07:26:41+05:30,2026-06-16 07:26:44+05:30
P-0002923,V-03,5,19.084978,72.901962,2.5,2026-06-16 07:27:01+05:30,2026-06-16 07:27:02+05:30
P-0002924,V-03,5,19.085049,72.901357,10.6,2026-06-16 07:27:23+05:30,2026-06-16 07:27:27+05:30
P-0002925,V-03,5,19.084904,72.900857,9.7,2026-06-16 07:27:46+05:30,2026-06-16 07:27:48+05:30
P-0002926,V-03,5,19.085035,72.900711,3.6,2026-06-16 07:28:04+05:30,2026-06-16 07:28:05+05:30
P-0002927,V-03,5,19.084905,72.900212,9.8,2026-06-16 07:28:24+05:30,2026-06-16 07:28:26+05:30
P-0002928,V-03,5,19.084812,72.899946,6.0,2026-06-16 07:28:44+05:30,2026-06-16 07:28:45+05:30
P-0002929,V-03,5,19.084834,72.899425,10.4,2026-06-16 07:29:02+05:30,2026-06-16 07:29:03+05:30
P-0002930,V-03,5,19.084626,72.899007,9.3,2026-06-16 07:29:24+05:30,2026-06-16 07:29:26+05:30
P-0002931,V-03,5,19.084416,72.898931,5.0,2026-06-16 07:29:41+05:30,2026-06-16 07:29:42+05:30
P-0002932,V-03,5,19.084291,72.898408,12.0,2026-06-16 07:30:02+05:30,2026-06-16 07:30:06+05:30
P-0002933,V-03,5,19.084046,72.898256,4.9,2026-06-16 07:30:24+05:30,2026-06-16 07:30:26+05:30
P-0002934,V-03,5,19.083666,72.897867,12.0,2026-06-16 07:30:46+05:30,2026-06-16 07:30:48+05:30
P-0002935,V-03,5,19.083269,72.897602,9.6,2026-06-16 07:31:08+05:30,2026-06-16 07:31:12+05:30
P-0002936,V-03,5,19.083105,72.897156,10.0,2026-06-16 07:31:30+05:30,2026-06-16 07:31:33+05:30
P-0002937,V-03,5,19.082734,72.896893,8.9,2026-06-16 07:31:52+05:30,2026-06-16 07:31:53+05:30
P-0002938,V-03,5,19.082589,72.896687,3.8,2026-06-16 07:32:12+05:30,2026-06-16 07:32:15+05:30
P-0002939,V-03,5,19.082284,72.896165,12.3,2026-06-16 07:32:35+05:30,2026-06-16 07:32:37+05:30
P-0002940,V-03,5,19.082042,72.896121,5.0,2026-06-16 07:32:52+05:30,2026-06-16 07:32:55+05:30
P-0002941,V-03,5,19.081848,72.895648,10.5,2026-06-16 07:33:13+05:30,2026-06-16 07:33:17+05:30
P-0002942,V-03,5,19.081555,72.895313,8.3,2026-06-16 07:33:36+05:30,2026-06-16 07:33:38+05:30
P-0002943,V-03,5,19.0814,72.895208,3.5,2026-06-16 07:33:53+05:30,2026-06-16 07:33:56+05:30
P-0002944,V-03,5,19.081077,72.894837,9.7,2026-06-16 07:34:15+05:30,2026-06-16 07:34:17+05:30
P-0002945,V-03,5,19.080955,72.894481,6.6,2026-06-16 07:34:33+05:30,2026-06-16 07:34:34+05:30
P-0002946,V-03,5,19.080694,72.894288,8.2,2026-06-16 07:34:50+05:30,2026-06-16 07:34:52+05:30
P-0002947,V-03,5,19.080402,72.893892,10.9,2026-06-16 07:35:12+05:30,2026-06-16 07:35:14+05:30
P-0002948,V-03,5,19.080123,72.893598,6.8,2026-06-16 07:35:34+05:30,2026-06-16 07:35:38+05:30
P-0002949,V-03,5,19.079813,72.893255,9.0,2026-06-16 07:35:54+05:30,2026-06-16 07:35:57+05:30
P-0002950,V-03,5,19.079536,72.892927,7.7,2026-06-16 07:36:15+05:30,2026-06-16 07:36:18+05:30
P-0002951,V-03,5,19.079271,72.892711,7.1,2026-06-16 07:36:32+05:30,2026-06-16 07:36:34+05:30
P-0002952,V-03,5,19.078967,72.892476,8.1,2026-06-16 07:36:55+05:30,2026-06-16 07:36:56+05:30
P-0002953,V-03,5,19.078684,72.892041,8.5,2026-06-16 07:37:17+05:30,2026-06-16 07:37:18+05:30
P-0002954,V-03,5,19.078695,72.891835,3.4,2026-06-16 07:37:34+05:30,2026-06-16 07:37:35+05:30
P-0002955,V-03,5,19.078342,72.891588,8.9,2026-06-16 07:37:55+05:30,2026-06-16 07:37:58+05:30
P-0002956,V-03,5,19.07801,72.891394,7.6,2026-06-16 07:38:12+05:30,2026-06-16 07:38:15+05:30
P-0002957,V-03,5,19.077858,72.890987,9.0,2026-06-16 07:38:34+05:30,2026-06-16 07:38:38+05:30
P-0002958,V-03,5,19.077822,72.890503,7.5,2026-06-16 07:38:55+05:30,2026-06-16 07:38:58+05:30
P-0002959,V-03,5,19.077655,72.890317,5.9,2026-06-16 07:39:13+05:30,2026-06-16 07:39:17+05:30
P-0002960,V-03,5,19.077255,72.889925,10.2,2026-06-16 07:39:36+05:30,2026-06-16 07:39:40+05:30
P-0002961,V-03,5,19.077113,72.889536,6.9,2026-06-16 07:39:55+05:30,2026-06-16 07:39:56+05:30
P-0002962,V-03,5,19.076913,72.88925,7.4,2026-06-16 07:40:15+05:30,2026-06-16 07:40:17+05:30
P-0002963,V-03,5,19.076819,72.888809,8.1,2026-06-16 07:40:34+05:30,2026-06-16 07:40:38+05:30
P-0002964,V-03,5,19.0767,72.888611,2.7,2026-06-16 07:40:52+05:30,2026-06-16 07:40:56+05:30
P-0002965,V-03,5,19.076449,72.888155,9.7,2026-06-16 07:41:14+05:30,2026-06-16 07:41:16+05:30
P-0002966,V-03,5,19.076389,72.88775,9.0,2026-06-16 07:41:31+05:30,2026-06-16 07:41:33+05:30
P-0002967,V-03,5,19.076144,72.887468,8.4,2026-06-16 07:41:51+05:30,2026-06-16 07:41:53+05:30
P-0002968,V-03,5,19.076122,72.887294,1.9,2026-06-16 07:42:09+05:30,2026-06-16 07:42:10+05:30
P-0002969,V-03,5,19.075793,72.886837,12.2,2026-06-16 07:42:31+05:30,2026-06-16 07:42:32+05:30
P-0002970,V-03,5,19.075744,72.886392,10.1,2026-06-16 07:42:49+05:30,2026-06-16 07:42:52+05:30
P-0002971,V-03,5,19.075558,72.886069,5.2,2026-06-16 07:43:08+05:30,2026-06-16 07:43:10+05:30
P-0002972,V-03,5,19.075268,72.885753,7.5,2026-06-16 07:43:31+05:30,2026-06-16 07:43:35+05:30
P-0002973,V-03,5,19.075065,72.88532,7.9,2026-06-16 07:43:53+05:30,2026-06-16 07:43:57+05:30
P-0002974,V-03,5,19.074971,72.885121,4.2,2026-06-16 07:44:13+05:30,2026-06-16 07:44:14+05:30
P-0002975,V-03,5,19.074662,72.884827,6.6,2026-06-16 07:44:31+05:30,2026-06-16 07:44:35+05:30
P-0002976,V-03,5,19.074393,72.884328,11.4,2026-06-16 07:44:53+05:30,2026-06-16 07:44:56+05:30
P-0002977,V-03,5,19.074213,72.884023,5.4,2026-06-16 07:45:14+05:30,2026-06-16 07:45:15+05:30
P-0002978,V-03,5,19.074022,72.883703,6.3,2026-06-16 07:45:35+05:30,2026-06-16 07:45:37+05:30
P-0002979,V-03,5,19.073927,72.88336,8.5,2026-06-16 07:45:56+05:30,2026-06-16 07:45:59+05:30
P-0002980,V-03,5,19.073556,72.882958,9.6,2026-06-16 07:46:17+05:30,2026-06-16 07:46:20+05:30
P-0002981,V-03,5,19.073561,72.882821,4.1,2026-06-16 07:46:35+05:30,2026-06-16 07:46:39+05:30
P-0002982,V-03,5,19.073269,72.882376,9.1,2026-06-16 07:46:55+05:30,2026-06-16 07:46:59+05:30
P-0002983,V-03,5,19.07305,72.882028,6.9,2026-06-16 07:47:14+05:30,2026-06-16 07:47:18+05:30
P-0002984,V-03,5,19.072898,72.881887,4.5,2026-06-16 07:47:32+05:30,2026-06-16 07:47:34+05:30
P-0002985,V-03,5,19.072642,72.881434,10.3,2026-06-16 07:47:49+05:30,2026-06-16 07:47:51+05:30
P-0002986,V-03,5,19.072458,72.881279,2.9,2026-06-16 07:48:08+05:30,2026-06-16 07:48:12+05:30
P-0002987,V-03,5,19.072227,72.88086,9.8,2026-06-16 07:48:29+05:30,2026-06-16 07:48:33+05:30
P-0002988,V-03,5,19.072117,72.880467,9.4,2026-06-16 07:48:51+05:30,2026-06-16 07:48:54+05:30
P-0002989,V-03,5,19.071923,72.880206,6.2,2026-06-16 07:49:09+05:30,2026-06-16 07:49:13+05:30
P-0002990,V-03,5,19.071787,72.879986,5.0,2026-06-16 07:49:28+05:30,2026-06-16 07:49:30+05:30
P-0002991,V-03,5,19.071471,72.879417,11.7,2026-06-16 07:49:49+05:30,2026-06-16 07:49:51+05:30
P-0002992,V-03,5,19.071375,72.879305,2.7,2026-06-16 07:50:09+05:30,2026-06-16 07:50:11+05:30
P-0002993,V-03,5,19.070917,72.878746,14.4,2026-06-16 07:50:32+05:30,2026-06-16 07:50:36+05:30
P-0002994,V-03,5,19.070749,72.878479,7.4,2026-06-16 07:50:51+05:30,2026-06-16 07:50:53+05:30
P-0002995,V-03,5,19.070732,72.878111,8.4,2026-06-16 07:51:08+05:30,2026-06-16 07:51:09+05:30
P-0002996,V-03,5,19.070576,72.877964,2.9,2026-06-16 07:51:25+05:30,2026-06-16 07:51:29+05:30
P-0002997,V-03,5,19.07044,72.877553,9.3,2026-06-16 07:51:45+05:30,2026-06-16 07:51:49+05:30
P-0002998,V-03,5,19.070068,72.877309,8.2,2026-06-16 07:52:02+05:30,2026-06-16 07:52:06+05:30
P-0002999,V-03,5,19.070077,72.876875,7.5,2026-06-16 07:52:21+05:30,2026-06-16 07:52:22+05:30
P-0003000,V-03,5,19.069884,72.87662,6.2,2026-06-16 07:52:39+05:30,2026-06-16 07:52:41+05:30
P-0003001,V-03,5,19.069682,72.87633,5.2,2026-06-16 07:53:02+05:30,2026-06-16 07:53:05+05:30
P-0003002,V-03,5,19.069435,72.876032,7.8,2026-06-16 07:53:19+05:30,2026-06-16 07:53:22+05:30
P-0003003,V-03,5,19.069263,72.875631,7.4,2026-06-16 07:53:39+05:30,2026-06-16 07:53:42+05:30
P-0003004,V-03,5,19.069201,72.875367,4.3,2026-06-16 07:53:56+05:30,2026-06-16 07:54:00+05:30
P-0003005,V-03,5,19.069182,72.87492,9.8,2026-06-16 07:54:14+05:30,2026-06-16 07:54:18+05:30
P-0003006,V-03,5,19.068909,72.874583,8.6,2026-06-16 07:54:35+05:30,2026-06-16 07:54:38+05:30
P-0003007,V-03,5,19.068802,72.874092,9.5,2026-06-16 07:54:58+05:30,2026-06-16 07:55:01+05:30
P-0003008,V-03,5,19.068429,72.873951,6.5,2026-06-16 07:55:16+05:30,2026-06-16 07:55:19+05:30
P-0003009,V-03,5,19.06843,72.873585,6.9,2026-06-16 07:55:33+05:30,2026-06-16 07:55:36+05:30
P-0003010,V-03,5,19.068182,72.873249,7.0,2026-06-16 07:55:50+05:30,2026-06-16 07:55:51+05:30
P-0003011,V-03,5,19.068075,72.872803,9.8,2026-06-16 07:56:11+05:30,2026-06-16 07:56:12+05:30
P-0003012,V-03,5,19.067909,72.872635,6.5,2026-06-16 07:56:30+05:30,2026-06-16 07:56:33+05:30
P-0003013,V-03,5,19.06779,72.872273,5.6,2026-06-16 07:56:49+05:30,2026-06-16 07:56:50+05:30
P-0003014,V-03,5,19.067662,72.871794,7.8,2026-06-16 07:57:09+05:30,2026-06-16 07:57:10+05:30
P-0003015,V-03,5,19.067462,72.87155,8.0,2026-06-16 07:57:28+05:30,2026-06-16 07:57:30+05:30
P-0003016,V-03,5,19.067169,72.87126,6.4,2026-06-16 07:57:48+05:30,2026-06-16 07:57:51+05:30
P-0003017,V-03,5,19.067028,72.870782,8.8,2026-06-16 07:58:09+05:30,2026-06-16 07:58:12+05:30
P-0003018,V-03,5,19.066837,72.870453,8.0,2026-06-16 07:58:31+05:30,2026-06-16 07:58:34+05:30
P-0003019,V-03,5,19.066853,72.870051,6.5,2026-06-16 07:58:48+05:30,2026-06-16 07:58:50+05:30
P-0003020,V-03,5,19.066635,72.869744,7.8,2026-06-16 07:59:11+05:30,2026-06-16 07:59:13+05:30
P-0003021,V-03,5,19.066422,72.869327,10.3,2026-06-16 07:59:28+05:30,2026-06-16 07:59:31+05:30
P-0003022,V-03,5,19.066237,72.868993,7.5,2026-06-16 07:59:48+05:30,2026-06-16 07:59:50+05:30
P-0003023,V-03,5,19.066227,72.869081,1.3,2026-06-16 08:00:07+05:30,2026-06-16 08:00:10+05:30
P-0003024,V-03,5,19.066105,72.869077,3.3,2026-06-16 08:00:24+05:30,2026-06-16 08:00:28+05:30
P-0003025,V-03,5,19.066098,72.869002,3.1,2026-06-16 08:00:45+05:30,2026-06-16 08:00:48+05:30
P-0003026,V-03,5,19.066271,72.868903,2.0,2026-06-16 08:01:05+05:30,2026-06-16 08:01:08+05:30
P-0003027,V-03,5,19.066308,72.86904,4.6,2026-06-16 08:01:24+05:30,2026-06-16 08:01:25+05:30
P-0003028,V-03,5,19.066282,72.868896,4.1,2026-06-16 08:01:47+05:30,2026-06-16 08:01:49+05:30
P-0003029,V-03,5,19.066279,72.86908,3.8,2026-06-16 08:02:08+05:30,2026-06-16 08:02:11+05:30
P-0003030,V-03,5,19.066282,72.869077,0.8,2026-06-16 08:02:31+05:30,2026-06-16 08:02:32+05:30
P-0003031,V-03,5,19.066231,72.869118,1.3,2026-06-16 08:02:51+05:30,2026-06-16 08:02:55+05:30
P-0003032,V-03,5,19.066287,72.868964,1.3,2026-06-16 08:03:09+05:30,2026-06-16 08:03:13+05:30
P-0003033,V-03,5,19.066309,72.868935,0.0,2026-06-16 08:03:32+05:30,2026-06-16 08:03:35+05:30
P-0003034,V-03,5,19.066093,72.868957,3.2,2026-06-16 08:03:50+05:30,2026-06-16 08:03:52+05:30
P-0003035,V-03,5,19.066157,72.869082,2.3,2026-06-16 08:04:11+05:30,2026-06-16 08:04:15+05:30
P-0003036,V-03,5,19.066178,72.86906,2.2,2026-06-16 08:04:33+05:30,2026-06-16 08:04:36+05:30
P-0003037,V-03,5,19.066252,72.86899,1.1,2026-06-16 08:04:54+05:30,2026-06-16 08:04:58+05:30
P-0003038,V-03,5,19.066099,72.869113,3.4,2026-06-16 08:05:17+05:30,2026-06-16 08:05:21+05:30
P-0003039,V-03,5,19.066179,72.8689,4.0,2026-06-16 08:05:35+05:30,2026-06-16 08:05:39+05:30
P-0003040,V-03,5,19.066119,72.868897,2.3,2026-06-16 08:05:58+05:30,2026-06-16 08:06:02+05:30
P-0003041,V-03,5,19.066095,72.868895,0.0,2026-06-16 08:06:17+05:30,2026-06-16 08:06:20+05:30
P-0003042,V-03,5,19.06622,72.868931,4.3,2026-06-16 08:06:37+05:30,2026-06-16 08:06:38+05:30
P-0003043,V-03,5,19.066211,72.869093,1.1,2026-06-16 08:06:54+05:30,2026-06-16 08:06:57+05:30
P-0003044,V-03,5,19.066262,72.869119,2.3,2026-06-16 08:07:13+05:30,2026-06-16 08:07:16+05:30
P-0003045,V-03,5,19.066262,72.869112,0.3,2026-06-16 08:07:36+05:30,2026-06-16 08:07:40+05:30
P-0003046,V-03,5,19.06632,72.869065,2.2,2026-06-16 08:07:58+05:30,2026-06-16 08:08:02+05:30
P-0003047,V-03,5,19.066193,72.868956,4.2,2026-06-16 08:08:18+05:30,2026-06-16 08:08:22+05:30
P-0003048,V-03,5,19.066212,72.86896,0.3,2026-06-16 08:08:38+05:30,2026-06-16 08:08:39+05:30
P-0003049,V-03,5,19.066245,72.869102,2.5,2026-06-16 08:08:55+05:30,2026-06-16 08:08:56+05:30
P-0003050,V-03,5,19.066253,72.869101,1.7,2026-06-16 08:09:17+05:30,2026-06-16 08:09:20+05:30
P-0003051,V-03,5,19.066174,72.86909,2.4,2026-06-16 08:09:37+05:30,2026-06-16 08:09:38+05:30
P-0003052,V-03,5,19.066141,72.868974,1.2,2026-06-16 08:09:56+05:30,2026-06-16 08:09:57+05:30
P-0003053,V-03,5,19.066281,72.869087,2.4,2026-06-16 08:10:15+05:30,2026-06-16 08:10:16+05:30
P-0003054,V-03,5,19.066304,72.869105,0.0,2026-06-16 08:10:33+05:30,2026-06-16 08:10:34+05:30
P-0003055,V-03,5,19.066127,72.868963,6.1,2026-06-16 08:10:50+05:30,2026-06-16 08:10:54+05:30
P-0003056,V-03,5,19.066132,72.868983,1.6,2026-06-16 08:11:08+05:30,2026-06-16 08:11:12+05:30
P-0003057,V-03,5,19.066318,72.868999,4.4,2026-06-16 08:11:29+05:30,2026-06-16 08:11:32+05:30
P-0003058,V-03,5,19.066211,72.869082,2.3,2026-06-16 08:11:49+05:30,2026-06-16 08:11:50+05:30
P-0003059,V-03,5,19.06614,72.868889,5.9,2026-06-16 08:12:10+05:30,2026-06-16 08:12:11+05:30
P-0003060,V-03,5,19.066293,72.869073,5.3,2026-06-16 08:12:27+05:30,2026-06-16 08:12:30+05:30
P-0003061,V-03,5,19.066252,72.869048,0.0,2026-06-16 08:12:49+05:30,2026-06-16 08:12:51+05:30
P-0003062,V-03,5,19.06626,72.869013,0.4,2026-06-16 08:13:12+05:30,2026-06-16 08:13:13+05:30
P-0003063,V-03,5,19.066122,72.868923,1.3,2026-06-16 08:13:34+05:30,2026-06-16 08:13:35+05:30
P-0003064,V-03,5,19.06631,72.868922,3.3,2026-06-16 08:13:52+05:30,2026-06-16 08:13:54+05:30
P-0003065,V-03,5,19.066116,72.868949,5.8,2026-06-16 08:14:14+05:30,2026-06-16 08:14:17+05:30
P-0003066,V-03,5,19.066116,72.869023,3.2,2026-06-16 08:14:31+05:30,2026-06-16 08:14:34+05:30
P-0003067,V-03,5,19.066272,72.869063,3.2,2026-06-16 08:14:51+05:30,2026-06-16 08:14:52+05:30
P-0003068,V-03,5,19.066188,72.868882,2.0,2026-06-16 08:15:09+05:30,2026-06-16 08:15:13+05:30
P-0003069,V-03,5,19.066279,72.869025,2.7,2026-06-16 08:15:31+05:30,2026-06-16 08:15:35+05:30
P-0003070,V-03,5,19.066287,72.869027,0.0,2026-06-16 08:15:54+05:30,2026-06-16 08:15:55+05:30
P-0003071,V-03,5,19.066174,72.868984,2.1,2026-06-16 08:16:16+05:30,2026-06-16 08:16:17+05:30
P-0003072,V-03,5,19.066206,72.868884,2.8,2026-06-16 08:16:34+05:30,2026-06-16 08:16:38+05:30
P-0003073,V-03,5,19.066148,72.868895,0.8,2026-06-16 08:16:57+05:30,2026-06-16 08:17:01+05:30
P-0003074,V-03,5,19.066217,72.868938,1.7,2026-06-16 08:17:14+05:30,2026-06-16 08:17:16+05:30
P-0003075,V-03,5,19.066257,72.868891,0.9,2026-06-16 08:17:31+05:30,2026-06-16 08:17:33+05:30
P-0003076,V-03,5,19.066246,72.868989,3.1,2026-06-16 08:17:52+05:30,2026-06-16 08:17:53+05:30
P-0003077,V-03,5,19.06615,72.869044,0.6,2026-06-16 08:18:11+05:30,2026-06-16 08:18:14+05:30
P-0003078,V-03,5,19.066133,72.868949,0.4,2026-06-16 08:18:30+05:30,2026-06-16 08:18:34+05:30
P-0003079,V-03,5,19.066174,72.868888,1.3,2026-06-16 08:18:48+05:30,2026-06-16 08:18:49+05:30
P-0003080,V-03,5,19.066291,72.869097,6.5,2026-06-16 08:19:10+05:30,2026-06-16 08:19:13+05:30
P-0003081,V-03,5,19.066084,72.869113,5.5,2026-06-16 08:19:30+05:30,2026-06-16 08:19:34+05:30
P-0003082,V-03,5,19.066304,72.869042,5.3,2026-06-16 08:19:53+05:30,2026-06-16 08:19:56+05:30
P-0003083,V-03,5,19.066152,72.869112,5.0,2026-06-16 08:20:10+05:30,2026-06-16 08:20:11+05:30
P-0003084,V-03,5,19.066275,72.869072,2.9,2026-06-16 08:20:30+05:30,2026-06-16 08:20:31+05:30
P-0003085,V-03,5,19.066154,72.868917,5.4,2026-06-16 08:20:49+05:30,2026-06-16 08:20:50+05:30
P-0003086,V-03,5,19.066158,72.868993,1.0,2026-06-16 08:21:10+05:30,2026-06-16 08:21:14+05:30
P-0003087,V-03,5,19.066161,72.86911,2.0,2026-06-16 08:21:28+05:30,2026-06-16 08:21:29+05:30
P-0003088,V-03,5,19.066101,72.868998,1.5,2026-06-16 08:21:46+05:30,2026-06-16 08:21:47+05:30
P-0003089,V-03,5,19.06621,72.869018,2.5,2026-06-16 08:22:05+05:30,2026-06-16 08:22:08+05:30
P-0003090,V-03,5,19.066091,72.869078,0.8,2026-06-16 08:22:28+05:30,2026-06-16 08:22:29+05:30
P-0003091,V-03,5,19.066311,72.868968,4.4,2026-06-16 08:22:51+05:30,2026-06-16 08:22:53+05:30
P-0003092,V-03,5,19.066081,72.868938,5.2,2026-06-16 08:23:12+05:30,2026-06-16 08:23:15+05:30
P-0003093,V-03,5,19.066172,72.868954,3.0,2026-06-16 08:23:35+05:30,2026-06-16 08:23:37+05:30
P-0003094,V-03,5,19.066316,72.868939,3.6,2026-06-16 08:23:57+05:30,2026-06-16 08:23:58+05:30
P-0003095,V-03,5,19.066169,72.86893,1.7,2026-06-16 08:24:15+05:30,2026-06-16 08:24:16+05:30
P-0003096,V-03,5,19.066238,72.869014,2.4,2026-06-16 08:24:34+05:30,2026-06-16 08:24:38+05:30
P-0003097,V-03,5,19.066087,72.868952,3.5,2026-06-16 08:24:53+05:30,2026-06-16 08:24:54+05:30
P-0003098,V-03,5,19.066157,72.868998,0.0,2026-06-16 08:25:14+05:30,2026-06-16 08:25:15+05:30
P-0003099,V-03,5,19.066173,72.869041,0.4,2026-06-16 08:25:32+05:30,2026-06-16 08:25:35+05:30
P-0003100,V-03,5,19.066296,72.869081,2.0,2026-06-16 08:25:55+05:30,2026-06-16 08:25:56+05:30
P-0003101,V-11,5,19.218389,72.97807,3.7,2026-06-17 06:50:00+05:30,2026-06-17 06:50:01+05:30
P-0003102,V-11,5,19.217685,72.977643,15.7,2026-06-17 06:50:18+05:30,2026-06-17 06:50:19+05:30
P-0003103,V-11,5,19.217058,72.977434,14.0,2026-06-17 06:50:41+05:30,2026-06-17 06:50:44+05:30
P-0003104,V-11,5,19.21637,72.976928,18.2,2026-06-17 06:51:02+05:30,2026-06-17 06:51:06+05:30
P-0003105,V-11,5,19.215769,72.976565,14.6,2026-06-17 06:51:20+05:30,2026-06-17 06:51:22+05:30
P-0003106,V-11,5,19.214983,72.976168,17.4,2026-06-17 06:51:41+05:30,2026-06-17 06:51:42+05:30
P-0003107,V-11,5,19.214433,72.975694,16.0,2026-06-17 06:52:02+05:30,2026-06-17 06:52:04+05:30
P-0003108,V-11,5,19.213619,72.97536,16.5,2026-06-17 06:52:24+05:30,2026-06-17 06:52:27+05:30
P-0003109,V-11,5,19.213253,72.975076,10.4,2026-06-17 06:52:42+05:30,2026-06-17 06:52:44+05:30
P-0003110,V-11,5,19.212339,72.974616,20.8,2026-06-17 06:53:05+05:30,2026-06-17 06:53:07+05:30
P-0003111,V-11,5,19.211643,72.974262,15.2,2026-06-17 06:53:28+05:30,2026-06-17 06:53:30+05:30
P-0003112,V-11,5,19.210904,72.973611,18.2,2026-06-17 06:53:51+05:30,2026-06-17 06:53:53+05:30
P-0003113,V-11,5,19.210266,72.973332,12.2,2026-06-17 06:54:13+05:30,2026-06-17 06:54:14+05:30
P-0003114,V-11,5,19.209485,72.972825,19.8,2026-06-17 06:54:35+05:30,2026-06-17 06:54:37+05:30
P-0003115,V-11,5,19.208776,72.97236,17.8,2026-06-17 06:54:58+05:30,2026-06-17 06:55:02+05:30
P-0003116,V-11,5,19.208347,72.972117,8.6,2026-06-17 06:55:17+05:30,2026-06-17 06:55:18+05:30
P-0003117,V-11,5,19.207587,72.971717,16.2,2026-06-17 06:55:40+05:30,2026-06-17 06:55:42+05:30
P-0003118,V-11,5,19.207021,72.971371,14.1,2026-06-17 06:55:58+05:30,2026-06-17 06:56:00+05:30
P-0003119,V-11,5,19.206346,72.970872,17.1,2026-06-17 06:56:18+05:30,2026-06-17 06:56:19+05:30
P-0003120,V-11,5,19.205784,72.970553,13.2,2026-06-17 06:56:35+05:30,2026-06-17 06:56:36+05:30
P-0003121,V-11,5,19.205056,72.970163,16.2,2026-06-17 06:56:54+05:30,2026-06-17 06:56:56+05:30
P-0003122,V-11,5,19.20466,72.969985,8.6,2026-06-17 06:57:12+05:30,2026-06-17 06:57:16+05:30
P-0003123,V-11,5,19.203845,72.969414,21.0,2026-06-17 06:57:33+05:30,2026-06-17 06:57:35+05:30
P-0003124,V-11,5,19.203378,72.96905,12.2,2026-06-17 06:57:52+05:30,2026-06-17 06:57:53+05:30
P-0003125,V-11,5,19.20277,72.968636,15.2,2026-06-17 06:58:10+05:30,2026-06-17 06:58:14+05:30
P-0003126,V-11,5,19.202122,72.968245,13.4,2026-06-17 06:58:33+05:30,2026-06-17 06:58:36+05:30
P-0003127,V-11,5,19.201568,72.967772,12.3,2026-06-17 06:58:54+05:30,2026-06-17 06:58:56+05:30
P-0003128,V-11,5,19.200892,72.967323,17.4,2026-06-17 06:59:16+05:30,2026-06-17 06:59:20+05:30
P-0003129,V-11,5,19.200452,72.966874,13.3,2026-06-17 06:59:33+05:30,2026-06-17 06:59:34+05:30
P-0003130,V-11,5,19.199775,72.966494,15.2,2026-06-17 06:59:50+05:30,2026-06-17 06:59:53+05:30
P-0003131,V-11,5,19.19937,72.966145,11.1,2026-06-17 07:00:07+05:30,2026-06-17 07:00:08+05:30
P-0003132,V-11,5,19.198854,72.965493,16.3,2026-06-17 07:00:28+05:30,2026-06-17 07:00:31+05:30
P-0003133,V-11,5,19.198116,72.965121,18.1,2026-06-17 07:00:47+05:30,2026-06-17 07:00:49+05:30
P-0003134,V-11,5,19.197693,72.964609,12.0,2026-06-17 07:01:06+05:30,2026-06-17 07:01:10+05:30
P-0003135,V-11,5,19.196856,72.96426,17.9,2026-06-17 07:01:29+05:30,2026-06-17 07:01:30+05:30
P-0003136,V-11,5,19.196429,72.963922,12.5,2026-06-17 07:01:46+05:30,2026-06-17 07:01:50+05:30
P-0003137,V-11,5,19.195712,72.963398,16.5,2026-06-17 07:02:09+05:30,2026-06-17 07:02:11+05:30
P-0003138,V-11,5,19.195189,72.962897,12.2,2026-06-17 07:02:30+05:30,2026-06-17 07:02:32+05:30
P-0003139,V-11,5,19.19453,72.962296,18.3,2026-06-17 07:02:50+05:30,2026-06-17 07:02:52+05:30
P-0003140,V-11,5,19.193862,72.961935,13.3,2026-06-17 07:03:13+05:30,2026-06-17 07:03:16+05:30
P-0003141,V-11,5,19.193325,72.961246,16.9,2026-06-17 07:03:35+05:30,2026-06-17 07:03:37+05:30
P-0003142,V-11,5,19.192453,72.960782,20.9,2026-06-17 07:03:58+05:30,2026-06-17 07:03:59+05:30
P-0003143,V-11,5,19.192047,72.960298,12.1,2026-06-17 07:04:17+05:30,2026-06-17 07:04:18+05:30
P-0003144,V-11,5,19.191351,72.959955,15.0,2026-06-17 07:04:37+05:30,2026-06-17 07:04:39+05:30
P-0003145,V-11,5,19.190764,72.959542,12.7,2026-06-17 07:04:59+05:30,2026-06-17 07:05:00+05:30
P-0003146,V-11,5,19.190152,72.95888,18.9,2026-06-17 07:05:20+05:30,2026-06-17 07:05:24+05:30
P-0003147,V-11,5,19.189444,72.958493,16.8,2026-06-17 07:05:42+05:30,2026-06-17 07:05:44+05:30
P-0003148,V-11,5,19.6889,73.508093,6550.6,2026-06-17 07:06:02+05:30,2026-06-17 07:06:06+05:30
P-0003149,V-11,5,19.538136,72.57761,7812.8,2026-06-17 07:06:25+05:30,2026-06-17 07:06:29+05:30
P-0003150,V-11,5,19.687546,72.57713,6500.2,2026-06-17 07:06:45+05:30,2026-06-17 07:06:47+05:30
P-0003151,V-11,5,19.187093,72.956624,11.7,2026-06-17 07:07:04+05:30,2026-06-17 07:07:06+05:30
P-0003152,V-11,5,19.186583,72.956093,14.1,2026-06-17 07:07:23+05:30,2026-06-17 07:07:25+05:30
P-0003153,V-11,5,19.185988,72.955715,11.9,2026-06-17 07:07:42+05:30,2026-06-17 07:07:45+05:30
P-0003154,V-11,5,19.185427,72.955269,14.2,2026-06-17 07:08:01+05:30,2026-06-17 07:08:04+05:30
P-0003155,V-11,5,19.184758,72.954852,16.5,2026-06-17 07:08:20+05:30,2026-06-17 07:08:23+05:30
P-0003156,V-11,5,19.184141,72.954453,13.9,2026-06-17 07:08:40+05:30,2026-06-17 07:08:42+05:30
P-0003157,V-11,5,19.183564,72.953976,13.2,2026-06-17 07:09:00+05:30,2026-06-17 07:09:02+05:30
P-0003158,V-11,5,19.183071,72.953622,12.5,2026-06-17 07:09:19+05:30,2026-06-17 07:09:21+05:30
P-0003159,V-11,5,19.182337,72.953176,16.1,2026-06-17 07:09:42+05:30,2026-06-17 07:09:46+05:30
P-0003160,V-11,5,19.181855,72.952652,15.5,2026-06-17 07:10:01+05:30,2026-06-17 07:10:05+05:30
P-0003161,V-11,5,19.181087,72.952324,16.5,2026-06-17 07:10:23+05:30,2026-06-17 07:10:27+05:30
P-0003162,V-11,5,19.18042,72.951941,16.0,2026-06-17 07:10:43+05:30,2026-06-17 07:10:46+05:30
P-0003163,V-11,5,19.179774,72.951522,16.0,2026-06-17 07:11:03+05:30,2026-06-17 07:11:07+05:30
P-0003164,V-11,5,19.179351,72.951139,11.7,2026-06-17 07:11:22+05:30,2026-06-17 07:11:23+05:30
P-0003165,V-11,5,19.178558,72.950711,17.5,2026-06-17 07:11:43+05:30,2026-06-17 07:11:44+05:30
P-0003166,V-11,5,19.178061,72.950229,11.5,2026-06-17 07:12:01+05:30,2026-06-17 07:12:03+05:30
P-0003167,V-11,5,19.177503,72.94988,12.4,2026-06-17 07:12:22+05:30,2026-06-17 07:12:25+05:30
P-0003168,V-11,5,19.176841,72.949398,16.4,2026-06-17 07:12:43+05:30,2026-06-17 07:12:46+05:30
P-0003169,V-11,5,19.176059,72.948893,17.7,2026-06-17 07:13:04+05:30,2026-06-17 07:13:05+05:30
P-0003170,V-11,5,19.175473,72.948505,14.0,2026-06-17 07:13:22+05:30,2026-06-17 07:13:26+05:30
P-0003171,V-11,5,19.174923,72.948036,14.3,2026-06-17 07:13:44+05:30,2026-06-17 07:13:47+05:30
P-0003172,V-11,5,19.174139,72.947798,16.9,2026-06-17 07:14:06+05:30,2026-06-17 07:14:10+05:30
P-0003173,V-11,5,19.173582,72.947179,14.2,2026-06-17 07:14:26+05:30,2026-06-17 07:14:28+05:30
P-0003174,V-11,5,19.172974,72.94682,12.7,2026-06-17 07:14:44+05:30,2026-06-17 07:14:46+05:30
P-0003175,V-11,5,19.172567,72.946452,9.0,2026-06-17 07:15:02+05:30,2026-06-17 07:15:04+05:30
P-0003176,V-11,5,19.171808,72.945972,15.9,2026-06-17 07:15:25+05:30,2026-06-17 07:15:29+05:30
P-0003177,V-11,5,19.171059,72.945706,17.3,2026-06-17 07:15:47+05:30,2026-06-17 07:15:50+05:30
P-0003178,V-11,5,19.170374,72.945176,18.5,2026-06-17 07:16:10+05:30,2026-06-17 07:16:13+05:30
P-0003179,V-11,5,19.169786,72.944769,13.8,2026-06-17 07:16:30+05:30,2026-06-17 07:16:33+05:30
P-0003180,V-11,5,19.169114,72.944448,16.5,2026-06-17 07:16:50+05:30,2026-06-17 07:16:53+05:30
P-0003181,V-11,5,19.168604,72.944003,13.7,2026-06-17 07:17:10+05:30,2026-06-17 07:17:12+05:30
P-0003182,V-11,5,19.168122,72.943398,15.8,2026-06-17 07:17:30+05:30,2026-06-17 07:17:33+05:30
P-0003183,V-11,5,19.167717,72.942903,12.6,2026-06-17 07:17:47+05:30,2026-06-17 07:17:49+05:30
P-0003184,V-11,5,19.166938,72.942263,19.2,2026-06-17 07:18:10+05:30,2026-06-17 07:18:14+05:30
P-0003185,V-11,5,19.166574,72.941776,10.2,2026-06-17 07:18:27+05:30,2026-06-17 07:18:30+05:30
P-0003186,V-11,5,19.166129,72.941352,13.5,2026-06-17 07:18:44+05:30,2026-06-17 07:18:45+05:30
P-0003187,V-11,5,19.165522,72.940745,17.3,2026-06-17 07:19:07+05:30,2026-06-17 07:19:08+05:30
P-0003188,V-11,5,19.16502,72.940088,15.8,2026-06-17 07:19:30+05:30,2026-06-17 07:19:34+05:30
P-0003189,V-11,5,19.16441,72.939363,19.0,2026-06-17 07:19:51+05:30,2026-06-17 07:19:55+05:30
P-0003190,V-11,5,19.163996,72.93883,11.2,2026-06-17 07:20:12+05:30,2026-06-17 07:20:14+05:30
P-0003191,V-11,5,19.163415,72.938231,15.2,2026-06-17 07:20:33+05:30,2026-06-17 07:20:36+05:30
P-0003192,V-11,5,19.16285,72.937655,17.4,2026-06-17 07:20:52+05:30,2026-06-17 07:20:54+05:30
P-0003193,V-11,5,19.162514,72.937275,11.3,2026-06-17 07:21:12+05:30,2026-06-17 07:21:14+05:30
P-0003194,V-11,5,19.161902,72.936529,18.1,2026-06-17 07:21:32+05:30,2026-06-17 07:21:33+05:30
P-0003195,V-11,5,19.161615,72.93613,8.3,2026-06-17 07:21:50+05:30,2026-06-17 07:21:53+05:30
P-0003196,V-11,5,19.161081,72.935602,15.9,2026-06-17 07:22:11+05:30,2026-06-17 07:22:15+05:30
P-0003197,V-11,5,19.160515,72.934983,16.5,2026-06-17 07:22:33+05:30,2026-06-17 07:22:37+05:30
P-0003198,V-11,5,19.159996,72.934487,15.2,2026-06-17 07:22:51+05:30,2026-06-17 07:22:53+05:30
P-0003199,V-11,5,19.159344,72.933946,14.8,2026-06-17 07:23:11+05:30,2026-06-17 07:23:12+05:30
P-0003200,V-11,5,19.15897,72.933328,12.7,2026-06-17 07:23:34+05:30,2026-06-17 07:23:37+05:30
P-0003201,V-11,5,19.158386,72.932706,14.7,2026-06-17 07:23:54+05:30,2026-06-17 07:23:55+05:30
P-0003202,V-11,5,19.157861,72.932033,14.8,2026-06-17 07:24:13+05:30,2026-06-17 07:24:17+05:30
P-0003203,V-11,5,19.157479,72.931643,9.3,2026-06-17 07:24:31+05:30,2026-06-17 07:24:32+05:30
P-0003204,V-11,5,19.156913,72.931184,12.4,2026-06-17 07:24:51+05:30,2026-06-17 07:24:52+05:30
P-0003205,V-11,5,19.156488,72.930571,16.3,2026-06-17 07:25:13+05:30,2026-06-17 07:25:16+05:30
P-0003206,V-11,5,19.155932,72.92997,17.8,2026-06-17 07:25:32+05:30,2026-06-17 07:25:34+05:30
P-0003207,V-11,5,19.155332,72.929383,18.1,2026-06-17 07:25:55+05:30,2026-06-17 07:25:56+05:30
P-0003208,V-11,5,19.154828,72.928768,17.1,2026-06-17 07:26:13+05:30,2026-06-17 07:26:15+05:30
P-0003209,V-11,5,19.154418,72.928278,11.3,2026-06-17 07:26:32+05:30,2026-06-17 07:26:34+05:30
P-0003210,V-11,5,19.15385,72.927839,12.5,2026-06-17 07:26:51+05:30,2026-06-17 07:26:54+05:30
P-0003211,V-11,5,19.153477,72.927157,15.2,2026-06-17 07:27:10+05:30,2026-06-17 07:27:14+05:30
P-0003212,V-11,5,19.153056,72.926716,13.8,2026-06-17 07:27:28+05:30,2026-06-17 07:27:29+05:30
P-0003213,V-11,5,19.152516,72.926513,11.9,2026-06-17 07:27:46+05:30,2026-06-17 07:27:50+05:30
P-0003214,V-11,5,19.151752,72.926093,16.2,2026-06-17 07:28:04+05:30,2026-06-17 07:28:08+05:30
P-0003215,V-11,5,19.151222,72.925797,11.9,2026-06-17 07:28:25+05:30,2026-06-17 07:28:29+05:30
P-0003216,V-11,5,19.150566,72.925244,17.2,2026-06-17 07:28:45+05:30,2026-06-17 07:28:49+05:30
P-0003217,V-11,5,19.149788,72.924854,16.8,2026-06-17 07:29:06+05:30,2026-06-17 07:29:07+05:30
P-0003218,V-11,5,19.14915,72.924667,15.1,2026-06-17 07:29:27+05:30,2026-06-17 07:29:31+05:30
P-0003219,V-11,5,19.148599,72.924303,14.7,2026-06-17 07:29:45+05:30,2026-06-17 07:29:49+05:30
P-0003220,V-11,5,19.148053,72.924033,11.0,2026-06-17 07:30:02+05:30,2026-06-17 07:30:06+05:30
P-0003221,V-11,5,19.147327,72.92352,17.4,2026-06-17 07:30:24+05:30,2026-06-17 07:30:25+05:30
P-0003222,V-11,5,19.146679,72.923204,16.0,2026-06-17 07:30:41+05:30,2026-06-17 07:30:43+05:30
P-0003223,V-11,5,19.146115,72.92291,12.1,2026-06-17 07:31:00+05:30,2026-06-17 07:31:03+05:30
P-0003224,V-11,5,19.14545,72.922424,16.1,2026-06-17 07:31:23+05:30,2026-06-17 07:31:27+05:30
P-0003225,V-11,5,19.144944,72.922058,14.2,2026-06-17 07:31:41+05:30,2026-06-17 07:31:43+05:30
P-0003226,V-11,5,19.144007,72.921813,17.4,2026-06-17 07:32:04+05:30,2026-06-17 07:32:07+05:30
P-0003227,V-11,5,19.143471,72.921283,15.1,2026-06-17 07:32:26+05:30,2026-06-17 07:32:30+05:30
P-0003228,V-11,5,19.14269,72.920887,16.6,2026-06-17 07:32:49+05:30,2026-06-17 07:32:51+05:30
P-0003229,V-11,5,19.141927,72.920483,17.9,2026-06-17 07:33:08+05:30,2026-06-17 07:33:09+05:30
P-0003230,V-11,5,19.141448,72.920227,12.1,2026-06-17 07:33:27+05:30,2026-06-17 07:33:31+05:30
P-0003231,V-11,5,19.140732,72.919742,17.0,2026-06-17 07:33:48+05:30,2026-06-17 07:33:51+05:30
P-0003232,V-11,5,19.14008,72.919477,13.5,2026-06-17 07:34:08+05:30,2026-06-17 07:34:12+05:30
P-0003233,V-11,5,19.139671,72.919163,10.2,2026-06-17 07:34:25+05:30,2026-06-17 07:34:26+05:30
P-0003234,V-11,5,19.138864,72.918871,15.1,2026-06-17 07:34:44+05:30,2026-06-17 07:34:47+05:30
P-0003235,V-11,5,19.138436,72.918532,9.1,2026-06-17 07:35:03+05:30,2026-06-17 07:35:06+05:30
P-0003236,V-11,5,19.13761,72.918161,17.1,2026-06-17 07:35:25+05:30,2026-06-17 07:35:28+05:30
P-0003237,V-11,5,19.137149,72.917549,15.0,2026-06-17 07:35:43+05:30,2026-06-17 07:35:46+05:30
P-0003238,V-11,5,19.136505,72.917208,14.9,2026-06-17 07:36:06+05:30,2026-06-17 07:36:07+05:30
P-0003239,V-11,5,19.135862,72.916789,13.4,2026-06-17 07:36:26+05:30,2026-06-17 07:36:29+05:30
P-0003240,V-11,5,19.135182,72.916388,17.1,2026-06-17 07:36:44+05:30,2026-06-17 07:36:45+05:30
P-0003241,V-11,5,19.134554,72.915789,16.4,2026-06-17 07:37:06+05:30,2026-06-17 07:37:07+05:30
P-0003242,V-11,5,19.134234,72.915407,11.0,2026-06-17 07:37:23+05:30,2026-06-17 07:37:27+05:30
P-0003243,V-11,5,19.133729,72.915182,11.4,2026-06-17 07:37:40+05:30,2026-06-17 07:37:44+05:30
P-0003244,V-11,5,19.13296,72.914691,16.1,2026-06-17 07:38:02+05:30,2026-06-17 07:38:05+05:30
P-0003245,V-11,5,19.132435,72.9143,11.6,2026-06-17 07:38:19+05:30,2026-06-17 07:38:23+05:30
P-0003246,V-11,5,19.131689,72.913845,18.3,2026-06-17 07:38:42+05:30,2026-06-17 07:38:45+05:30
P-0003247,V-11,5,19.131136,72.913434,14.7,2026-06-17 07:38:59+05:30,2026-06-17 07:39:01+05:30
P-0003248,V-11,5,19.130639,72.912933,14.9,2026-06-17 07:39:17+05:30,2026-06-17 07:39:20+05:30
P-0003249,V-11,5,19.130007,72.912499,15.0,2026-06-17 07:39:37+05:30,2026-06-17 07:39:39+05:30
P-0003250,V-11,5,19.129569,72.912106,10.1,2026-06-17 07:39:55+05:30,2026-06-17 07:39:56+05:30
P-0003251,V-11,5,19.128861,72.911734,17.6,2026-06-17 07:40:16+05:30,2026-06-17 07:40:18+05:30
P-0003252,V-11,5,19.128415,72.911253,11.6,2026-06-17 07:40:36+05:30,2026-06-17 07:40:40+05:30
P-0003253,V-11,5,19.127894,72.910854,11.4,2026-06-17 07:40:54+05:30,2026-06-17 07:40:58+05:30
P-0003254,V-11,5,19.127188,72.910587,13.4,2026-06-17 07:41:11+05:30,2026-06-17 07:41:14+05:30
P-0003255,V-11,5,19.126551,72.909947,19.5,2026-06-17 07:41:32+05:30,2026-06-17 07:41:33+05:30
P-0003256,V-11,5,19.125996,72.909615,13.4,2026-06-17 07:41:53+05:30,2026-06-17 07:41:54+05:30
P-0003257,V-11,5,19.12543,72.909253,15.0,2026-06-17 07:42:10+05:30,2026-06-17 07:42:11+05:30
P-0003258,V-11,5,19.124754,72.908809,14.8,2026-06-17 07:42:32+05:30,2026-06-17 07:42:35+05:30
P-0003259,V-11,5,19.124314,72.908282,14.3,2026-06-17 07:42:51+05:30,2026-06-17 07:42:55+05:30
P-0003260,V-11,5,19.123579,72.90777,18.9,2026-06-17 07:43:12+05:30,2026-06-17 07:43:14+05:30
P-0003261,V-11,5,19.122992,72.907321,12.7,2026-06-17 07:43:34+05:30,2026-06-17 07:43:37+05:30
P-0003262,V-11,5,19.122263,72.906789,17.1,2026-06-17 07:43:57+05:30,2026-06-17 07:44:00+05:30
P-0003263,V-11,5,19.121516,72.906361,17.8,2026-06-17 07:44:19+05:30,2026-06-17 07:44:21+05:30
P-0003264,V-11,5,19.120949,72.905864,14.8,2026-06-17 07:44:42+05:30,2026-06-17 07:44:44+05:30
P-0003265,V-11,5,19.120503,72.905619,8.7,2026-06-17 07:45:00+05:30,2026-06-17 07:45:01+05:30
P-0003266,V-11,5,19.119851,72.905227,14.6,2026-06-17 07:45:18+05:30,2026-06-17 07:45:20+05:30
P-0003267,V-11,5,19.119709,72.905107,3.3,2026-06-17 07:45:37+05:30,2026-06-17 07:45:41+05:30
P-0003268,V-11,5,19.119594,72.904928,2.8,2026-06-17 07:45:57+05:30,2026-06-17 07:46:01+05:30
P-0003269,V-11,5,19.119659,72.904964,1.3,2026-06-17 07:46:20+05:30,2026-06-17 07:46:23+05:30
P-0003270,V-11,5,19.119809,72.904941,4.1,2026-06-17 07:46:37+05:30,2026-06-17 07:46:38+05:30
P-0003271,V-11,5,19.119643,72.904995,1.9,2026-06-17 07:46:56+05:30,2026-06-17 07:46:57+05:30
P-0003272,V-11,5,19.119703,72.905039,3.1,2026-06-17 07:47:16+05:30,2026-06-17 07:47:19+05:30
P-0003273,V-11,5,19.119614,72.90498,1.2,2026-06-17 07:47:35+05:30,2026-06-17 07:47:39+05:30
P-0003274,V-11,5,19.119582,72.904899,1.7,2026-06-17 07:47:55+05:30,2026-06-17 07:47:59+05:30
P-0003275,V-11,5,19.119681,72.90506,5.2,2026-06-17 07:48:16+05:30,2026-06-17 07:48:17+05:30
P-0003276,V-11,5,19.119792,72.904929,2.8,2026-06-17 07:48:34+05:30,2026-06-17 07:48:36+05:30
P-0003277,V-11,5,19.119794,72.904933,0.0,2026-06-17 07:48:55+05:30,2026-06-17 07:48:56+05:30
P-0003278,V-11,5,19.119756,72.905028,3.4,2026-06-17 07:49:15+05:30,2026-06-17 07:49:19+05:30
P-0003279,V-11,5,19.119594,72.904947,4.1,2026-06-17 07:49:38+05:30,2026-06-17 07:49:40+05:30
P-0003280,V-11,5,19.119606,72.904902,0.6,2026-06-17 07:49:55+05:30,2026-06-17 07:49:56+05:30
P-0003281,V-11,5,19.119786,72.904925,3.3,2026-06-17 07:50:15+05:30,2026-06-17 07:50:16+05:30
P-0003282,V-11,5,19.119712,72.90507,4.5,2026-06-17 07:50:37+05:30,2026-06-17 07:50:40+05:30
P-0003283,V-11,5,19.119702,72.905083,1.7,2026-06-17 07:50:57+05:30,2026-06-17 07:50:59+05:30
P-0003284,V-11,5,19.119728,72.904885,2.4,2026-06-17 07:51:16+05:30,2026-06-17 07:51:18+05:30
P-0003285,V-11,5,19.119819,72.905091,5.5,2026-06-17 07:51:39+05:30,2026-06-17 07:51:42+05:30
P-0003286,V-11,5,19.119712,72.904987,4.5,2026-06-17 07:52:01+05:30,2026-06-17 07:52:05+05:30
P-0003287,V-11,5,19.119631,72.904899,3.0,2026-06-17 07:52:19+05:30,2026-06-17 07:52:22+05:30
P-0003288,V-11,5,19.119766,72.904971,3.7,2026-06-17 07:52:41+05:30,2026-06-17 07:52:44+05:30
P-0003289,V-11,5,19.119607,72.905007,1.3,2026-06-17 07:52:58+05:30,2026-06-17 07:53:01+05:30
P-0003290,V-11,5,19.119706,72.90498,0.5,2026-06-17 07:53:17+05:30,2026-06-17 07:53:19+05:30
P-0003291,V-11,5,19.119767,72.90512,2.0,2026-06-17 07:53:39+05:30,2026-06-17 07:53:42+05:30
P-0003292,V-11,5,19.119584,72.905058,5.7,2026-06-17 07:53:56+05:30,2026-06-17 07:53:58+05:30
P-0003293,V-11,5,19.119664,72.905059,1.3,2026-06-17 07:54:16+05:30,2026-06-17 07:54:18+05:30
P-0003294,V-11,5,19.119622,72.904904,1.4,2026-06-17 07:54:35+05:30,2026-06-17 07:54:36+05:30
P-0003295,V-11,5,19.119668,72.905117,3.5,2026-06-17 07:54:57+05:30,2026-06-17 07:54:58+05:30
P-0003296,V-11,5,19.119756,72.905061,0.7,2026-06-17 07:55:16+05:30,2026-06-17 07:55:20+05:30
P-0003297,V-11,5,19.1197,72.904913,3.6,2026-06-17 07:55:38+05:30,2026-06-17 07:55:42+05:30
P-0003298,V-11,5,19.119624,72.904995,2.2,2026-06-17 07:55:58+05:30,2026-06-17 07:56:02+05:30
P-0003299,V-11,5,19.11979,72.904967,2.6,2026-06-17 07:56:18+05:30,2026-06-17 07:56:21+05:30
P-0003300,V-11,5,19.119612,72.905052,3.6,2026-06-17 07:56:38+05:30,2026-06-17 07:56:40+05:30
P-0003301,V-11,5,19.119791,72.904965,2.0,2026-06-17 07:56:56+05:30,2026-06-17 07:56:57+05:30
P-0003302,V-11,5,19.119604,72.905057,5.9,2026-06-17 07:57:18+05:30,2026-06-17 07:57:19+05:30
P-0003303,V-11,5,19.119791,72.905001,3.7,2026-06-17 07:57:37+05:30,2026-06-17 07:57:41+05:30
P-0003304,V-11,5,19.119629,72.905016,4.1,2026-06-17 07:57:55+05:30,2026-06-17 07:57:57+05:30
P-0003305,V-11,5,19.119727,72.905118,4.1,2026-06-17 07:58:16+05:30,2026-06-17 07:58:20+05:30
P-0003306,V-11,5,19.119736,72.904887,4.0,2026-06-17 07:58:35+05:30,2026-06-17 07:58:38+05:30
P-0003307,V-11,5,19.11961,72.904937,0.8,2026-06-17 07:58:52+05:30,2026-06-17 07:58:55+05:30
P-0003308,V-11,5,19.11978,72.904979,1.8,2026-06-17 07:59:13+05:30,2026-06-17 07:59:14+05:30
P-0003309,V-11,5,19.119625,72.904969,1.4,2026-06-17 07:59:33+05:30,2026-06-17 07:59:36+05:30
P-0003310,V-11,5,19.119728,72.904974,0.1,2026-06-17 07:59:53+05:30,2026-06-17 07:59:56+05:30
P-0003311,V-11,5,19.119647,72.904997,0.7,2026-06-17 08:00:11+05:30,2026-06-17 08:00:14+05:30
P-0003312,V-11,5,19.119596,72.904995,0.9,2026-06-17 08:00:33+05:30,2026-06-17 08:00:37+05:30
P-0003313,V-11,5,19.119628,72.905111,2.3,2026-06-17 08:00:50+05:30,2026-06-17 08:00:53+05:30
P-0003314,V-11,5,19.119667,72.904882,3.5,2026-06-17 08:01:11+05:30,2026-06-17 08:01:12+05:30
P-0003315,V-11,5,19.119742,72.905077,4.1,2026-06-17 08:01:28+05:30,2026-06-17 08:01:31+05:30
P-0003316,V-11,5,19.119688,72.905069,1.6,2026-06-17 08:01:45+05:30,2026-06-17 08:01:49+05:30
P-0003317,V-11,5,19.119786,72.904906,3.4,2026-06-17 08:02:05+05:30,2026-06-17 08:02:08+05:30
P-0003318,V-11,5,19.119704,72.905043,4.6,2026-06-17 08:02:24+05:30,2026-06-17 08:02:28+05:30
P-0003319,V-11,5,19.119805,72.904921,3.2,2026-06-17 08:02:45+05:30,2026-06-17 08:02:49+05:30
P-0003320,V-11,5,19.119721,72.904889,0.1,2026-06-17 08:03:06+05:30,2026-06-17 08:03:07+05:30
P-0003321,V-11,5,19.119771,72.905071,4.7,2026-06-17 08:03:28+05:30,2026-06-17 08:03:30+05:30
P-0003322,V-11,5,19.119586,72.905034,2.0,2026-06-17 08:03:48+05:30,2026-06-17 08:03:50+05:30
P-0003323,V-11,5,19.119593,72.905103,1.5,2026-06-17 08:04:07+05:30,2026-06-17 08:04:08+05:30
P-0003324,V-11,5,19.119768,72.90497,3.2,2026-06-17 08:04:26+05:30,2026-06-17 08:04:30+05:30
P-0003325,V-11,5,19.119746,72.904985,0.0,2026-06-17 08:04:44+05:30,2026-06-17 08:04:47+05:30
P-0003326,V-11,5,19.119718,72.905025,0.0,2026-06-17 08:05:01+05:30,2026-06-17 08:05:04+05:30
P-0003327,V-11,5,19.119724,72.904905,0.8,2026-06-17 08:05:23+05:30,2026-06-17 08:05:27+05:30
P-0003328,V-11,5,19.119652,72.904963,1.9,2026-06-17 08:05:42+05:30,2026-06-17 08:05:46+05:30
P-0003329,V-11,5,19.119665,72.904953,0.6,2026-06-17 08:06:04+05:30,2026-06-17 08:06:07+05:30
P-0003330,V-11,5,19.119804,72.904995,3.2,2026-06-17 08:06:21+05:30,2026-06-17 08:06:24+05:30
P-0003331,V-11,5,19.119784,72.905103,3.7,2026-06-17 08:06:40+05:30,2026-06-17 08:06:43+05:30
P-0003332,V-11,5,19.119804,72.905013,3.3,2026-06-17 08:06:57+05:30,2026-06-17 08:06:58+05:30
P-0003333,V-11,5,19.119685,72.905083,1.0,2026-06-17 08:07:15+05:30,2026-06-17 08:07:19+05:30
P-0003334,V-11,5,19.119628,72.905109,1.1,2026-06-17 08:07:32+05:30,2026-06-17 08:07:36+05:30
P-0003335,V-11,5,19.119649,72.905093,1.1,2026-06-17 08:07:52+05:30,2026-06-17 08:07:54+05:30
P-0003336,V-11,5,19.11959,72.905073,1.6,2026-06-17 08:08:15+05:30,2026-06-17 08:08:16+05:30
P-0003337,V-11,5,19.119644,72.905082,0.1,2026-06-17 08:08:35+05:30,2026-06-17 08:08:38+05:30
P-0003338,V-11,5,19.119614,72.90507,0.0,2026-06-17 08:08:54+05:30,2026-06-17 08:08:58+05:30
P-0003339,V-11,5,19.119798,72.904955,5.6,2026-06-17 08:09:13+05:30,2026-06-17 08:09:16+05:30
P-0003340,V-11,5,19.119645,72.904928,4.3,2026-06-17 08:09:33+05:30,2026-06-17 08:09:36+05:30
P-0003341,V-11,5,19.119726,72.904936,3.5,2026-06-17 08:09:56+05:30,2026-06-17 08:09:58+05:30
P-0003342,V-06,5,19.22901,72.85658,0.5,2026-06-17 06:46:00+05:30,2026-06-17 06:46:01+05:30
P-0003343,V-06,5,19.229051,72.856785,1.2,2026-06-17 06:46:21+05:30,2026-06-17 06:46:25+05:30
P-0003344,V-06,5,19.229112,72.856684,1.3,2026-06-17 06:46:42+05:30,2026-06-17 06:46:45+05:30
P-0003345,V-06,5,19.228935,72.856652,0.3,2026-06-17 06:46:59+05:30,2026-06-17 06:47:00+05:30
P-0003346,V-06,5,19.229065,72.856626,2.0,2026-06-17 06:47:20+05:30,2026-06-17 06:47:22+05:30
P-0003347,V-06,5,19.228949,72.856718,0.5,2026-06-17 06:47:42+05:30,2026-06-17 06:47:46+05:30
P-0003348,V-06,5,19.229058,72.856607,1.6,2026-06-17 06:48:02+05:30,2026-06-17 06:48:06+05:30
P-0003349,V-06,5,19.228892,72.856742,1.7,2026-06-17 06:48:20+05:30,2026-06-17 06:48:22+05:30
P-0003350,V-06,5,19.228977,72.85673,0.9,2026-06-17 06:48:42+05:30,2026-06-17 06:48:44+05:30
P-0003351,V-06,5,19.228944,72.856685,0.6,2026-06-17 06:48:59+05:30,2026-06-17 06:49:00+05:30
P-0003352,V-06,5,19.228924,72.856693,0.4,2026-06-17 06:49:17+05:30,2026-06-17 06:49:20+05:30
P-0003353,V-06,5,19.228976,72.856787,1.6,2026-06-17 06:49:39+05:30,2026-06-17 06:49:41+05:30
P-0003354,V-06,5,19.229002,72.856723,0.0,2026-06-17 06:50:00+05:30,2026-06-17 06:50:03+05:30
P-0003355,V-06,5,19.229034,72.856738,1.2,2026-06-17 06:50:22+05:30,2026-06-17 06:50:24+05:30
P-0003356,V-06,5,19.228892,72.856629,1.3,2026-06-17 06:50:40+05:30,2026-06-17 06:50:44+05:30
P-0003357,V-06,5,19.22899,72.856713,0.1,2026-06-17 06:51:01+05:30,2026-06-17 06:51:03+05:30
P-0003358,V-06,5,19.229103,72.85669,1.2,2026-06-17 06:51:18+05:30,2026-06-17 06:51:22+05:30
P-0003359,V-06,5,19.229071,72.856652,1.2,2026-06-17 06:51:35+05:30,2026-06-17 06:51:37+05:30
P-0003360,V-06,5,19.229009,72.856779,1.1,2026-06-17 06:51:54+05:30,2026-06-17 06:51:55+05:30
P-0003361,V-06,5,19.228915,72.856606,1.9,2026-06-17 06:52:16+05:30,2026-06-17 06:52:20+05:30
P-0003362,V-06,5,19.229113,72.856625,1.2,2026-06-17 06:52:35+05:30,2026-06-17 06:52:39+05:30
P-0003363,V-06,5,19.228893,72.856753,1.0,2026-06-17 06:52:52+05:30,2026-06-17 06:52:53+05:30
P-0003364,V-06,5,19.229059,72.856676,0.3,2026-06-17 06:53:13+05:30,2026-06-17 06:53:14+05:30
P-0003365,V-06,5,19.228966,72.856669,0.6,2026-06-17 06:53:31+05:30,2026-06-17 06:53:34+05:30
P-0003366,V-06,5,19.228941,72.856583,1.5,2026-06-17 06:53:51+05:30,2026-06-17 06:53:52+05:30
P-0003367,V-06,5,19.229042,72.856632,0.7,2026-06-17 06:54:14+05:30,2026-06-17 06:54:15+05:30
P-0003368,V-06,5,19.229054,72.856626,1.0,2026-06-17 06:54:34+05:30,2026-06-17 06:54:38+05:30
P-0003369,V-06,5,19.229009,72.856582,1.8,2026-06-17 06:54:57+05:30,2026-06-17 06:55:01+05:30
P-0003370,V-06,5,19.229075,72.856606,1.0,2026-06-17 06:55:19+05:30,2026-06-17 06:55:21+05:30
P-0003371,V-06,5,19.22899,72.856714,0.8,2026-06-17 06:55:42+05:30,2026-06-17 06:55:44+05:30
P-0003372,V-06,5,19.228955,72.856658,0.7,2026-06-17 06:56:01+05:30,2026-06-17 06:56:03+05:30
P-0003373,V-06,5,19.229112,72.856817,1.4,2026-06-17 06:56:21+05:30,2026-06-17 06:56:23+05:30
P-0003374,V-06,5,19.228946,72.856672,1.4,2026-06-17 06:56:42+05:30,2026-06-17 06:56:44+05:30
P-0003375,V-06,5,19.228943,72.856635,1.8,2026-06-17 06:57:04+05:30,2026-06-17 06:57:05+05:30
P-0003376,V-06,5,19.228974,72.856617,0.9,2026-06-17 06:57:21+05:30,2026-06-17 06:57:22+05:30
P-0003377,V-06,5,19.228969,72.856806,1.0,2026-06-17 06:57:44+05:30,2026-06-17 06:57:48+05:30
P-0003378,V-06,5,19.229081,72.856768,1.0,2026-06-17 06:58:04+05:30,2026-06-17 06:58:05+05:30
P-0003379,V-06,5,19.228994,72.856658,1.1,2026-06-17 06:58:22+05:30,2026-06-17 06:58:23+05:30
P-0003380,V-06,5,19.229093,72.856742,0.0,2026-06-17 06:58:39+05:30,2026-06-17 06:58:42+05:30
P-0003381,V-06,5,19.229111,72.856683,0.9,2026-06-17 06:59:00+05:30,2026-06-17 06:59:01+05:30
P-0003382,V-06,5,19.229005,72.856738,1.1,2026-06-17 06:59:19+05:30,2026-06-17 06:59:22+05:30
P-0003383,V-06,5,19.229114,72.856743,1.6,2026-06-17 06:59:40+05:30,2026-06-17 06:59:42+05:30
P-0003384,V-06,5,19.228926,72.856594,0.0,2026-06-17 07:00:03+05:30,2026-06-17 07:00:06+05:30
P-0003385,V-06,5,19.229023,72.856717,1.0,2026-06-17 07:00:21+05:30,2026-06-17 07:00:22+05:30
P-0003386,V-06,5,19.229058,72.856659,1.6,2026-06-17 07:00:44+05:30,2026-06-17 07:00:48+05:30
P-0003387,V-06,5,19.228907,72.856672,1.7,2026-06-17 07:01:04+05:30,2026-06-17 07:01:07+05:30
P-0003388,V-06,5,19.229052,72.856608,0.0,2026-06-17 07:01:25+05:30,2026-06-17 07:01:27+05:30
P-0003389,V-06,5,19.229109,72.856763,1.0,2026-06-17 07:01:44+05:30,2026-06-17 07:01:45+05:30
P-0003390,V-06,5,19.228899,72.856649,0.3,2026-06-17 07:02:02+05:30,2026-06-17 07:02:05+05:30
P-0003391,V-06,5,19.228885,72.856815,1.0,2026-06-17 07:02:24+05:30,2026-06-17 07:02:26+05:30
P-0003392,V-06,5,19.228971,72.856708,2.3,2026-06-17 07:02:47+05:30,2026-06-17 07:02:51+05:30
P-0003393,V-06,5,19.229064,72.856618,0.5,2026-06-17 07:03:08+05:30,2026-06-17 07:03:12+05:30
P-0003394,V-06,5,19.229084,72.856813,1.5,2026-06-17 07:03:26+05:30,2026-06-17 07:03:30+05:30
P-0003395,V-06,5,19.229002,72.856791,0.9,2026-06-17 07:03:46+05:30,2026-06-17 07:03:48+05:30
P-0003396,V-06,5,19.228961,72.856717,0.6,2026-06-17 07:04:08+05:30,2026-06-17 07:04:10+05:30
P-0003397,V-06,5,19.228949,72.856758,1.3,2026-06-17 07:04:28+05:30,2026-06-17 07:04:30+05:30
P-0003398,V-06,5,19.229038,72.856741,0.6,2026-06-17 07:04:45+05:30,2026-06-17 07:04:48+05:30
P-0003399,V-06,5,19.228912,72.856699,0.5,2026-06-17 07:05:03+05:30,2026-06-17 07:05:05+05:30
P-0003400,V-06,5,19.229009,72.856643,1.0,2026-06-17 07:05:21+05:30,2026-06-17 07:05:23+05:30
P-0003401,V-06,5,19.22908,72.856658,1.3,2026-06-17 07:05:38+05:30,2026-06-17 07:05:40+05:30
P-0003402,V-06,5,19.229048,72.856596,1.3,2026-06-17 07:05:58+05:30,2026-06-17 07:06:01+05:30
P-0003403,V-06,5,19.228992,72.856656,0.0,2026-06-17 07:06:18+05:30,2026-06-17 07:06:20+05:30
P-0003404,V-06,5,19.229017,72.85674,0.7,2026-06-17 07:06:36+05:30,2026-06-17 07:06:39+05:30
P-0003405,V-06,5,19.229082,72.85674,0.4,2026-06-17 07:06:54+05:30,2026-06-17 07:06:57+05:30
P-0003406,V-06,5,19.228948,72.856734,1.1,2026-06-17 07:07:16+05:30,2026-06-17 07:07:17+05:30
P-0003407,V-06,5,19.228976,72.856775,1.4,2026-06-17 07:07:35+05:30,2026-06-17 07:07:39+05:30
P-0003408,V-06,5,19.228914,72.856713,0.3,2026-06-17 07:07:58+05:30,2026-06-17 07:08:02+05:30
P-0003409,V-06,5,19.229067,72.856745,0.4,2026-06-17 07:08:15+05:30,2026-06-17 07:08:19+05:30
P-0003410,V-06,5,19.228894,72.856726,1.7,2026-06-17 07:08:35+05:30,2026-06-17 07:08:38+05:30
P-0003411,V-06,5,19.228961,72.856727,1.5,2026-06-17 07:08:52+05:30,2026-06-17 07:08:53+05:30
P-0003412,V-06,5,19.229067,72.856812,0.7,2026-06-17 07:09:12+05:30,2026-06-17 07:09:13+05:30
P-0003413,V-06,5,19.228963,72.856682,0.4,2026-06-17 07:09:29+05:30,2026-06-17 07:09:32+05:30
P-0003414,V-06,5,19.2289,72.856611,1.0,2026-06-17 07:09:49+05:30,2026-06-17 07:09:53+05:30
P-0003415,V-06,5,19.229082,72.856795,1.2,2026-06-17 07:10:10+05:30,2026-06-17 07:10:14+05:30
P-0003416,V-06,5,19.228917,72.856581,0.4,2026-06-17 07:10:29+05:30,2026-06-17 07:10:30+05:30
P-0003417,V-06,5,19.229022,72.856582,1.1,2026-06-17 07:10:49+05:30,2026-06-17 07:10:51+05:30
P-0003418,V-06,5,19.229116,72.856745,1.4,2026-06-17 07:11:09+05:30,2026-06-17 07:11:10+05:30
P-0003419,V-06,5,19.229115,72.856774,0.7,2026-06-17 07:11:32+05:30,2026-06-17 07:11:36+05:30
P-0003420,V-06,5,19.229056,72.856799,0.7,2026-06-17 07:11:51+05:30,2026-06-17 07:11:53+05:30
P-0003421,V-06,5,19.229069,72.856698,1.1,2026-06-17 07:12:08+05:30,2026-06-17 07:12:11+05:30
P-0003422,V-06,5,19.229037,72.856696,0.0,2026-06-17 07:12:29+05:30,2026-06-17 07:12:33+05:30
P-0003423,V-06,5,19.228948,72.856798,0.0,2026-06-17 07:12:46+05:30,2026-06-17 07:12:47+05:30
P-0003424,V-06,5,19.228971,72.856774,0.6,2026-06-17 07:13:08+05:30,2026-06-17 07:13:12+05:30
P-0003425,V-06,5,19.228956,72.856747,1.4,2026-06-17 07:13:25+05:30,2026-06-17 07:13:28+05:30
P-0003426,V-06,5,19.229054,72.856764,0.9,2026-06-17 07:13:46+05:30,2026-06-17 07:13:49+05:30
P-0003427,V-06,5,19.228904,72.856688,1.4,2026-06-17 07:14:03+05:30,2026-06-17 07:14:05+05:30
P-0003428,V-06,5,19.229008,72.856754,0.0,2026-06-17 07:14:26+05:30,2026-06-17 07:14:28+05:30
P-0003429,V-06,5,19.228967,72.856596,0.0,2026-06-17 07:14:43+05:30,2026-06-17 07:14:46+05:30
P-0003430,V-06,5,19.22898,72.856645,1.0,2026-06-17 07:15:04+05:30,2026-06-17 07:15:05+05:30
P-0003431,V-06,5,19.2291,72.856714,0.3,2026-06-17 07:15:27+05:30,2026-06-17 07:15:31+05:30
P-0003432,V-06,5,19.228925,72.856618,1.6,2026-06-17 07:15:48+05:30,2026-06-17 07:15:49+05:30
P-0003433,V-06,5,19.22889,72.856653,0.6,2026-06-17 07:16:07+05:30,2026-06-17 07:16:08+05:30
P-0003434,V-06,5,19.22897,72.856689,0.0,2026-06-17 07:16:28+05:30,2026-06-17 07:16:29+05:30
P-0003435,V-06,5,19.229103,72.856661,0.9,2026-06-17 07:16:50+05:30,2026-06-17 07:16:53+05:30
P-0003436,V-06,5,19.229003,72.856758,0.7,2026-06-17 07:17:07+05:30,2026-06-17 07:17:09+05:30
P-0003437,V-06,5,19.229039,72.856658,0.0,2026-06-17 07:17:30+05:30,2026-06-17 07:17:32+05:30
P-0003438,V-06,5,19.229007,72.85659,1.6,2026-06-17 07:17:53+05:30,2026-06-17 07:17:55+05:30
P-0003439,V-06,5,19.229,72.856598,0.0,2026-06-17 07:18:15+05:30,2026-06-17 07:18:18+05:30
P-0003440,V-06,5,19.22902,72.856666,2.1,2026-06-17 07:18:34+05:30,2026-06-17 07:18:35+05:30
P-0003441,V-06,5,19.229063,72.856716,0.8,2026-06-17 07:18:57+05:30,2026-06-17 07:19:01+05:30
P-0003442,V-06,5,19.228986,72.85674,1.5,2026-06-17 07:19:16+05:30,2026-06-17 07:19:17+05:30
P-0003443,V-06,5,19.229089,72.856795,0.1,2026-06-17 07:19:33+05:30,2026-06-17 07:19:36+05:30
P-0003444,V-06,5,19.229111,72.856605,0.8,2026-06-17 07:19:55+05:30,2026-06-17 07:19:56+05:30
P-0003445,V-06,5,19.228963,72.856806,1.3,2026-06-17 07:20:13+05:30,2026-06-17 07:20:16+05:30
P-0003446,V-06,5,19.228932,72.856589,1.3,2026-06-17 07:20:34+05:30,2026-06-17 07:20:36+05:30
P-0003447,V-06,5,19.229087,72.856717,0.4,2026-06-17 07:20:55+05:30,2026-06-17 07:20:56+05:30
P-0003448,V-06,5,19.229059,72.856581,1.5,2026-06-17 07:21:13+05:30,2026-06-17 07:21:17+05:30
P-0003449,V-06,5,19.229008,72.856641,0.4,2026-06-17 07:21:33+05:30,2026-06-17 07:21:37+05:30
P-0003450,V-06,5,19.2291,72.856675,1.1,2026-06-17 07:21:55+05:30,2026-06-17 07:21:58+05:30
P-0003451,V-06,5,19.229058,72.856683,1.6,2026-06-17 07:22:14+05:30,2026-06-17 07:22:15+05:30
P-0003452,V-06,5,19.229004,72.856588,0.3,2026-06-17 07:22:35+05:30,2026-06-17 07:22:39+05:30
P-0003453,V-06,5,19.228905,72.856759,1.9,2026-06-17 07:22:55+05:30,2026-06-17 07:22:59+05:30
P-0003454,V-06,5,19.22892,72.856763,0.0,2026-06-17 07:23:16+05:30,2026-06-17 07:23:18+05:30
P-0003455,V-06,5,19.228902,72.856707,1.1,2026-06-17 07:23:38+05:30,2026-06-17 07:23:40+05:30
P-0003456,V-06,5,19.229008,72.856655,1.4,2026-06-17 07:24:01+05:30,2026-06-17 07:24:03+05:30
P-0003457,V-06,5,19.229071,72.856743,2.3,2026-06-17 07:24:19+05:30,2026-06-17 07:24:23+05:30
P-0003458,V-06,5,19.228996,72.85665,0.3,2026-06-17 07:24:40+05:30,2026-06-17 07:24:42+05:30
P-0003459,V-06,5,19.229037,72.856678,0.0,2026-06-17 07:25:00+05:30,2026-06-17 07:25:03+05:30
P-0003460,V-06,5,19.229116,72.856747,0.4,2026-06-17 07:25:21+05:30,2026-06-17 07:25:23+05:30
P-0003461,V-06,5,19.229028,72.856692,2.2,2026-06-17 07:25:43+05:30,2026-06-17 07:25:47+05:30
P-0003462,V-06,5,19.228908,72.85679,0.0,2026-06-17 07:26:05+05:30,2026-06-17 07:26:08+05:30
P-0003463,V-06,5,19.228988,72.856621,0.9,2026-06-17 07:26:26+05:30,2026-06-17 07:26:30+05:30
P-0003464,V-06,5,19.229083,72.856751,0.9,2026-06-17 07:26:44+05:30,2026-06-17 07:26:47+05:30
P-0003465,V-06,5,19.228944,72.856764,1.3,2026-06-17 07:27:01+05:30,2026-06-17 07:27:02+05:30
P-0003466,V-06,5,19.22895,72.85662,0.3,2026-06-17 07:27:24+05:30,2026-06-17 07:27:28+05:30
P-0003467,V-06,5,19.229089,72.856738,0.0,2026-06-17 07:27:46+05:30,2026-06-17 07:27:47+05:30
P-0003468,V-06,5,19.228922,72.856634,0.0,2026-06-17 07:28:09+05:30,2026-06-17 07:28:11+05:30
P-0003469,V-06,5,19.228928,72.856816,1.2,2026-06-17 07:28:30+05:30,2026-06-17 07:28:31+05:30
P-0003470,V-06,5,19.228911,72.856643,0.0,2026-06-17 07:28:49+05:30,2026-06-17 07:28:52+05:30
P-0003471,V-06,5,19.229108,72.856621,0.9,2026-06-17 07:29:11+05:30,2026-06-17 07:29:13+05:30
P-0003472,V-06,5,19.229019,72.856698,1.3,2026-06-17 07:29:34+05:30,2026-06-17 07:29:35+05:30
P-0003473,V-06,5,19.228992,72.856814,0.0,2026-06-17 07:29:55+05:30,2026-06-17 07:29:59+05:30
P-0003474,V-06,5,19.229103,72.856689,1.3,2026-06-17 07:30:15+05:30,2026-06-17 07:30:18+05:30
P-0003475,V-06,5,19.229054,72.856806,1.6,2026-06-17 07:30:37+05:30,2026-06-17 07:30:39+05:30
P-0003476,V-06,5,19.229022,72.856684,1.0,2026-06-17 07:30:57+05:30,2026-06-17 07:30:59+05:30
P-0003477,V-06,5,19.229018,72.856805,0.2,2026-06-17 07:31:17+05:30,2026-06-17 07:31:18+05:30
P-0003478,V-06,5,19.228962,72.85681,0.8,2026-06-17 07:31:37+05:30,2026-06-17 07:31:40+05:30
P-0003479,V-06,5,19.229116,72.856634,1.3,2026-06-17 07:32:00+05:30,2026-06-17 07:32:03+05:30
P-0003480,V-06,5,19.229062,72.856621,0.7,2026-06-17 07:32:18+05:30,2026-06-17 07:32:22+05:30
P-0003481,V-06,5,19.228915,72.856666,0.0,2026-06-17 07:32:38+05:30,2026-06-17 07:32:40+05:30
P-0003482,V-06,5,19.229044,72.856802,1.0,2026-06-17 07:32:55+05:30,2026-06-17 07:32:58+05:30
P-0003483,V-06,5,19.228895,72.856811,2.0,2026-06-17 07:33:15+05:30,2026-06-17 07:33:17+05:30
P-0003484,V-06,5,19.229068,72.856726,1.1,2026-06-17 07:33:35+05:30,2026-06-17 07:33:36+05:30
P-0003485,V-06,5,19.229075,72.856582,2.5,2026-06-17 07:33:57+05:30,2026-06-17 07:34:00+05:30
P-0003486,V-06,5,19.228963,72.856807,0.6,2026-06-17 07:34:17+05:30,2026-06-17 07:34:18+05:30
P-0003487,V-06,5,19.229112,72.856714,1.8,2026-06-17 07:34:39+05:30,2026-06-17 07:34:43+05:30
P-0003488,V-06,5,19.22902,72.856726,1.2,2026-06-17 07:34:56+05:30,2026-06-17 07:34:57+05:30
P-0003489,V-06,5,19.229007,72.856735,1.4,2026-06-17 07:35:17+05:30,2026-06-17 07:35:18+05:30
P-0003490,V-06,5,19.228984,72.856697,0.8,2026-06-17 07:35:40+05:30,2026-06-17 07:35:44+05:30
P-0003491,V-06,5,19.229066,72.856753,0.0,2026-06-17 07:35:59+05:30,2026-06-17 07:36:02+05:30
P-0003492,V-06,5,19.2291,72.856746,0.8,2026-06-17 07:36:18+05:30,2026-06-17 07:36:21+05:30
P-0003493,V-06,5,19.228969,72.856618,1.5,2026-06-17 07:36:38+05:30,2026-06-17 07:36:41+05:30
P-0003494,V-06,5,19.229011,72.856596,0.8,2026-06-17 07:36:59+05:30,2026-06-17 07:37:03+05:30
P-0003495,V-06,5,19.228906,72.856626,1.5,2026-06-17 07:37:18+05:30,2026-06-17 07:37:22+05:30
P-0003496,V-06,5,19.228958,72.856591,0.1,2026-06-17 07:37:40+05:30,2026-06-17 07:37:41+05:30
P-0003497,V-06,5,19.22901,72.85675,1.5,2026-06-17 07:38:01+05:30,2026-06-17 07:38:03+05:30
P-0003498,V-06,5,19.22905,72.856803,2.7,2026-06-17 07:38:20+05:30,2026-06-17 07:38:21+05:30
P-0003499,V-06,5,19.229041,72.856713,1.3,2026-06-17 07:38:38+05:30,2026-06-17 07:38:40+05:30
P-0003500,V-06,5,19.228914,72.856618,1.3,2026-06-17 07:39:00+05:30,2026-06-17 07:39:03+05:30
P-0003501,V-06,5,19.228908,72.856717,0.0,2026-06-17 07:39:19+05:30,2026-06-17 07:39:21+05:30
P-0003502,V-06,5,19.229113,72.85669,0.0,2026-06-17 07:39:40+05:30,2026-06-17 07:39:41+05:30
P-0003503,V-06,5,19.229111,72.856785,1.1,2026-06-17 07:39:57+05:30,2026-06-17 07:40:01+05:30
P-0003504,V-06,5,19.229029,72.85677,2.5,2026-06-17 07:40:20+05:30,2026-06-17 07:40:23+05:30
P-0003505,V-06,5,19.22904,72.856687,0.9,2026-06-17 07:40:37+05:30,2026-06-17 07:40:38+05:30
P-0003506,V-06,5,19.22907,72.85677,1.0,2026-06-17 07:40:58+05:30,2026-06-17 07:41:01+05:30
P-0003507,V-06,5,19.229056,72.856792,0.6,2026-06-17 07:41:15+05:30,2026-06-17 07:41:17+05:30
P-0003508,V-06,5,19.228958,72.856637,1.4,2026-06-17 07:41:35+05:30,2026-06-17 07:41:37+05:30
P-0003509,V-06,5,19.228939,72.856792,1.1,2026-06-17 07:41:55+05:30,2026-06-17 07:41:57+05:30
P-0003510,V-06,5,19.228919,72.856791,2.4,2026-06-17 07:42:12+05:30,2026-06-17 07:42:13+05:30
P-0003511,V-06,5,19.228994,72.856584,0.0,2026-06-17 07:42:33+05:30,2026-06-17 07:42:36+05:30
P-0003512,V-06,5,19.228957,72.856641,0.3,2026-06-17 07:42:53+05:30,2026-06-17 07:42:54+05:30
P-0003513,V-06,5,19.229019,72.856634,1.3,2026-06-17 07:43:12+05:30,2026-06-17 07:43:16+05:30
P-0003514,V-06,5,19.228882,72.85672,1.9,2026-06-17 07:43:31+05:30,2026-06-17 07:43:33+05:30
P-0003515,V-06,5,19.229086,72.856655,0.0,2026-06-17 07:43:53+05:30,2026-06-17 07:43:57+05:30
P-0003516,V-06,5,19.228907,72.856643,0.0,2026-06-17 07:44:10+05:30,2026-06-17 07:44:11+05:30
P-0003517,V-06,5,19.229096,72.856802,0.2,2026-06-17 07:44:31+05:30,2026-06-17 07:44:35+05:30
P-0003518,V-06,5,19.228892,72.856818,0.7,2026-06-17 07:44:51+05:30,2026-06-17 07:44:54+05:30
P-0003519,V-06,5,19.229004,72.856634,0.6,2026-06-17 07:45:12+05:30,2026-06-17 07:45:14+05:30
P-0003520,V-06,5,19.229076,72.856716,0.3,2026-06-17 07:45:29+05:30,2026-06-17 07:45:32+05:30
P-0003521,V-06,5,19.229041,72.856652,0.3,2026-06-17 07:45:49+05:30,2026-06-17 07:45:52+05:30
P-0003522,V-06,5,19.229069,72.856646,1.2,2026-06-17 07:46:06+05:30,2026-06-17 07:46:10+05:30
P-0003523,V-06,5,19.228911,72.856642,0.7,2026-06-17 07:46:27+05:30,2026-06-17 07:46:31+05:30
P-0003524,V-06,5,19.229039,72.856666,0.6,2026-06-17 07:46:45+05:30,2026-06-17 07:46:49+05:30
P-0003525,V-06,5,19.228886,72.856719,0.9,2026-06-17 07:47:06+05:30,2026-06-17 07:47:09+05:30
P-0003526,V-06,5,19.229116,72.856656,1.6,2026-06-17 07:47:28+05:30,2026-06-17 07:47:32+05:30
P-0003527,V-06,5,19.229109,72.856737,0.1,2026-06-17 07:47:48+05:30,2026-06-17 07:47:51+05:30
P-0003528,V-06,5,19.229008,72.856653,2.4,2026-06-17 07:48:08+05:30,2026-06-17 07:48:12+05:30
P-0003529,V-06,5,19.228933,72.856677,0.6,2026-06-17 07:48:30+05:30,2026-06-17 07:48:31+05:30
P-0003530,V-06,5,19.229045,72.856605,0.0,2026-06-17 07:48:47+05:30,2026-06-17 07:48:48+05:30
P-0003531,V-06,5,19.228939,72.856688,0.0,2026-06-17 07:49:10+05:30,2026-06-17 07:49:11+05:30
P-0003532,V-06,5,19.228969,72.856777,0.0,2026-06-17 07:49:30+05:30,2026-06-17 07:49:34+05:30
P-0003533,V-06,5,19.229001,72.856608,0.6,2026-06-17 07:49:52+05:30,2026-06-17 07:49:55+05:30
P-0003534,V-10,5,19.172548,72.956868,2.7,2026-06-17 07:15:00+05:30,2026-06-17 07:15:04+05:30
P-0003535,V-10,5,19.172468,72.956143,14.5,2026-06-17 07:15:21+05:30,2026-06-17 07:15:25+05:30
P-0003536,V-10,5,19.172029,72.955651,14.3,2026-06-17 07:15:42+05:30,2026-06-17 07:15:46+05:30
P-0003537,V-10,5,19.171797,72.954996,14.3,2026-06-17 07:16:02+05:30,2026-06-17 07:16:06+05:30
P-0003538,V-10,5,19.171717,72.954589,8.2,2026-06-17 07:16:21+05:30,2026-06-17 07:16:24+05:30
P-0003539,V-10,5,19.171447,72.953985,14.5,2026-06-17 07:16:44+05:30,2026-06-17 07:16:48+05:30
P-0003540,V-10,5,19.171173,72.953302,13.2,2026-06-17 07:17:07+05:30,2026-06-17 07:17:11+05:30
P-0003541,V-10,5,19.170954,72.95283,11.8,2026-06-17 07:17:24+05:30,2026-06-17 07:17:27+05:30
P-0003542,V-10,5,19.170704,72.952277,13.2,2026-06-17 07:17:41+05:30,2026-06-17 07:17:42+05:30
P-0003543,V-10,5,19.170501,72.951937,9.2,2026-06-17 07:18:01+05:30,2026-06-17 07:18:04+05:30
P-0003544,V-10,5,19.170133,72.951201,15.7,2026-06-17 07:18:21+05:30,2026-06-17 07:18:22+05:30
P-0003545,V-10,5,19.169971,72.950766,9.6,2026-06-17 07:18:43+05:30,2026-06-17 07:18:47+05:30
P-0003546,V-10,5,19.169665,72.950266,12.3,2026-06-17 07:19:02+05:30,2026-06-17 07:19:03+05:30
P-0003547,V-10,5,19.169584,72.949625,12.2,2026-06-17 07:19:23+05:30,2026-06-17 07:19:25+05:30
P-0003548,V-10,5,19.169256,72.949142,11.9,2026-06-17 07:19:41+05:30,2026-06-17 07:19:42+05:30
P-0003549,V-10,5,19.169036,72.948652,9.4,2026-06-17 07:19:59+05:30,2026-06-17 07:20:00+05:30
P-0003550,V-10,5,19.168802,72.948173,8.8,2026-06-17 07:20:18+05:30,2026-06-17 07:20:20+05:30
P-0003551,V-10,5,19.168651,72.947529,13.3,2026-06-17 07:20:41+05:30,2026-06-17 07:20:43+05:30
P-0003552,V-10,5,19.168347,72.94678,15.9,2026-06-17 07:21:04+05:30,2026-06-17 07:21:07+05:30
P-0003553,V-10,5,19.168127,72.946358,8.1,2026-06-17 07:21:21+05:30,2026-06-17 07:21:25+05:30
P-0003554,V-10,5,19.167956,72.945884,8.0,2026-06-17 07:21:41+05:30,2026-06-17 07:21:43+05:30
P-0003555,V-10,5,19.167716,72.945237,12.5,2026-06-17 07:21:59+05:30,2026-06-17 07:22:02+05:30
P-0003556,V-10,5,19.167349,72.944924,10.6,2026-06-17 07:22:17+05:30,2026-06-17 07:22:19+05:30
P-0003557,V-10,5,19.167037,72.944342,13.9,2026-06-17 07:22:37+05:30,2026-06-17 07:22:38+05:30
P-0003558,V-10,5,19.166712,72.943766,12.3,2026-06-17 07:22:59+05:30,2026-06-17 07:23:03+05:30
P-0003559,V-10,5,19.16622,72.943334,12.6,2026-06-17 07:23:22+05:30,2026-06-17 07:23:24+05:30
P-0003560,V-10,5,19.165961,72.94286,9.5,2026-06-17 07:23:41+05:30,2026-06-17 07:23:43+05:30
P-0003561,V-10,5,19.165625,72.94237,10.7,2026-06-17 07:24:02+05:30,2026-06-17 07:24:05+05:30
P-0003562,V-10,5,19.165089,72.941952,11.4,2026-06-17 07:24:21+05:30,2026-06-17 07:24:23+05:30
P-0003563,V-10,5,19.16484,72.94134,12.5,2026-06-17 07:24:43+05:30,2026-06-17 07:24:44+05:30
P-0003564,V-10,5,19.164453,72.940999,8.5,2026-06-17 07:25:05+05:30,2026-06-17 07:25:07+05:30
P-0003565,V-10,5,19.164036,72.940423,11.7,2026-06-17 07:25:28+05:30,2026-06-17 07:25:32+05:30
P-0003566,V-10,5,19.163755,72.939893,12.9,2026-06-17 07:25:46+05:30,2026-06-17 07:25:49+05:30
P-0003567,V-10,5,19.163324,72.939462,13.3,2026-06-17 07:26:07+05:30,2026-06-17 07:26:08+05:30
P-0003568,V-10,5,19.162924,72.938975,10.5,2026-06-17 07:26:25+05:30,2026-06-17 07:26:26+05:30
P-0003569,V-10,5,19.162658,72.938471,11.3,2026-06-17 07:26:44+05:30,2026-06-17 07:26:46+05:30
P-0003570,V-10,5,19.162246,72.938094,12.5,2026-06-17 07:27:06+05:30,2026-06-17 07:27:07+05:30
P-0003571,V-10,5,19.161849,72.937608,11.6,2026-06-17 07:27:27+05:30,2026-06-17 07:27:28+05:30
P-0003572,V-10,5,19.161547,72.937122,11.4,2026-06-17 07:27:44+05:30,2026-06-17 07:27:48+05:30
P-0003573,V-10,5,19.161191,72.936699,10.5,2026-06-17 07:28:04+05:30,2026-06-17 07:28:06+05:30
P-0003574,V-10,5,19.160973,72.93629,10.0,2026-06-17 07:28:21+05:30,2026-06-17 07:28:23+05:30
P-0003575,V-10,5,19.160599,72.935973,10.9,2026-06-17 07:28:39+05:30,2026-06-17 07:28:40+05:30
P-0003576,V-10,5,19.16005,72.935396,17.1,2026-06-17 07:29:00+05:30,2026-06-17 07:29:03+05:30
P-0003577,V-10,5,19.15979,72.934981,8.7,2026-06-17 07:29:17+05:30,2026-06-17 07:29:19+05:30
P-0003578,V-10,5,19.159558,72.934539,10.3,2026-06-17 07:29:39+05:30,2026-06-17 07:29:43+05:30
P-0003579,V-10,5,19.158949,72.933992,15.5,2026-06-17 07:30:02+05:30,2026-06-17 07:30:04+05:30
P-0003580,V-10,5,19.158775,72.933464,10.0,2026-06-17 07:30:19+05:30,2026-06-17 07:30:21+05:30
P-0003581,V-10,5,19.15837,72.932976,13.5,2026-06-17 07:30:38+05:30,2026-06-17 07:30:39+05:30
P-0003582,V-10,5,19.158037,72.93277,6.4,2026-06-17 07:30:55+05:30,2026-06-17 07:30:59+05:30
P-0003583,V-10,5,19.157653,72.932234,10.9,2026-06-17 07:31:17+05:30,2026-06-17 07:31:18+05:30
P-0003584,V-10,5,19.157294,72.931704,12.5,2026-06-17 07:31:37+05:30,2026-06-17 07:31:38+05:30
P-0003585,V-10,5,19.15707,72.931315,9.9,2026-06-17 07:31:54+05:30,2026-06-17 07:31:55+05:30
P-0003586,V-10,5,19.156587,72.930734,13.3,2026-06-17 07:32:16+05:30,2026-06-17 07:32:17+05:30
P-0003587,V-10,5,19.156437,72.930454,6.4,2026-06-17 07:32:33+05:30,2026-06-17 07:32:34+05:30
P-0003588,V-10,5,19.155874,72.929842,14.7,2026-06-17 07:32:53+05:30,2026-06-17 07:32:55+05:30
P-0003589,V-10,5,19.155512,72.92959,8.4,2026-06-17 07:33:13+05:30,2026-06-17 07:33:15+05:30
P-0003590,V-10,5,19.154955,72.929209,15.1,2026-06-17 07:33:31+05:30,2026-06-17 07:33:35+05:30
P-0003591,V-10,5,19.154408,72.929064,12.3,2026-06-17 07:33:53+05:30,2026-06-17 07:33:56+05:30
P-0003592,V-10,5,19.154053,72.928665,11.6,2026-06-17 07:34:11+05:30,2026-06-17 07:34:12+05:30
P-0003593,V-10,5,19.153646,72.928202,11.6,2026-06-17 07:34:33+05:30,2026-06-17 07:34:36+05:30
P-0003594,V-10,5,19.153151,72.927799,14.0,2026-06-17 07:34:55+05:30,2026-06-17 07:34:56+05:30
P-0003595,V-10,5,19.152706,72.927526,11.2,2026-06-17 07:35:13+05:30,2026-06-17 07:35:15+05:30
P-0003596,V-10,5,19.152126,72.927279,13.0,2026-06-17 07:35:31+05:30,2026-06-17 07:35:35+05:30
P-0003597,V-10,5,19.151582,72.926884,11.4,2026-06-17 07:35:53+05:30,2026-06-17 07:35:56+05:30
P-0003598,V-10,5,19.151213,72.926446,12.3,2026-06-17 07:36:16+05:30,2026-06-17 07:36:20+05:30
P-0003599,V-10,5,19.150682,72.926364,10.6,2026-06-17 07:36:33+05:30,2026-06-17 07:36:34+05:30
P-0003600,V-10,5,19.150178,72.925878,15.4,2026-06-17 07:36:54+05:30,2026-06-17 07:36:58+05:30
P-0003601,V-10,5,19.149597,72.925605,11.7,2026-06-17 07:37:17+05:30,2026-06-17 07:37:20+05:30
P-0003602,V-10,5,19.149337,72.925178,10.1,2026-06-17 07:37:34+05:30,2026-06-17 07:37:38+05:30
P-0003603,V-10,5,19.148758,72.924823,14.9,2026-06-17 07:37:52+05:30,2026-06-17 07:37:53+05:30
P-0003604,V-10,5,19.148395,72.924511,8.0,2026-06-17 07:38:14+05:30,2026-06-17 07:38:18+05:30
P-0003605,V-10,5,19.147819,72.924347,11.0,2026-06-17 07:38:32+05:30,2026-06-17 07:38:35+05:30
P-0003606,V-10,5,19.147415,72.923855,12.7,2026-06-17 07:38:51+05:30,2026-06-17 07:38:55+05:30
P-0003607,V-10,5,19.1469,72.923651,12.7,2026-06-17 07:39:10+05:30,2026-06-17 07:39:14+05:30
P-0003608,V-10,5,19.146476,72.923312,9.5,2026-06-17 07:39:29+05:30,2026-06-17 07:39:32+05:30
P-0003609,V-10,5,19.146207,72.923001,6.2,2026-06-17 07:39:48+05:30,2026-06-17 07:39:50+05:30
P-0003610,V-10,5,19.145684,72.922592,12.9,2026-06-17 07:40:11+05:30,2026-06-17 07:40:13+05:30
P-0003611,V-10,5,19.145366,72.921994,14.6,2026-06-17 07:40:32+05:30,2026-06-17 07:40:33+05:30
P-0003612,V-10,5,19.145136,72.921371,14.3,2026-06-17 07:40:53+05:30,2026-06-17 07:40:56+05:30
P-0003613,V-10,5,19.144758,72.920914,10.2,2026-06-17 07:41:12+05:30,2026-06-17 07:41:16+05:30
P-0003614,V-10,5,19.144337,72.920468,13.3,2026-06-17 07:41:32+05:30,2026-06-17 07:41:35+05:30
P-0003615,V-10,5,19.144129,72.919767,14.8,2026-06-17 07:41:55+05:30,2026-06-17 07:41:57+05:30
P-0003616,V-10,5,19.143808,72.91933,10.6,2026-06-17 07:42:16+05:30,2026-06-17 07:42:17+05:30
P-0003617,V-10,5,19.143514,72.918676,15.6,2026-06-17 07:42:39+05:30,2026-06-17 07:42:40+05:30
P-0003618,V-10,5,19.143056,72.91839,11.6,2026-06-17 07:42:56+05:30,2026-06-17 07:42:57+05:30
P-0003619,V-10,5,19.142938,72.91768,12.0,2026-06-17 07:43:15+05:30,2026-06-17 07:43:18+05:30
P-0003620,V-10,5,19.142543,72.91727,12.2,2026-06-17 07:43:33+05:30,2026-06-17 07:43:35+05:30
P-0003621,V-10,5,19.142254,72.916891,7.9,2026-06-17 07:43:52+05:30,2026-06-17 07:43:54+05:30
P-0003622,V-10,5,19.141919,72.91631,11.6,2026-06-17 07:44:12+05:30,2026-06-17 07:44:16+05:30
P-0003623,V-10,5,19.141753,72.915771,9.8,2026-06-17 07:44:31+05:30,2026-06-17 07:44:33+05:30
P-0003624,V-10,5,19.141519,72.915351,10.2,2026-06-17 07:44:51+05:30,2026-06-17 07:44:53+05:30
P-0003625,V-10,5,19.141025,72.914757,16.5,2026-06-17 07:45:14+05:30,2026-06-17 07:45:18+05:30
P-0003626,V-10,5,19.140765,72.914211,13.3,2026-06-17 07:45:33+05:30,2026-06-17 07:45:34+05:30
P-0003627,V-10,5,19.140474,72.913702,10.1,2026-06-17 07:45:51+05:30,2026-06-17 07:45:55+05:30
P-0003628,V-10,5,19.140201,72.913427,8.1,2026-06-17 07:46:09+05:30,2026-06-17 07:46:12+05:30
P-0003629,V-10,5,19.14002,72.91283,13.7,2026-06-17 07:46:30+05:30,2026-06-17 07:46:32+05:30
P-0003630,V-10,5,19.139687,72.912175,13.0,2026-06-17 07:46:52+05:30,2026-06-17 07:46:54+05:30
P-0003631,V-10,5,19.139259,72.911804,12.7,2026-06-17 07:47:09+05:30,2026-06-17 07:47:10+05:30
P-0003632,V-10,5,19.138927,72.911243,12.9,2026-06-17 07:47:30+05:30,2026-06-17 07:47:34+05:30
P-0003633,V-10,5,19.138716,72.910656,10.0,2026-06-17 07:47:50+05:30,2026-06-17 07:47:52+05:30
P-0003634,V-10,5,19.138476,72.910153,11.2,2026-06-17 07:48:13+05:30,2026-06-17 07:48:17+05:30
P-0003635,V-10,5,19.138132,72.909637,10.1,2026-06-17 07:48:32+05:30,2026-06-17 07:48:35+05:30
P-0003636,V-10,5,19.137811,72.909189,10.5,2026-06-17 07:48:49+05:30,2026-06-17 07:48:52+05:30
P-0003637,V-10,5,19.137505,72.908707,12.3,2026-06-17 07:49:11+05:30,2026-06-17 07:49:13+05:30
P-0003638,V-10,5,19.137182,72.908138,14.4,2026-06-17 07:49:33+05:30,2026-06-17 07:49:34+05:30
P-0003639,V-10,5,19.136901,72.907657,11.3,2026-06-17 07:49:56+05:30,2026-06-17 07:50:00+05:30
P-0003640,V-10,5,19.136516,72.90704,14.4,2026-06-17 07:50:13+05:30,2026-06-17 07:50:16+05:30
P-0003641,V-10,5,19.13622,72.906551,9.6,2026-06-17 07:50:31+05:30,2026-06-17 07:50:34+05:30
P-0003642,V-10,5,19.136069,72.906133,9.4,2026-06-17 07:50:50+05:30,2026-06-17 07:50:51+05:30
P-0003643,V-10,5,19.135547,72.905729,12.0,2026-06-17 07:51:12+05:30,2026-06-17 07:51:13+05:30
P-0003644,V-10,5,19.135371,72.905088,14.6,2026-06-17 07:51:29+05:30,2026-06-17 07:51:32+05:30
P-0003645,V-10,5,19.134912,72.904737,12.2,2026-06-17 07:51:52+05:30,2026-06-17 07:51:54+05:30
P-0003646,V-10,5,19.134736,72.904088,13.1,2026-06-17 07:52:14+05:30,2026-06-17 07:52:16+05:30
P-0003647,V-10,5,19.134243,72.903617,11.5,2026-06-17 07:52:33+05:30,2026-06-17 07:52:36+05:30
P-0003648,V-10,5,19.133947,72.903109,9.3,2026-06-17 07:52:50+05:30,2026-06-17 07:52:54+05:30
P-0003649,V-10,5,19.133841,72.902758,7.2,2026-06-17 07:53:10+05:30,2026-06-17 07:53:13+05:30
P-0003650,V-10,5,19.133454,72.902204,11.3,2026-06-17 07:53:29+05:30,2026-06-17 07:53:32+05:30
P-0003651,V-10,5,19.133048,72.901593,15.7,2026-06-17 07:53:50+05:30,2026-06-17 07:53:54+05:30
P-0003652,V-10,5,19.132795,72.900982,13.8,2026-06-17 07:54:13+05:30,2026-06-17 07:54:17+05:30
P-0003653,V-10,5,19.132399,72.90055,11.9,2026-06-17 07:54:32+05:30,2026-06-17 07:54:36+05:30
P-0003654,V-10,5,19.13202,72.900063,10.4,2026-06-17 07:54:51+05:30,2026-06-17 07:54:55+05:30
P-0003655,V-10,5,19.1317,72.899537,10.7,2026-06-17 07:55:12+05:30,2026-06-17 07:55:15+05:30
P-0003656,V-10,5,19.131408,72.899056,9.7,2026-06-17 07:55:32+05:30,2026-06-17 07:55:35+05:30
P-0003657,V-10,5,19.131146,72.898581,11.6,2026-06-17 07:55:51+05:30,2026-06-17 07:55:55+05:30
P-0003658,V-10,5,19.130877,72.89813,9.1,2026-06-17 07:56:12+05:30,2026-06-17 07:56:16+05:30
P-0003659,V-10,5,19.130488,72.897685,12.0,2026-06-17 07:56:32+05:30,2026-06-17 07:56:34+05:30
P-0003660,V-10,5,19.130123,72.897216,11.9,2026-06-17 07:56:54+05:30,2026-06-17 07:56:58+05:30
P-0003661,V-10,5,19.129775,72.896807,10.4,2026-06-17 07:57:12+05:30,2026-06-17 07:57:16+05:30
P-0003662,V-10,5,19.129524,72.896315,10.7,2026-06-17 07:57:29+05:30,2026-06-17 07:57:32+05:30
P-0003663,V-10,5,19.129251,72.895906,7.8,2026-06-17 07:57:47+05:30,2026-06-17 07:57:48+05:30
P-0003664,V-10,5,19.12873,72.895368,14.1,2026-06-17 07:58:07+05:30,2026-06-17 07:58:11+05:30
P-0003665,V-10,5,19.12854,72.894922,7.6,2026-06-17 07:58:24+05:30,2026-06-17 07:58:28+05:30
P-0003666,V-10,5,19.128122,72.894452,13.9,2026-06-17 07:58:43+05:30,2026-06-17 07:58:46+05:30
P-0003667,V-10,5,19.127701,72.894103,8.7,2026-06-17 07:59:03+05:30,2026-06-17 07:59:06+05:30
P-0003668,V-10,5,19.127391,72.893705,9.5,2026-06-17 07:59:21+05:30,2026-06-17 07:59:23+05:30
P-0003669,V-10,5,19.12702,72.89328,12.9,2026-06-17 07:59:40+05:30,2026-06-17 07:59:43+05:30
P-0003670,V-10,5,19.126715,72.89268,14.3,2026-06-17 08:00:01+05:30,2026-06-17 08:00:03+05:30
P-0003671,V-10,5,19.126501,72.892172,9.5,2026-06-17 08:00:20+05:30,2026-06-17 08:00:21+05:30
P-0003672,V-10,5,19.1261,72.891751,12.5,2026-06-17 08:00:42+05:30,2026-06-17 08:00:45+05:30
P-0003673,V-10,5,19.125615,72.891196,15.0,2026-06-17 08:01:02+05:30,2026-06-17 08:01:03+05:30
P-0003674,V-10,5,19.12534,72.890663,12.5,2026-06-17 08:01:25+05:30,2026-06-17 08:01:28+05:30
P-0003675,V-10,5,19.124828,72.890166,12.2,2026-06-17 08:01:47+05:30,2026-06-17 08:01:48+05:30
P-0003676,V-10,5,19.12436,72.889722,14.2,2026-06-17 08:02:08+05:30,2026-06-17 08:02:10+05:30
P-0003677,V-10,5,19.12417,72.889462,7.6,2026-06-17 08:02:25+05:30,2026-06-17 08:02:29+05:30
P-0003678,V-10,5,19.123717,72.888858,13.4,2026-06-17 08:02:45+05:30,2026-06-17 08:02:47+05:30
P-0003679,V-10,5,19.123329,72.888476,12.6,2026-06-17 08:03:07+05:30,2026-06-17 08:03:08+05:30
P-0003680,V-10,5,19.123054,72.887846,14.0,2026-06-17 08:03:25+05:30,2026-06-17 08:03:29+05:30
P-0003681,V-10,5,19.122772,72.887521,7.2,2026-06-17 08:03:42+05:30,2026-06-17 08:03:46+05:30
P-0003682,V-10,5,19.122479,72.887093,11.5,2026-06-17 08:04:01+05:30,2026-06-17 08:04:05+05:30
P-0003683,V-10,5,19.122206,72.886688,9.8,2026-06-17 08:04:18+05:30,2026-06-17 08:04:22+05:30
P-0003684,V-10,5,19.121795,72.886383,11.1,2026-06-17 08:04:37+05:30,2026-06-17 08:04:39+05:30
P-0003685,V-10,5,19.121335,72.885861,12.6,2026-06-17 08:04:59+05:30,2026-06-17 08:05:01+05:30
P-0003686,V-10,5,19.121011,72.885417,10.8,2026-06-17 08:05:16+05:30,2026-06-17 08:05:17+05:30
P-0003687,V-10,5,19.120676,72.884886,13.8,2026-06-17 08:05:37+05:30,2026-06-17 08:05:41+05:30
P-0003688,V-10,5,19.120318,72.884395,12.0,2026-06-17 08:05:59+05:30,2026-06-17 08:06:02+05:30
P-0003689,V-10,5,19.119993,72.883734,15.7,2026-06-17 08:06:22+05:30,2026-06-17 08:06:24+05:30
P-0003690,V-10,5,19.119479,72.883424,12.9,2026-06-17 08:06:41+05:30,2026-06-17 08:06:43+05:30
P-0003691,V-10,5,19.119118,72.882891,11.6,2026-06-17 08:07:04+05:30,2026-06-17 08:07:05+05:30
P-0003692,V-10,5,19.118999,72.882428,7.7,2026-06-17 08:07:21+05:30,2026-06-17 08:07:25+05:30
P-0003693,V-10,5,19.118809,72.881905,9.4,2026-06-17 08:07:39+05:30,2026-06-17 08:07:43+05:30
P-0003694,V-10,5,19.118406,72.881075,16.9,2026-06-17 08:08:02+05:30,2026-06-17 08:08:03+05:30
P-0003695,V-10,5,19.118322,72.880536,9.2,2026-06-17 08:08:22+05:30,2026-06-17 08:08:26+05:30
P-0003696,V-10,5,19.118109,72.880024,12.4,2026-06-17 08:08:42+05:30,2026-06-17 08:08:45+05:30
P-0003697,V-10,5,19.117801,72.87939,12.7,2026-06-17 08:09:05+05:30,2026-06-17 08:09:09+05:30
P-0003698,V-10,5,19.117449,72.878942,10.4,2026-06-17 08:09:24+05:30,2026-06-17 08:09:27+05:30
P-0003699,V-10,5,19.11734,72.87834,9.9,2026-06-17 08:09:44+05:30,2026-06-17 08:09:45+05:30
P-0003700,V-10,5,19.117192,72.877823,8.3,2026-06-17 08:10:01+05:30,2026-06-17 08:10:05+05:30
P-0003701,V-10,5,19.116802,72.877413,11.6,2026-06-17 08:10:19+05:30,2026-06-17 08:10:20+05:30
P-0003702,V-10,5,19.116669,72.877009,7.4,2026-06-17 08:10:37+05:30,2026-06-17 08:10:38+05:30
P-0003703,V-10,5,19.11641,72.876298,12.7,2026-06-17 08:10:58+05:30,2026-06-17 08:11:02+05:30
P-0003704,V-10,5,19.116192,72.875931,9.0,2026-06-17 08:11:16+05:30,2026-06-17 08:11:18+05:30
P-0003705,V-10,5,19.116136,72.875327,10.8,2026-06-17 08:11:33+05:30,2026-06-17 08:11:34+05:30
P-0003706,V-10,5,19.115886,72.874782,11.6,2026-06-17 08:11:55+05:30,2026-06-17 08:11:59+05:30
P-0003707,V-10,5,19.11562,72.874358,8.2,2026-06-17 08:12:14+05:30,2026-06-17 08:12:15+05:30
P-0003708,V-10,5,19.115355,72.87374,11.7,2026-06-17 08:12:34+05:30,2026-06-17 08:12:36+05:30
P-0003709,V-10,5,19.11518,72.873109,12.5,2026-06-17 08:12:52+05:30,2026-06-17 08:12:55+05:30
P-0003710,V-10,5,19.114945,72.87256,9.8,2026-06-17 08:13:12+05:30,2026-06-17 08:13:15+05:30
P-0003711,V-10,5,19.114703,72.872235,7.2,2026-06-17 08:13:32+05:30,2026-06-17 08:13:35+05:30
P-0003712,V-10,5,19.114537,72.871534,12.2,2026-06-17 08:13:49+05:30,2026-06-17 08:13:53+05:30
P-0003713,V-10,5,19.114045,72.871103,12.6,2026-06-17 08:14:12+05:30,2026-06-17 08:14:14+05:30
P-0003714,V-10,5,19.11391,72.870496,11.7,2026-06-17 08:14:30+05:30,2026-06-17 08:14:32+05:30
P-0003715,V-10,5,19.113805,72.870177,4.4,2026-06-17 08:14:47+05:30,2026-06-17 08:14:50+05:30
P-0003716,V-10,5,19.113655,72.869777,6.5,2026-06-17 08:15:04+05:30,2026-06-17 08:15:06+05:30
P-0003717,V-10,5,19.113491,72.869756,1.3,2026-06-17 08:15:21+05:30,2026-06-17 08:15:24+05:30
P-0003718,V-10,5,19.113619,72.869594,3.4,2026-06-17 08:15:44+05:30,2026-06-17 08:15:45+05:30
P-0003719,V-10,5,19.113516,72.869756,2.4,2026-06-17 08:16:01+05:30,2026-06-17 08:16:03+05:30
P-0003720,V-10,5,19.113712,72.869612,4.4,2026-06-17 08:16:21+05:30,2026-06-17 08:16:22+05:30
P-0003721,V-10,5,19.113556,72.869803,5.0,2026-06-17 08:16:42+05:30,2026-06-17 08:16:43+05:30
P-0003722,V-10,5,19.113587,72.86977,0.4,2026-06-17 08:16:59+05:30,2026-06-17 08:17:03+05:30
P-0003723,V-10,5,19.113498,72.869766,1.0,2026-06-17 08:17:21+05:30,2026-06-17 08:17:24+05:30
P-0003724,V-10,5,19.113697,72.869599,5.0,2026-06-17 08:17:43+05:30,2026-06-17 08:17:44+05:30
P-0003725,V-10,5,19.113602,72.869742,2.4,2026-06-17 08:18:02+05:30,2026-06-17 08:18:06+05:30
P-0003726,V-10,5,19.11365,72.869601,3.4,2026-06-17 08:18:23+05:30,2026-06-17 08:18:24+05:30
P-0003727,V-10,5,19.113559,72.869789,2.2,2026-06-17 08:18:46+05:30,2026-06-17 08:18:49+05:30
P-0003728,V-10,5,19.113684,72.86959,4.5,2026-06-17 08:19:05+05:30,2026-06-17 08:19:07+05:30
P-0003729,V-10,5,19.11368,72.869797,4.7,2026-06-17 08:19:24+05:30,2026-06-17 08:19:27+05:30
P-0003730,V-10,5,19.113488,72.86978,4.2,2026-06-17 08:19:42+05:30,2026-06-17 08:19:43+05:30
P-0003731,V-10,5,19.113652,72.869642,4.4,2026-06-17 08:20:02+05:30,2026-06-17 08:20:06+05:30
P-0003732,V-10,5,19.1135,72.869776,2.9,2026-06-17 08:20:22+05:30,2026-06-17 08:20:26+05:30
P-0003733,V-10,5,19.113634,72.869786,3.0,2026-06-17 08:20:41+05:30,2026-06-17 08:20:45+05:30
P-0003734,V-10,5,19.113484,72.869679,4.4,2026-06-17 08:21:01+05:30,2026-06-17 08:21:02+05:30
P-0003735,V-10,5,19.113534,72.869581,2.4,2026-06-17 08:21:23+05:30,2026-06-17 08:21:24+05:30
P-0003736,V-10,5,19.113652,72.869731,2.1,2026-06-17 08:21:45+05:30,2026-06-17 08:21:48+05:30
P-0003737,V-10,5,19.11362,72.869666,3.1,2026-06-17 08:22:06+05:30,2026-06-17 08:22:09+05:30
P-0003738,V-10,5,19.113493,72.869697,4.5,2026-06-17 08:22:28+05:30,2026-06-17 08:22:30+05:30
P-0003739,V-10,5,19.113651,72.869818,4.8,2026-06-17 08:22:50+05:30,2026-06-17 08:22:54+05:30
P-0003740,V-10,5,19.113668,72.869672,4.7,2026-06-17 08:23:07+05:30,2026-06-17 08:23:10+05:30
P-0003741,V-10,5,19.113592,72.869688,1.1,2026-06-17 08:23:25+05:30,2026-06-17 08:23:26+05:30
P-0003742,V-10,5,19.113558,72.869779,3.7,2026-06-17 08:23:48+05:30,2026-06-17 08:23:50+05:30
P-0003743,V-10,5,19.113693,72.869806,3.7,2026-06-17 08:24:09+05:30,2026-06-17 08:24:13+05:30
P-0003744,V-10,5,19.113564,72.869776,3.3,2026-06-17 08:24:29+05:30,2026-06-17 08:24:32+05:30
P-0003745,V-10,5,19.113538,72.869735,0.6,2026-06-17 08:24:50+05:30,2026-06-17 08:24:51+05:30
P-0003746,V-10,5,19.113694,72.869754,1.7,2026-06-17 08:25:12+05:30,2026-06-17 08:25:14+05:30
P-0003747,V-10,5,19.113617,72.869681,0.2,2026-06-17 08:25:31+05:30,2026-06-17 08:25:34+05:30
P-0003748,V-10,5,19.113543,72.869765,4.0,2026-06-17 08:25:48+05:30,2026-06-17 08:25:49+05:30
P-0003749,V-10,5,19.11364,72.869695,4.0,2026-06-17 08:26:05+05:30,2026-06-17 08:26:08+05:30
P-0003750,V-10,5,19.113579,72.869759,2.8,2026-06-17 08:26:22+05:30,2026-06-17 08:26:24+05:30
P-0003751,V-10,5,19.113518,72.869708,3.4,2026-06-17 08:26:39+05:30,2026-06-17 08:26:40+05:30
P-0003752,V-10,5,19.113705,72.869732,5.1,2026-06-17 08:27:01+05:30,2026-06-17 08:27:04+05:30
P-0003753,V-10,5,19.113681,72.869643,1.3,2026-06-17 08:27:20+05:30,2026-06-17 08:27:24+05:30
P-0003754,V-10,5,19.113688,72.869748,3.6,2026-06-17 08:27:40+05:30,2026-06-17 08:27:44+05:30
P-0003755,V-10,5,19.113636,72.869729,2.1,2026-06-17 08:27:59+05:30,2026-06-17 08:28:03+05:30
P-0003756,V-10,5,19.113585,72.869722,0.1,2026-06-17 08:28:19+05:30,2026-06-17 08:28:23+05:30
P-0003757,V-10,5,19.113661,72.869626,2.4,2026-06-17 08:28:38+05:30,2026-06-17 08:28:40+05:30
P-0003758,V-10,5,19.113607,72.869611,1.8,2026-06-17 08:28:58+05:30,2026-06-17 08:29:02+05:30
P-0003759,V-10,5,19.11355,72.869758,3.2,2026-06-17 08:29:18+05:30,2026-06-17 08:29:21+05:30
P-0003760,V-10,5,19.113569,72.869802,0.0,2026-06-17 08:29:35+05:30,2026-06-17 08:29:39+05:30
P-0003761,V-10,5,19.113552,72.869608,5.2,2026-06-17 08:29:55+05:30,2026-06-17 08:29:59+05:30
P-0003762,V-10,5,19.113579,72.869783,3.1,2026-06-17 08:30:17+05:30,2026-06-17 08:30:18+05:30
P-0003763,V-10,5,19.113508,72.869614,4.2,2026-06-17 08:30:37+05:30,2026-06-17 08:30:41+05:30
P-0003764,V-10,5,19.113659,72.869692,3.4,2026-06-17 08:30:59+05:30,2026-06-17 08:31:00+05:30
P-0003765,V-10,5,19.113566,72.869603,3.8,2026-06-17 08:31:19+05:30,2026-06-17 08:31:22+05:30
P-0003766,V-10,5,19.113562,72.869708,0.2,2026-06-17 08:31:41+05:30,2026-06-17 08:31:42+05:30
P-0003767,V-10,5,19.113708,72.869707,3.5,2026-06-17 08:32:01+05:30,2026-06-17 08:32:04+05:30
P-0003768,V-10,5,19.113501,72.869701,5.1,2026-06-17 08:32:18+05:30,2026-06-17 08:32:21+05:30
P-0003769,V-10,5,19.113643,72.869603,5.2,2026-06-17 08:32:35+05:30,2026-06-17 08:32:38+05:30
P-0003770,V-10,5,19.113568,72.869751,4.9,2026-06-17 08:32:54+05:30,2026-06-17 08:32:56+05:30
P-0003771,V-10,5,19.113531,72.869623,0.8,2026-06-17 08:33:13+05:30,2026-06-17 08:33:17+05:30
P-0003772,V-10,5,19.113515,72.869669,0.0,2026-06-17 08:33:31+05:30,2026-06-17 08:33:35+05:30
P-0003773,V-10,5,19.11355,72.86977,3.3,2026-06-17 08:33:53+05:30,2026-06-17 08:33:56+05:30
P-0003774,V-10,5,19.113646,72.86971,3.3,2026-06-17 08:34:11+05:30,2026-06-17 08:34:15+05:30
P-0003775,V-10,5,19.113552,72.869803,3.6,2026-06-17 08:34:32+05:30,2026-06-17 08:34:33+05:30
P-0003776,V-10,5,19.11357,72.869811,0.8,2026-06-17 08:34:50+05:30,2026-06-17 08:34:54+05:30
P-0003777,V-04,6,19.204293,72.852449,2.6,2026-06-17 06:40:00+05:30,2026-06-17 06:40:03+05:30
P-0003778,V-04,6,19.203418,72.852632,17.7,2026-06-17 06:40:17+05:30,2026-06-17 06:40:20+05:30
P-0003779,V-04,6,19.202374,72.852449,23.0,2026-06-17 06:40:40+05:30,2026-06-17 06:40:41+05:30
P-0003780,V-04,6,19.201383,72.852539,21.1,2026-06-17 06:41:03+05:30,2026-06-17 06:41:06+05:30
P-0003781,V-04,6,19.200635,72.852563,15.4,2026-06-17 06:41:21+05:30,2026-06-17 06:41:25+05:30
P-0003782,V-04,6,19.199738,72.852668,18.8,2026-06-17 06:41:42+05:30,2026-06-17 06:41:45+05:30
P-0003783,V-04,6,19.198888,72.852627,18.4,2026-06-17 06:42:01+05:30,2026-06-17 06:42:04+05:30
P-0003784,V-04,6,19.197858,72.852741,22.5,2026-06-17 06:42:23+05:30,2026-06-17 06:42:25+05:30
P-0003785,V-04,6,19.196914,72.852768,18.0,2026-06-17 06:42:41+05:30,2026-06-17 06:42:44+05:30
P-0003786,V-04,6,19.196118,72.85269,17.8,2026-06-17 06:43:01+05:30,2026-06-17 06:43:02+05:30
P-0003787,V-04,6,19.195236,72.852807,18.0,2026-06-17 06:43:22+05:30,2026-06-17 06:43:26+05:30
P-0003788,V-04,6,19.194207,72.85275,20.9,2026-06-17 06:43:45+05:30,2026-06-17 06:43:46+05:30
P-0003789,V-04,6,19.193431,72.852737,15.0,2026-06-17 06:44:02+05:30,2026-06-17 06:44:05+05:30
P-0003790,V-04,6,19.192628,72.852781,17.5,2026-06-17 06:44:19+05:30,2026-06-17 06:44:20+05:30
P-0003791,V-04,6,19.191642,72.852943,19.4,2026-06-17 06:44:38+05:30,2026-06-17 06:44:39+05:30
P-0003792,V-04,6,19.190776,72.852966,17.9,2026-06-17 06:45:00+05:30,2026-06-17 06:45:01+05:30
P-0003793,V-04,6,19.189795,72.852856,20.5,2026-06-17 06:45:23+05:30,2026-06-17 06:45:25+05:30
P-0003794,V-04,6,19.188899,72.852908,16.2,2026-06-17 06:45:41+05:30,2026-06-17 06:45:44+05:30
P-0003795,V-04,6,19.18823,72.852955,11.6,2026-06-17 06:45:58+05:30,2026-06-17 06:46:02+05:30
P-0003796,V-04,6,19.187316,72.853034,19.9,2026-06-17 06:46:15+05:30,2026-06-17 06:46:19+05:30
P-0003797,V-04,6,19.186499,72.852945,17.7,2026-06-17 06:46:35+05:30,2026-06-17 06:46:37+05:30
P-0003798,V-04,6,19.185562,72.852984,18.3,2026-06-17 06:46:56+05:30,2026-06-17 06:46:57+05:30
P-0003799,V-04,6,19.18447,72.85296,20.4,2026-06-17 06:47:19+05:30,2026-06-17 06:47:21+05:30
P-0003800,V-04,6,19.183628,72.853144,15.9,2026-06-17 06:47:39+05:30,2026-06-17 06:47:40+05:30
P-0003801,V-04,6,19.18268,72.853016,19.1,2026-06-17 06:48:00+05:30,2026-06-17 06:48:04+05:30
P-0003802,V-04,6,19.181846,72.852872,18.0,2026-06-17 06:48:22+05:30,2026-06-17 06:48:25+05:30
P-0003803,V-04,6,19.180998,72.852805,16.0,2026-06-17 06:48:42+05:30,2026-06-17 06:48:46+05:30
P-0003804,V-04,6,19.179957,72.852373,22.0,2026-06-17 06:49:05+05:30,2026-06-17 06:49:06+05:30
P-0003805,V-04,6,19.178991,72.852162,21.0,2026-06-17 06:49:25+05:30,2026-06-17 06:49:28+05:30
P-0003806,V-04,6,19.178315,72.85187,12.7,2026-06-17 06:49:43+05:30,2026-06-17 06:49:46+05:30
P-0003807,V-04,6,19.177361,72.851693,19.4,2026-06-17 06:50:05+05:30,2026-06-17 06:50:08+05:30
P-0003808,V-04,6,19.176514,72.851291,20.1,2026-06-17 06:50:22+05:30,2026-06-17 06:50:26+05:30
P-0003809,V-04,6,19.175664,72.851046,19.3,2026-06-17 06:50:41+05:30,2026-06-17 06:50:42+05:30
P-0003810,V-04,6,19.174858,72.851009,17.2,2026-06-17 06:51:00+05:30,2026-06-17 06:51:04+05:30
P-0003811,V-04,6,19.174297,72.85058,15.2,2026-06-17 06:51:17+05:30,2026-06-17 06:51:19+05:30
P-0003812,V-04,6,19.173463,72.850355,18.6,2026-06-17 06:51:34+05:30,2026-06-17 06:51:36+05:30
P-0003813,V-04,6,19.172509,72.850233,18.2,2026-06-17 06:51:56+05:30,2026-06-17 06:51:57+05:30
P-0003814,V-04,6,19.171636,72.849941,19.1,2026-06-17 06:52:18+05:30,2026-06-17 06:52:19+05:30
P-0003815,V-04,6,19.170887,72.849685,14.6,2026-06-17 06:52:36+05:30,2026-06-17 06:52:40+05:30
P-0003816,V-04,6,19.169932,72.849414,18.0,2026-06-17 06:52:57+05:30,2026-06-17 06:53:00+05:30
P-0003817,V-04,6,19.16912,72.849178,18.7,2026-06-17 06:53:16+05:30,2026-06-17 06:53:18+05:30
P-0003818,V-04,6,19.168064,72.848896,21.5,2026-06-17 06:53:39+05:30,2026-06-17 06:53:40+05:30
P-0003819,V-04,6,19.167209,72.848462,17.7,2026-06-17 06:54:00+05:30,2026-06-17 06:54:04+05:30
P-0003820,V-04,6,19.16648,72.848301,14.2,2026-06-17 06:54:17+05:30,2026-06-17 06:54:21+05:30
P-0003821,V-04,6,19.165437,72.848153,20.1,2026-06-17 06:54:39+05:30,2026-06-17 06:54:43+05:30
P-0003822,V-04,6,19.164732,72.847782,15.4,2026-06-17 06:54:57+05:30,2026-06-17 06:55:00+05:30
P-0003823,V-04,6,19.16401,72.847644,15.5,2026-06-17 06:55:15+05:30,2026-06-17 06:55:16+05:30
P-0003824,V-04,6,19.163058,72.847346,19.2,2026-06-17 06:55:34+05:30,2026-06-17 06:55:36+05:30
P-0003825,V-04,6,19.16225,72.847078,15.9,2026-06-17 06:55:55+05:30,2026-06-17 06:55:56+05:30
P-0003826,V-04,6,19.16154,72.846877,16.5,2026-06-17 06:56:13+05:30,2026-06-17 06:56:16+05:30
P-0003827,V-04,6,19.160455,72.84657,21.2,2026-06-17 06:56:36+05:30,2026-06-17 06:56:38+05:30
P-0003828,V-04,6,19.159702,72.846601,13.3,2026-06-17 06:56:54+05:30,2026-06-17 06:56:57+05:30
P-0003829,V-04,6,19.158736,72.846482,21.3,2026-06-17 06:57:13+05:30,2026-06-17 08:27:13+05:30
P-0003830,V-04,6,19.157941,72.846317,15.0,2026-06-17 06:57:35+05:30,2026-06-17 08:27:35+05:30
P-0003831,V-04,6,19.157204,72.84631,13.5,2026-06-17 06:57:52+05:30,2026-06-17 08:27:52+05:30
P-0003832,V-04,6,19.156206,72.846219,20.5,2026-06-17 06:58:12+05:30,2026-06-17 08:28:12+05:30
P-0003833,V-04,6,19.155429,72.846163,16.2,2026-06-17 06:58:30+05:30,2026-06-17 08:28:30+05:30
P-0003834,V-04,6,19.154454,72.846015,19.4,2026-06-17 06:58:52+05:30,2026-06-17 08:28:52+05:30
P-0003835,V-04,6,19.153468,72.846024,21.3,2026-06-17 06:59:15+05:30,2026-06-17 08:29:15+05:30
P-0003836,V-04,6,19.152435,72.84579,22.7,2026-06-17 06:59:38+05:30,2026-06-17 08:29:38+05:30
P-0003837,V-04,6,19.151506,72.845736,20.3,2026-06-17 06:59:58+05:30,2026-06-17 08:29:58+05:30
P-0003838,V-04,6,19.150389,72.845746,22.0,2026-06-17 07:00:20+05:30,2026-06-17 08:30:20+05:30
P-0003839,V-04,6,19.149454,72.845536,20.3,2026-06-17 07:00:43+05:30,2026-06-17 08:30:43+05:30
P-0003840,V-04,6,19.148642,72.845585,15.1,2026-06-17 07:01:04+05:30,2026-06-17 08:31:04+05:30
P-0003841,V-04,6,19.147658,72.845448,19.7,2026-06-17 07:01:24+05:30,2026-06-17 08:31:24+05:30
P-0003842,V-04,6,19.146839,72.84539,16.3,2026-06-17 07:01:42+05:30,2026-06-17 08:31:42+05:30
P-0003843,V-04,6,19.14598,72.845323,18.1,2026-06-17 07:02:00+05:30,2026-06-17 08:32:00+05:30
P-0003844,V-04,6,19.145312,72.845116,12.7,2026-06-17 07:02:17+05:30,2026-06-17 08:32:17+05:30
P-0003845,V-04,6,19.144487,72.845175,16.3,2026-06-17 07:02:34+05:30,2026-06-17 08:32:34+05:30
P-0003846,V-04,6,19.143719,72.844984,15.4,2026-06-17 07:02:52+05:30,2026-06-17 08:32:52+05:30
P-0003847,V-04,6,19.142872,72.844886,16.2,2026-06-17 07:03:10+05:30,2026-06-17 08:33:10+05:30
P-0003848,V-04,6,19.141946,72.844791,20.4,2026-06-17 07:03:31+05:30,2026-06-17 08:33:31+05:30
P-0003849,V-04,6,19.141078,72.844728,16.4,2026-06-17 07:03:51+05:30,2026-06-17 08:33:51+05:30
P-0003850,V-04,6,19.140259,72.844579,18.2,2026-06-17 07:04:11+05:30,2026-06-17 08:34:11+05:30
P-0003851,V-04,6,19.139343,72.844699,17.6,2026-06-17 07:04:32+05:30,2026-06-17 08:34:32+05:30
P-0003852,V-04,6,19.138609,72.844473,13.8,2026-06-17 07:04:49+05:30,2026-06-17 08:34:49+05:30
P-0003853,V-04,6,19.137654,72.844566,17.2,2026-06-17 07:05:07+05:30,2026-06-17 08:35:07+05:30
P-0003854,V-04,6,19.136652,72.844459,22.1,2026-06-17 07:05:29+05:30,2026-06-17 08:35:29+05:30
P-0003855,V-04,6,19.13594,72.844214,14.8,2026-06-17 07:05:49+05:30,2026-06-17 08:35:49+05:30
P-0003856,V-04,6,19.134913,72.844382,21.2,2026-06-17 07:06:09+05:30,2026-06-17 08:36:09+05:30
P-0003857,V-04,6,19.134098,72.844521,17.7,2026-06-17 07:06:27+05:30,2026-06-17 08:36:27+05:30
P-0003858,V-04,6,19.133315,72.84446,14.1,2026-06-17 07:06:48+05:30,2026-06-17 08:36:48+05:30
P-0003859,V-04,6,19.132395,72.84457,17.6,2026-06-17 07:07:08+05:30,2026-06-17 08:37:08+05:30
P-0003860,V-04,6,19.131323,72.844638,22.4,2026-06-17 07:07:29+05:30,2026-06-17 08:37:29+05:30
P-0003861,V-04,6,19.130372,72.844714,19.7,2026-06-17 07:07:51+05:30,2026-06-17 08:37:51+05:30
P-0003862,V-04,6,19.129618,72.844752,17.0,2026-06-17 07:08:09+05:30,2026-06-17 08:38:09+05:30
P-0003863,V-04,6,19.12888,72.84481,16.3,2026-06-17 07:08:27+05:30,2026-06-17 08:38:27+05:30
P-0003864,V-04,6,19.127741,72.844847,23.6,2026-06-17 07:08:48+05:30,2026-06-17 08:38:48+05:30
P-0003865,V-04,6,19.126986,72.844912,16.5,2026-06-17 07:09:08+05:30,2026-06-17 08:39:08+05:30
P-0003866,V-04,6,19.125852,72.844866,21.5,2026-06-17 07:09:31+05:30,2026-06-17 08:39:31+05:30
P-0003867,V-04,6,19.125048,72.84491,14.3,2026-06-17 07:09:49+05:30,2026-06-17 08:39:49+05:30
P-0003868,V-04,6,19.124268,72.845159,15.6,2026-06-17 07:10:07+05:30,2026-06-17 08:40:07+05:30
P-0003869,V-04,6,19.12351,72.845159,15.8,2026-06-17 07:10:25+05:30,2026-06-17 08:40:25+05:30
P-0003870,V-04,6,19.122409,72.845114,22.9,2026-06-17 07:10:48+05:30,2026-06-17 08:40:48+05:30
P-0003871,V-04,6,19.121606,72.845252,18.3,2026-06-17 07:11:06+05:30,2026-06-17 08:41:06+05:30
P-0003872,V-04,6,19.120823,72.845391,17.3,2026-06-17 07:11:23+05:30,2026-06-17 08:41:23+05:30
P-0003873,V-04,6,19.119912,72.845367,20.2,2026-06-17 07:11:44+05:30,2026-06-17 08:41:44+05:30
P-0003874,V-04,6,19.119084,72.845369,15.4,2026-06-17 07:12:04+05:30,2026-06-17 08:42:04+05:30
P-0003875,V-04,6,19.118043,72.845546,19.1,2026-06-17 07:12:25+05:30,2026-06-17 08:42:25+05:30
P-0003876,V-04,6,19.117357,72.845495,12.2,2026-06-17 07:12:45+05:30,2026-06-17 08:42:45+05:30
P-0003877,V-04,6,19.116177,72.845474,23.4,2026-06-17 07:13:08+05:30,2026-06-17 08:43:08+05:30
P-0003878,V-04,6,19.115381,72.845678,15.7,2026-06-17 07:13:29+05:30,2026-06-17 08:43:29+05:30
P-0003879,V-04,6,19.114536,72.845634,16.4,2026-06-17 07:13:46+05:30,2026-06-17 08:43:46+05:30
P-0003880,V-04,6,19.113712,72.845867,17.3,2026-06-17 07:14:06+05:30,2026-06-17 08:44:06+05:30
P-0003881,V-04,6,19.112894,72.84585,16.5,2026-06-17 07:14:25+05:30,2026-06-17 08:44:25+05:30
P-0003882,V-04,6,19.111988,72.845966,17.0,2026-06-17 07:14:42+05:30,2026-06-17 08:44:42+05:30
P-0003883,V-04,6,19.111194,72.845818,16.2,2026-06-17 07:15:01+05:30,2026-06-17 08:45:01+05:30
P-0003884,V-04,6,19.110295,72.845481,17.7,2026-06-17 07:15:22+05:30,2026-06-17 08:45:22+05:30
P-0003885,V-04,6,19.109505,72.845437,15.1,2026-06-17 07:15:39+05:30,2026-06-17 08:45:39+05:30
P-0003886,V-04,6,19.108708,72.845191,16.8,2026-06-17 07:15:58+05:30,2026-06-17 08:45:58+05:30
P-0003887,V-04,6,19.107703,72.845223,19.0,2026-06-17 07:16:18+05:30,2026-06-17 08:46:18+05:30
P-0003888,V-04,6,19.106926,72.845048,16.0,2026-06-17 07:16:36+05:30,2026-06-17 08:46:36+05:30
P-0003889,V-04,6,19.105964,72.844784,19.2,2026-06-17 07:16:58+05:30,2026-06-17 08:46:58+05:30
P-0003890,V-04,6,19.105061,72.844632,19.6,2026-06-17 07:17:18+05:30,2026-06-17 08:47:18+05:30
P-0003891,V-04,6,19.104256,72.844345,18.9,2026-06-17 07:17:40+05:30,2026-06-17 08:47:40+05:30
P-0003892,V-04,6,19.103358,72.844398,18.8,2026-06-17 07:17:57+05:30,2026-06-17 08:47:57+05:30
P-0003893,V-04,6,19.102558,72.844201,15.8,2026-06-17 07:18:17+05:30,2026-06-17 08:48:17+05:30
P-0003894,V-04,6,19.101593,72.843992,18.1,2026-06-17 07:18:38+05:30,2026-06-17 08:48:38+05:30
P-0003895,V-04,6,19.100593,72.843832,19.0,2026-06-17 07:19:01+05:30,2026-06-17 08:49:01+05:30
P-0003896,V-04,6,19.099704,72.843743,15.9,2026-06-17 07:19:19+05:30,2026-06-17 08:49:19+05:30
P-0003897,V-04,6,19.098792,72.843355,18.9,2026-06-17 07:19:41+05:30,2026-06-17 08:49:41+05:30
P-0003898,V-04,6,19.098093,72.843406,15.2,2026-06-17 07:19:58+05:30,2026-06-17 08:49:58+05:30
P-0003899,V-04,6,19.097304,72.843104,16.9,2026-06-17 07:20:15+05:30,2026-06-17 08:50:15+05:30
P-0003900,V-04,6,19.096516,72.842974,17.5,2026-06-17 07:20:36+05:30,2026-06-17 08:50:36+05:30
P-0003901,V-04,6,19.095334,72.842794,25.3,2026-06-17 07:20:58+05:30,2026-06-17 08:50:58+05:30
P-0003902,V-04,6,19.094338,72.842629,20.1,2026-06-17 07:21:21+05:30,2026-06-17 08:51:21+05:30
P-0003903,V-04,6,19.093556,72.842465,16.4,2026-06-17 07:21:42+05:30,2026-06-17 08:51:42+05:30
P-0003904,V-04,6,19.092407,72.842199,24.7,2026-06-17 07:22:05+05:30,2026-06-17 08:52:05+05:30
P-0003905,V-04,6,19.091472,72.842007,17.3,2026-06-17 07:22:28+05:30,2026-06-17 08:52:28+05:30
P-0003906,V-04,6,19.090793,72.841676,15.0,2026-06-17 07:22:45+05:30,2026-06-17 08:52:45+05:30
P-0003907,V-04,6,19.089646,72.841609,24.9,2026-06-17 07:23:08+05:30,2026-06-17 08:53:08+05:30
P-0003908,V-04,6,19.088736,72.841264,19.5,2026-06-17 07:23:31+05:30,2026-06-17 08:53:31+05:30
P-0003909,V-04,6,19.087944,72.840934,18.8,2026-06-17 07:23:50+05:30,2026-06-17 08:53:50+05:30
P-0003910,V-04,6,19.087118,72.840949,16.7,2026-06-17 07:24:07+05:30,2026-06-17 08:54:07+05:30
P-0003911,V-04,6,19.086134,72.84068,19.5,2026-06-17 07:24:29+05:30,2026-06-17 08:54:29+05:30
P-0003912,V-04,6,19.08524,72.840474,17.5,2026-06-17 07:24:50+05:30,2026-06-17 08:54:50+05:30
P-0003913,V-04,6,19.084221,72.840231,21.1,2026-06-17 07:25:13+05:30,2026-06-17 08:55:13+05:30
P-0003914,V-04,6,19.083349,72.839936,19.4,2026-06-17 07:25:33+05:30,2026-06-17 08:55:33+05:30
P-0003915,V-04,6,19.082594,72.839682,14.3,2026-06-17 07:25:54+05:30,2026-06-17 08:55:54+05:30
P-0003916,V-04,6,19.08169,72.839541,19.1,2026-06-17 07:26:11+05:30,2026-06-17 08:56:11+05:30
P-0003917,V-04,6,19.080938,72.839395,14.6,2026-06-17 07:26:30+05:30,2026-06-17 08:56:30+05:30
P-0003918,V-04,6,19.080074,72.838997,19.8,2026-06-17 07:26:48+05:30,2026-06-17 08:56:48+05:30
P-0003919,V-04,6,19.079404,72.838984,15.4,2026-06-17 07:27:08+05:30,2026-06-17 08:57:08+05:30
P-0003920,V-04,6,19.078511,72.838696,17.7,2026-06-17 07:27:25+05:30,2026-06-17 08:57:25+05:30
P-0003921,V-04,6,19.077915,72.838393,13.6,2026-06-17 07:27:42+05:30,2026-06-17 08:57:42+05:30
P-0003922,V-04,6,19.07708,72.83833,16.1,2026-06-17 07:28:02+05:30,2026-06-17 08:58:02+05:30
P-0003923,V-04,6,19.076277,72.838034,18.3,2026-06-17 07:28:20+05:30,2026-06-17 08:58:20+05:30
P-0003924,V-04,6,19.075456,72.837868,15.6,2026-06-17 07:28:38+05:30,2026-06-17 08:58:38+05:30
P-0003925,V-04,6,19.074471,72.83762,20.8,2026-06-17 07:29:00+05:30,2026-06-17 08:59:00+05:30
P-0003926,V-04,6,19.073674,72.837465,17.5,2026-06-17 07:29:20+05:30,2026-06-17 08:59:20+05:30
P-0003927,V-04,6,19.072901,72.837183,17.5,2026-06-17 07:29:37+05:30,2026-06-17 08:59:37+05:30
P-0003928,V-04,6,19.071809,72.837094,20.5,2026-06-17 07:29:59+05:30,2026-06-17 08:59:59+05:30
P-0003929,V-04,6,19.070985,72.836872,18.6,2026-06-17 07:30:17+05:30,2026-06-17 09:00:17+05:30
P-0003930,V-04,6,19.070246,72.836624,16.6,2026-06-17 07:30:38+05:30,2026-06-17 09:00:38+05:30
P-0003931,V-04,6,19.06937,72.836268,18.4,2026-06-17 07:30:58+05:30,2026-06-17 09:00:58+05:30
P-0003932,V-04,6,19.068511,72.836228,16.6,2026-06-17 07:31:17+05:30,2026-06-17 09:01:17+05:30
P-0003933,V-04,6,19.067627,72.835842,19.3,2026-06-17 07:31:39+05:30,2026-06-17 09:01:39+05:30
P-0003934,V-04,6,19.066433,72.835777,25.5,2026-06-17 07:32:02+05:30,2026-06-17 09:02:02+05:30
P-0003935,V-04,6,19.065643,72.835569,14.9,2026-06-17 07:32:21+05:30,2026-06-17 09:02:21+05:30
P-0003936,V-04,6,19.064928,72.83535,15.3,2026-06-17 07:32:39+05:30,2026-06-17 09:02:39+05:30
P-0003937,V-04,6,19.063984,72.83526,18.8,2026-06-17 07:32:59+05:30,2026-06-17 09:02:59+05:30
P-0003938,V-04,6,19.063011,72.835142,20.0,2026-06-17 07:33:21+05:30,2026-06-17 09:03:21+05:30
P-0003939,V-04,6,19.062021,72.834855,22.4,2026-06-17 07:33:44+05:30,2026-06-17 09:03:44+05:30
P-0003940,V-04,6,19.060976,72.834601,20.9,2026-06-17 07:34:06+05:30,2026-06-17 09:04:06+05:30
P-0003941,V-04,6,19.060325,72.834469,12.0,2026-06-17 07:34:24+05:30,2026-06-17 09:04:24+05:30
P-0003942,V-04,6,19.059378,72.834401,20.4,2026-06-17 07:34:41+05:30,2026-06-17 09:04:41+05:30
P-0003943,V-04,6,19.058642,72.834292,14.6,2026-06-17 07:34:58+05:30,2026-06-17 09:04:58+05:30
P-0003944,V-04,6,19.058057,72.834015,13.0,2026-06-17 07:35:15+05:30,2026-06-17 09:05:15+05:30
P-0003945,V-04,6,19.057077,72.833983,18.5,2026-06-17 07:35:35+05:30,2026-06-17 09:05:35+05:30
P-0003946,V-04,6,19.056439,72.833826,11.8,2026-06-17 07:35:52+05:30,2026-06-17 09:05:52+05:30
P-0003947,V-04,6,19.055673,72.833684,13.6,2026-06-17 07:36:09+05:30,2026-06-17 09:06:09+05:30
P-0003948,V-04,6,19.054863,72.833505,16.8,2026-06-17 07:36:27+05:30,2026-06-17 09:06:27+05:30
P-0003949,V-04,6,19.053999,72.833257,15.9,2026-06-17 07:36:46+05:30,2026-06-17 09:06:46+05:30
P-0003950,V-04,6,19.053112,72.833124,18.0,2026-06-17 07:37:08+05:30,2026-06-17 09:07:08+05:30
P-0003951,V-04,6,19.052242,72.833001,18.1,2026-06-17 07:37:26+05:30,2026-06-17 09:07:26+05:30
P-0003952,V-04,6,19.051148,72.832835,20.7,2026-06-17 07:37:48+05:30,2026-06-17 09:07:48+05:30
P-0003953,V-04,6,19.050278,72.832499,19.3,2026-06-17 07:38:09+05:30,2026-06-17 09:08:09+05:30
P-0003954,V-04,6,19.049627,72.832542,13.4,2026-06-17 07:38:27+05:30,2026-06-17 09:08:27+05:30
P-0003955,V-04,6,19.048659,72.83236,18.8,2026-06-17 07:38:48+05:30,2026-06-17 09:08:48+05:30
P-0003956,V-04,6,19.047845,72.832208,15.4,2026-06-17 07:39:06+05:30,2026-06-17 09:09:06+05:30
P-0003957,V-04,6,19.046909,72.832138,19.9,2026-06-17 07:39:26+05:30,2026-06-17 09:09:26+05:30
P-0003958,V-04,6,19.045902,72.832124,21.9,2026-06-17 07:39:47+05:30,2026-06-17 09:09:47+05:30
P-0003959,V-04,6,19.045214,72.832253,12.6,2026-06-17 07:40:04+05:30,2026-06-17 09:10:04+05:30
P-0003960,V-04,6,19.044416,72.832425,14.6,2026-06-17 07:40:24+05:30,2026-06-17 09:10:24+05:30
P-0003961,V-04,6,19.043364,72.832445,22.6,2026-06-17 07:40:44+05:30,2026-06-17 09:10:44+05:30
P-0003962,V-04,6,19.042675,72.832373,12.6,2026-06-17 07:41:02+05:30,2026-06-17 09:11:02+05:30
P-0003963,V-04,6,19.041641,72.832415,19.0,2026-06-17 07:41:25+05:30,2026-06-17 09:11:25+05:30
P-0003964,V-04,6,19.04079,72.832434,17.4,2026-06-17 07:41:43+05:30,2026-06-17 09:11:43+05:30
P-0003965,V-04,6,19.04003,72.832558,17.1,2026-06-17 07:42:01+05:30,2026-06-17 09:12:01+05:30
P-0003966,V-04,6,19.039033,72.832593,19.1,2026-06-17 07:42:24+05:30,2026-06-17 09:12:24+05:30
P-0003967,V-04,6,19.037998,72.832685,22.1,2026-06-17 07:42:45+05:30,2026-06-17 09:12:45+05:30
P-0003968,V-04,6,19.037336,72.832567,11.8,2026-06-17 07:43:02+05:30,2026-06-17 09:13:02+05:30
P-0003969,V-04,6,19.03625,72.832732,23.1,2026-06-17 07:43:23+05:30,2026-06-17 09:13:23+05:30
P-0003970,V-04,6,19.035233,72.83268,19.1,2026-06-17 07:43:45+05:30,2026-06-17 09:13:45+05:30
P-0003971,V-04,6,19.034661,72.832848,12.8,2026-06-17 07:44:02+05:30,2026-06-17 09:14:02+05:30
P-0003972,V-04,6,19.033588,72.832915,22.7,2026-06-17 07:44:25+05:30,2026-06-17 09:14:25+05:30
P-0003973,V-04,6,19.032523,72.83277,20.0,2026-06-17 07:44:46+05:30,2026-06-17 09:14:46+05:30
P-0003974,V-05,5,19.076047,73.00076,0.0,2026-06-17 06:50:00+05:30,2026-06-17 06:50:03+05:30
P-0003975,V-05,5,19.075802,72.99961,21.4,2026-06-17 06:50:18+05:30,2026-06-17 06:50:22+05:30
P-0003976,V-05,5,19.075462,72.998454,21.4,2026-06-17 06:50:38+05:30,2026-06-17 06:50:42+05:30
P-0003977,V-05,5,19.075136,72.997258,25.1,2026-06-17 06:50:59+05:30,2026-06-17 06:51:01+05:30
P-0003978,V-05,5,19.074967,72.996266,18.8,2026-06-17 06:51:16+05:30,2026-06-17 06:51:18+05:30
P-0003979,V-05,5,19.074512,72.994745,31.6,2026-06-17 06:51:38+05:30,2026-06-17 06:51:41+05:30
P-0003980,V-05,5,19.074187,72.993867,17.6,2026-06-17 06:51:55+05:30,2026-06-17 06:51:56+05:30
P-0003981,V-05,5,19.074063,72.992598,23.8,2026-06-17 06:52:13+05:30,2026-06-17 06:52:17+05:30
P-0003982,V-05,5,19.073757,72.991585,19.0,2026-06-17 06:52:31+05:30,2026-06-17 06:52:33+05:30
P-0003983,V-05,5,19.073525,72.990581,20.3,2026-06-17 06:52:49+05:30,2026-06-17 06:52:51+05:30
P-0003984,V-05,5,19.073276,72.989253,27.6,2026-06-17 06:53:08+05:30,2026-06-17 06:53:09+05:30
P-0003985,V-05,5,19.07275,72.988088,24.6,2026-06-17 06:53:28+05:30,2026-06-17 06:53:30+05:30
P-0003986,V-05,5,19.072527,72.986779,26.5,2026-06-17 06:53:51+05:30,2026-06-17 06:53:53+05:30
P-0003987,V-05,5,19.072255,72.985638,22.1,2026-06-17 06:54:11+05:30,2026-06-17 06:54:14+05:30
P-0003988,V-05,5,19.071915,72.984504,23.5,2026-06-17 06:54:28+05:30,2026-06-17 06:54:29+05:30
P-0003989,V-05,5,19.071762,72.983363,21.7,2026-06-17 06:54:47+05:30,2026-06-17 06:54:50+05:30
P-0003990,V-05,5,19.071353,72.982128,23.9,2026-06-17 06:55:08+05:30,2026-06-17 06:55:10+05:30
P-0003991,V-05,5,19.070968,72.980773,25.6,2026-06-17 06:55:30+05:30,2026-06-17 06:55:31+05:30
P-0003992,V-05,5,19.070677,72.979452,24.2,2026-06-17 06:55:51+05:30,2026-06-17 06:55:55+05:30
P-0003993,V-05,5,19.070404,72.978239,23.9,2026-06-17 06:56:12+05:30,2026-06-17 06:56:14+05:30
P-0003994,V-05,5,19.070051,72.97686,25.9,2026-06-17 06:56:35+05:30,2026-06-17 06:56:36+05:30
P-0003995,V-05,5,19.069419,72.975501,-3.8066931542406297,2026-06-17 06:56:58+05:30,2026-06-17 06:56:59+05:30
P-0003996,V-05,5,19.069004,72.97411,27.9,2026-06-17 06:57:21+05:30,2026-06-17 06:57:23+05:30
P-0003997,V-05,5,19.068575,72.973068,23.0,2026-06-17 06:57:39+05:30,2026-06-17 06:57:40+05:30
P-0003998,V-05,5,19.068172,72.971796,25.5,2026-06-17 06:57:59+05:30,2026-06-17 06:58:00+05:30
P-0003999,V-05,5,19.067738,72.970646,22.3,2026-06-17 06:58:20+05:30,2026-06-17 06:58:24+05:30
P-0004000,V-05,5,19.067281,72.969282,27.7,2026-06-17 06:58:43+05:30,2026-06-17 06:58:47+05:30
P-0004001,V-05,5,19.066887,72.967865,26.4,2026-06-17 06:59:04+05:30,2026-06-17 06:59:05+05:30
P-0004002,V-05,5,19.066602,72.966642,22.5,2026-06-17 06:59:26+05:30,2026-06-17 06:59:28+05:30
P-0004003,V-05,5,19.066151,72.965591,21.2,2026-06-17 06:59:43+05:30,2026-06-17 06:59:46+05:30
P-0004004,V-05,5,19.065734,72.964306,27.4,2026-06-17 07:00:04+05:30,2026-06-17 07:00:07+05:30
P-0004005,V-05,5,19.065305,72.963389,20.4,2026-06-17 07:00:23+05:30,2026-06-17 07:00:24+05:30
P-0004006,V-05,5,19.064984,72.961929,27.5,2026-06-17 07:00:46+05:30,2026-06-17 07:00:48+05:30
P-0004007,V-05,5,19.064418,72.960733,25.0,2026-06-17 07:01:08+05:30,2026-06-17 07:01:11+05:30
P-0004008,V-05,5,19.064162,72.959382,26.1,2026-06-17 07:01:29+05:30,2026-06-17 07:01:33+05:30
P-0004009,V-05,5,19.063778,72.958276,23.0,2026-06-17 07:01:49+05:30,2026-06-17 07:01:50+05:30
P-0004010,V-05,5,19.063302,72.957032,24.7,2026-06-17 07:02:09+05:30,2026-06-17 07:02:13+05:30
P-0004011,V-05,5,19.062858,72.955876,21.9,2026-06-17 07:02:30+05:30,2026-06-17 07:02:32+05:30
P-0004012,V-05,5,19.062476,72.954551,26.8,2026-06-17 07:02:52+05:30,2026-06-17 07:02:56+05:30
P-0004013,V-05,5,19.062001,72.953175,28.3,2026-06-17 07:03:13+05:30,2026-06-17 07:03:16+05:30
P-0004014,V-05,5,19.061555,72.952094,21.5,2026-06-17 07:03:32+05:30,2026-06-17 07:03:33+05:30
P-0004015,V-05,5,19.061175,72.950964,22.1,2026-06-17 07:03:52+05:30,2026-06-17 07:03:56+05:30
P-0004016,V-05,5,19.060823,72.949718,26.1,2026-06-17 07:04:11+05:30,2026-06-17 07:04:15+05:30
P-0004017,V-05,5,19.060418,72.948649,20.7,2026-06-17 07:04:31+05:30,2026-06-17 07:04:35+05:30
P-0004018,V-05,5,19.06008,72.947503,24.0,2026-06-17 07:04:51+05:30,2026-06-17 07:04:52+05:30
P-0004019,V-05,5,19.059688,72.946049,28.4,2026-06-17 07:05:13+05:30,2026-06-17 07:05:15+05:30
P-0004020,V-05,5,19.059387,72.94494,22.9,2026-06-17 07:05:30+05:30,2026-06-17 07:05:34+05:30
P-0004021,V-05,5,19.058936,72.943822,24.7,2026-06-17 07:05:51+05:30,2026-06-17 07:05:52+05:30
P-0004022,V-05,5,19.058727,72.942703,21.4,2026-06-17 07:06:08+05:30,2026-06-17 07:06:10+05:30
P-0004023,V-05,5,19.058429,72.941469,23.8,2026-06-17 07:06:31+05:30,2026-06-17 07:06:34+05:30
P-0004024,V-05,5,19.058113,72.940021,29.6,2026-06-17 07:06:53+05:30,2026-06-17 07:06:54+05:30
P-0004025,V-05,5,19.057777,72.938958,20.3,2026-06-17 07:07:12+05:30,2026-06-17 07:07:13+05:30
P-0004026,V-05,5,19.057355,72.937912,22.2,2026-06-17 07:07:29+05:30,2026-06-17 07:07:32+05:30
P-0004027,V-05,5,19.057111,72.936702,23.9,2026-06-17 07:07:49+05:30,2026-06-17 07:07:50+05:30
P-0004028,V-05,5,19.056635,72.935265,30.1,2026-06-17 07:08:12+05:30,2026-06-17 07:08:16+05:30
P-0004029,V-05,5,19.056441,72.933957,23.9,2026-06-17 07:08:32+05:30,2026-06-17 07:08:34+05:30
P-0004030,V-05,5,19.05621,72.932944,20.0,2026-06-17 07:08:49+05:30,2026-06-17 07:08:51+05:30
P-0004031,V-05,5,19.055776,72.931909,21.7,2026-06-17 07:09:07+05:30,2026-06-17 07:09:09+05:30
P-0004032,V-05,5,19.055611,72.930704,21.4,2026-06-17 07:09:27+05:30,2026-06-17 07:09:30+05:30
P-0004033,V-05,5,19.055067,72.929245,30.0,2026-06-17 07:09:50+05:30,2026-06-17 07:09:52+05:30
P-0004034,V-05,5,19.054888,72.928036,23.9,2026-06-17 07:10:13+05:30,2026-06-17 07:10:16+05:30
P-0004035,V-05,5,19.054516,72.926826,23.1,2026-06-17 07:10:30+05:30,2026-06-17 07:10:31+05:30
P-0004036,V-05,5,19.054275,72.92578,20.7,2026-06-17 07:10:50+05:30,2026-06-17 07:10:51+05:30
P-0004037,V-05,5,19.053835,72.924504,26.9,2026-06-17 07:11:09+05:30,2026-06-17 07:11:10+05:30
P-0004038,V-05,5,19.05356,72.923351,23.7,2026-06-17 07:11:30+05:30,2026-06-17 07:11:33+05:30
P-0004039,V-05,5,19.053334,72.922275,19.0,2026-06-17 07:11:48+05:30,2026-06-17 07:11:51+05:30
P-0004040,V-05,5,19.052856,72.920909,26.5,2026-06-17 07:12:10+05:30,2026-06-17 07:12:12+05:30
P-0004041,V-05,5,19.052433,72.919615,25.9,2026-06-17 07:12:31+05:30,2026-06-17 07:12:33+05:30
P-0004042,V-05,5,19.052013,72.918538,22.2,2026-06-17 07:12:51+05:30,2026-06-17 07:12:53+05:30
P-0004043,V-05,5,19.051694,72.917482,22.9,2026-06-17 07:13:08+05:30,2026-06-17 07:13:09+05:30
P-0004044,V-05,5,19.051154,72.915993,29.9,2026-06-17 07:13:31+05:30,2026-06-17 07:13:33+05:30
P-0004045,V-05,5,19.05088,72.91497,19.5,2026-06-17 07:13:50+05:30,2026-06-17 07:13:52+05:30
P-0004046,V-05,5,19.050355,72.913873,23.2,2026-06-17 07:14:09+05:30,2026-06-17 07:14:11+05:30
P-0004047,V-05,5,19.050033,72.912594,23.5,2026-06-17 07:14:30+05:30,2026-06-17 07:14:33+05:30
P-0004048,V-05,5,19.04944,72.9114,25.3,2026-06-17 07:14:52+05:30,2026-06-17 07:14:53+05:30
P-0004049,V-05,5,19.049202,72.910165,22.2,2026-06-17 07:15:11+05:30,2026-06-17 07:15:14+05:30
P-0004050,V-05,5,19.048758,72.908988,22.4,2026-06-17 07:15:29+05:30,2026-06-17 07:15:31+05:30
P-0004051,V-05,5,19.048293,72.907806,24.9,2026-06-17 07:15:51+05:30,2026-06-17 07:15:53+05:30
P-0004052,V-05,5,19.047925,72.906778,22.7,2026-06-17 07:16:08+05:30,2026-06-17 07:16:12+05:30
P-0004053,V-05,5,19.04766,72.905731,18.7,2026-06-17 07:16:25+05:30,2026-06-17 07:16:26+05:30
P-0004054,V-05,5,19.04711,72.904331,28.0,2026-06-17 07:16:48+05:30,2026-06-17 07:16:52+05:30
P-0004055,V-05,5,19.04681,72.903182,22.7,2026-06-17 07:17:07+05:30,2026-06-17 07:17:09+05:30
P-0004056,V-05,5,19.04642,72.902033,22.9,2026-06-17 07:17:28+05:30,2026-06-17 07:17:30+05:30
P-0004057,V-05,5,19.046066,72.900929,23.5,2026-06-17 07:17:45+05:30,2026-06-17 07:17:49+05:30
P-0004058,V-05,5,19.045656,72.899845,23.6,2026-06-17 07:18:04+05:30,2026-06-17 07:18:05+05:30
P-0004059,V-05,5,19.045218,72.898903,18.2,2026-06-17 07:18:21+05:30,2026-06-17 07:18:23+05:30
P-0004060,V-05,5,19.045013,72.897735,22.4,2026-06-17 07:18:42+05:30,2026-06-17 07:18:43+05:30
P-0004061,V-05,5,19.044348,72.896311,30.0,2026-06-17 07:19:05+05:30,2026-06-17 07:19:09+05:30
P-0004062,V-05,5,19.044046,72.895167,23.8,2026-06-17 07:19:25+05:30,2026-06-17 07:19:28+05:30
P-0004063,V-05,5,19.043652,72.893675,27.6,2026-06-17 07:19:48+05:30,2026-06-17 07:19:49+05:30
P-0004064,V-05,5,19.043319,72.892516,21.2,2026-06-17 07:20:08+05:30,2026-06-17 07:20:12+05:30
P-0004065,V-05,5,19.042952,72.891328,23.7,2026-06-17 07:20:28+05:30,2026-06-17 07:20:29+05:30
P-0004066,V-05,5,19.04252,72.890342,20.0,2026-06-17 07:20:46+05:30,2026-06-17 07:20:48+05:30
P-0004067,V-05,5,19.042216,72.889207,22.3,2026-06-17 07:21:05+05:30,2026-06-17 07:21:06+05:30
P-0004068,V-05,5,19.041775,72.888084,23.8,2026-06-17 07:21:24+05:30,2026-06-17 07:21:27+05:30
P-0004069,V-05,5,19.041523,72.887033,22.3,2026-06-17 07:21:41+05:30,2026-06-17 07:21:42+05:30
P-0004070,V-05,5,19.04104,72.885727,27.9,2026-06-17 07:22:03+05:30,2026-06-17 07:22:06+05:30
P-0004071,V-05,5,19.040729,72.884505,23.3,2026-06-17 07:22:22+05:30,2026-06-17 07:22:26+05:30
P-0004072,V-05,5,19.040434,72.883357,20.8,2026-06-17 07:22:40+05:30,2026-06-17 07:22:44+05:30
P-0004073,V-05,5,19.040053,72.882201,23.2,2026-06-17 07:23:00+05:30,2026-06-17 07:23:03+05:30
P-0004074,V-05,5,19.039697,72.880959,25.7,2026-06-17 07:23:22+05:30,2026-06-17 07:23:25+05:30
P-0004075,V-05,5,19.039258,72.879721,27.0,2026-06-17 07:23:41+05:30,2026-06-17 07:23:42+05:30
P-0004076,V-05,5,19.038947,72.87865,19.4,2026-06-17 07:24:00+05:30,2026-06-17 07:24:03+05:30
P-0004077,V-05,5,19.038532,72.877402,23.2,2026-06-17 07:24:23+05:30,2026-06-17 07:24:25+05:30
P-0004078,V-05,5,19.038175,72.876312,22.9,2026-06-17 07:24:41+05:30,2026-06-17 07:24:43+05:30
P-0004079,V-05,5,19.037743,72.874885,29.6,2026-06-17 07:25:04+05:30,2026-06-17 07:25:07+05:30
P-0004080,V-05,5,19.037577,72.873735,21.2,2026-06-17 07:25:22+05:30,2026-06-17 07:25:26+05:30
P-0004081,V-05,5,19.037002,72.872654,24.8,2026-06-17 07:25:42+05:30,2026-06-17 07:25:46+05:30
P-0004082,V-05,5,19.036622,72.871389,24.8,2026-06-17 07:26:02+05:30,2026-06-17 07:26:04+05:30
P-0004083,V-05,5,19.036429,72.869996,26.2,2026-06-17 07:26:24+05:30,2026-06-17 07:26:25+05:30
P-0004084,V-05,5,19.035908,72.869006,20.7,2026-06-17 07:26:42+05:30,2026-06-17 07:26:43+05:30
P-0004085,V-05,5,19.036045,72.869046,3.8,2026-06-17 07:27:04+05:30,2026-06-17 07:27:07+05:30
P-0004086,V-05,5,19.036076,72.868831,3.9,2026-06-17 07:27:22+05:30,2026-06-17 07:27:25+05:30
P-0004087,V-05,5,19.035939,72.868918,5.0,2026-06-17 07:27:40+05:30,2026-06-17 07:27:42+05:30
P-0004088,V-03,5,19.085924,72.908885,3.3,2026-06-17 07:20:00+05:30,2026-06-17 07:20:01+05:30
P-0004089,V-03,5,19.085979,72.908441,10.0,2026-06-17 07:20:23+05:30,2026-06-17 07:20:27+05:30
P-0004090,V-03,5,19.085955,72.90806,6.6,2026-06-17 07:20:41+05:30,2026-06-17 07:20:43+05:30
P-0004091,V-03,5,19.085823,72.90763,7.3,2026-06-17 07:21:02+05:30,2026-06-17 07:21:03+05:30
P-0004092,V-03,5,19.085867,72.90735,6.7,2026-06-17 07:21:25+05:30,2026-06-17 07:21:28+05:30
P-0004093,V-03,5,19.085695,72.906997,9.2,2026-06-17 07:21:45+05:30,2026-06-17 07:21:46+05:30
P-0004094,V-03,5,19.085807,72.906601,6.0,2026-06-17 07:22:06+05:30,2026-06-17 07:22:10+05:30
P-0004095,V-03,5,19.085666,72.906139,10.4,2026-06-17 07:22:23+05:30,2026-06-17 07:22:27+05:30
P-0004096,V-03,5,19.085516,72.90569,8.2,2026-06-17 07:22:46+05:30,2026-06-17 07:22:48+05:30
P-0004097,V-03,5,19.085458,72.905342,5.3,2026-06-17 07:23:04+05:30,2026-06-17 07:23:05+05:30
P-0004098,V-03,5,19.085435,72.905092,5.3,2026-06-17 07:23:21+05:30,2026-06-17 07:23:24+05:30
P-0004099,V-03,5,19.085532,72.904699,8.3,2026-06-17 07:23:44+05:30,2026-06-17 07:23:45+05:30
P-0004100,V-03,5,19.085411,72.904101,12.7,2026-06-17 07:24:05+05:30,2026-06-17 07:24:06+05:30
P-0004101,V-03,5,19.085253,72.903916,6.4,2026-06-17 07:24:25+05:30,2026-06-17 07:24:28+05:30
P-0004102,V-03,5,19.0854,72.903342,12.3,2026-06-17 07:24:48+05:30,2026-06-17 07:24:49+05:30
P-0004103,V-03,5,19.085338,72.902916,8.4,2026-06-17 07:25:07+05:30,2026-06-17 07:25:10+05:30
P-0004104,V-03,5,19.085141,72.902532,8.1,2026-06-17 07:25:27+05:30,2026-06-17 07:25:30+05:30
P-0004105,V-03,5,19.085027,72.902167,6.5,2026-06-17 07:25:50+05:30,2026-06-17 07:25:53+05:30
P-0004106,V-03,5,19.085181,72.901898,4.6,2026-06-17 07:26:08+05:30,2026-06-17 07:26:11+05:30
P-0004107,V-03,5,19.085067,72.901539,8.8,2026-06-17 07:26:27+05:30,2026-06-17 07:26:29+05:30
P-0004108,V-03,5,19.085033,72.90099,10.5,2026-06-17 07:26:47+05:30,2026-06-17 07:26:48+05:30
P-0004109,V-03,5,19.085051,72.900645,5.0,2026-06-17 07:27:05+05:30,2026-06-17 07:27:07+05:30
P-0004110,V-03,5,19.084935,72.900372,6.1,2026-06-17 07:27:28+05:30,2026-06-17 07:27:32+05:30
P-0004111,V-03,5,19.084967,72.899777,11.0,2026-06-17 07:27:50+05:30,2026-06-17 07:27:51+05:30
P-0004112,V-03,5,19.084712,72.899493,6.3,2026-06-17 07:28:10+05:30,2026-06-17 07:28:14+05:30
P-0004113,V-03,5,19.084641,72.899148,6.1,2026-06-17 07:28:31+05:30,2026-06-17 07:28:35+05:30
P-0004114,V-03,5,19.08454,72.898767,7.5,2026-06-17 07:28:52+05:30,2026-06-17 07:28:54+05:30
P-0004115,V-03,5,19.084195,72.898656,6.6,2026-06-17 07:29:11+05:30,2026-06-17 07:29:15+05:30
P-0004116,V-03,5,19.084032,72.898328,8.7,2026-06-17 07:29:29+05:30,2026-06-17 07:29:30+05:30
P-0004117,V-03,5,19.083648,72.897841,12.7,2026-06-17 07:29:52+05:30,2026-06-17 07:29:56+05:30
P-0004118,V-03,5,19.083619,72.897659,4.4,2026-06-17 07:30:09+05:30,2026-06-17 07:30:11+05:30
P-0004119,V-03,5,19.083309,72.897315,9.0,2026-06-17 07:30:30+05:30,2026-06-17 07:30:34+05:30
P-0004120,V-03,5,19.083117,72.897125,6.7,2026-06-17 07:30:49+05:30,2026-06-17 07:30:52+05:30
P-0004121,V-03,5,19.082662,72.896755,12.1,2026-06-17 07:31:11+05:30,2026-06-17 07:31:15+05:30
P-0004122,V-03,5,19.082542,72.896431,8.4,2026-06-17 07:31:31+05:30,2026-06-17 07:31:32+05:30
P-0004123,V-03,5,19.082349,72.896294,5.3,2026-06-17 07:31:53+05:30,2026-06-17 07:31:55+05:30
P-0004124,V-03,5,19.081928,72.895814,12.3,2026-06-17 07:32:14+05:30,2026-06-17 07:32:16+05:30
P-0004125,V-03,5,19.081698,72.895637,5.7,2026-06-17 07:32:35+05:30,2026-06-17 07:32:36+05:30
P-0004126,V-03,5,19.08139,72.89536,9.3,2026-06-17 07:32:57+05:30,2026-06-17 07:32:59+05:30
P-0004127,V-03,5,19.081265,72.894983,8.5,2026-06-17 07:33:14+05:30,2026-06-17 07:33:15+05:30
P-0004128,V-03,5,19.080879,72.8947,7.5,2026-06-17 07:33:36+05:30,2026-06-17 07:33:38+05:30
P-0004129,V-03,5,19.080681,72.894498,6.9,2026-06-17 07:33:54+05:30,2026-06-17 07:33:57+05:30
P-0004130,V-03,5,19.080592,72.89419,4.5,2026-06-17 07:34:14+05:30,2026-06-17 07:34:16+05:30
P-0004131,V-03,5,19.080259,72.893795,11.6,2026-06-17 07:34:37+05:30,2026-06-17 07:34:38+05:30
P-0004132,V-03,5,19.080072,72.893631,4.0,2026-06-17 07:34:57+05:30,2026-06-17 07:35:00+05:30
P-0004133,V-03,5,19.079877,72.893182,7.4,2026-06-17 07:35:16+05:30,2026-06-17 07:35:17+05:30
P-0004134,V-03,5,19.079626,72.893112,6.1,2026-06-17 07:35:34+05:30,2026-06-17 07:35:37+05:30
P-0004135,V-03,5,19.079306,72.892805,7.0,2026-06-17 07:35:53+05:30,2026-06-17 07:35:54+05:30
P-0004136,V-03,5,19.07906,72.892311,10.9,2026-06-17 07:36:16+05:30,2026-06-17 07:36:20+05:30
P-0004137,V-03,5,19.0789,72.892042,5.9,2026-06-17 07:36:34+05:30,2026-06-17 07:36:36+05:30
P-0004138,V-03,5,19.078544,72.891893,7.1,2026-06-17 07:36:55+05:30,2026-06-17 07:36:59+05:30
P-0004139,V-03,5,19.078309,72.891545,8.6,2026-06-17 07:37:12+05:30,2026-06-17 07:37:15+05:30
P-0004140,V-03,5,19.077987,72.891185,10.9,2026-06-17 07:37:34+05:30,2026-06-17 07:37:36+05:30
P-0004141,V-03,5,19.077812,72.891019,3.5,2026-06-17 07:37:54+05:30,2026-06-17 07:37:58+05:30
P-0004142,V-03,5,19.077796,72.890642,6.5,2026-06-17 07:38:11+05:30,2026-06-17 07:38:13+05:30
P-0004143,V-03,5,19.077519,72.890473,4.9,2026-06-17 07:38:29+05:30,2026-06-17 07:38:32+05:30
P-0004144,V-03,5,19.077441,72.890094,8.8,2026-06-17 07:38:51+05:30,2026-06-17 07:38:52+05:30
P-0004145,V-03,5,19.077201,72.8896,11.8,2026-06-17 07:39:13+05:30,2026-06-17 07:39:17+05:30
P-0004146,V-03,5,19.077018,72.889348,8.0,2026-06-17 07:39:35+05:30,2026-06-17 07:39:36+05:30
P-0004147,V-03,5,19.076908,72.888758,11.4,2026-06-17 07:39:58+05:30,2026-06-17 07:40:00+05:30
P-0004148,V-03,5,19.076763,72.888402,8.4,2026-06-17 07:40:21+05:30,2026-06-17 07:40:22+05:30
P-0004149,V-03,5,19.076607,72.888062,5.8,2026-06-17 07:40:39+05:30,2026-06-17 07:40:42+05:30
P-0004150,V-03,5,19.076361,72.887805,7.6,2026-06-17 07:40:58+05:30,2026-06-17 07:41:00+05:30
P-0004151,V-03,5,19.076177,72.887502,5.7,2026-06-17 07:41:18+05:30,2026-06-17 07:41:22+05:30
P-0004152,V-03,5,19.07596,72.88715,6.2,2026-06-17 07:41:39+05:30,2026-06-17 07:41:40+05:30
P-0004153,V-03,5,19.075914,72.886758,6.8,2026-06-17 07:41:56+05:30,2026-06-17 07:42:00+05:30
P-0004154,V-03,5,19.075601,72.886365,8.6,2026-06-17 07:42:16+05:30,2026-06-17 07:42:19+05:30
P-0004155,V-03,5,19.075554,72.886127,4.6,2026-06-17 07:42:33+05:30,2026-06-17 07:42:35+05:30
P-0004156,V-03,5,19.075451,72.885815,4.9,2026-06-17 07:42:56+05:30,2026-06-17 07:42:57+05:30
P-0004157,V-03,5,19.075135,72.885407,8.3,2026-06-17 07:43:17+05:30,2026-06-17 07:43:20+05:30
P-0004158,V-03,5,19.075033,72.885094,7.9,2026-06-17 07:43:34+05:30,2026-06-17 07:43:37+05:30
P-0004159,V-03,5,19.074796,72.884902,7.6,2026-06-17 07:43:54+05:30,2026-06-17 07:43:56+05:30
P-0004160,V-03,5,19.074646,72.884444,10.8,2026-06-17 07:44:15+05:30,2026-06-17 07:44:17+05:30
P-0004161,V-03,5,19.074468,72.884195,5.0,2026-06-17 07:44:33+05:30,2026-06-17 07:44:34+05:30
P-0004162,V-03,5,19.07418,72.883848,8.9,2026-06-17 07:44:51+05:30,2026-06-17 07:44:52+05:30
P-0004163,V-03,5,19.073913,72.883534,9.2,2026-06-17 07:45:11+05:30,2026-06-17 07:45:13+05:30
P-0004164,V-03,5,19.073811,72.88329,5.9,2026-06-17 07:45:31+05:30,2026-06-17 07:45:34+05:30
P-0004165,V-03,5,19.073689,72.882836,9.6,2026-06-17 07:45:52+05:30,2026-06-17 07:45:55+05:30
P-0004166,V-03,5,19.073313,72.882667,7.2,2026-06-17 07:46:12+05:30,2026-06-17 07:46:14+05:30
P-0004167,V-03,5,19.073245,72.882351,7.2,2026-06-17 07:46:30+05:30,2026-06-17 07:46:34+05:30
P-0004168,V-03,5,19.073035,72.882077,7.8,2026-06-17 07:46:47+05:30,2026-06-17 07:46:51+05:30
P-0004169,V-03,5,19.072949,72.881833,3.1,2026-06-17 07:47:04+05:30,2026-06-17 07:47:08+05:30
P-0004170,V-03,5,19.072727,72.881407,9.3,2026-06-17 07:47:22+05:30,2026-06-17 07:47:26+05:30
P-0004171,V-03,5,19.072398,72.881067,8.5,2026-06-17 07:47:43+05:30,2026-06-17 07:47:46+05:30
P-0004172,V-03,5,19.072213,72.880811,7.6,2026-06-17 07:48:04+05:30,2026-06-17 07:48:06+05:30
P-0004173,V-03,5,19.071976,72.880592,6.6,2026-06-17 07:48:21+05:30,2026-06-17 07:48:24+05:30
P-0004174,V-03,5,19.071924,72.880199,8.9,2026-06-17 07:48:43+05:30,2026-06-17 07:48:45+05:30
P-0004175,V-03,5,19.071696,72.879994,7.8,2026-06-17 07:49:01+05:30,2026-06-17 07:49:03+05:30
P-0004176,V-03,5,19.071518,72.879624,8.3,2026-06-17 07:49:21+05:30,2026-06-17 07:49:25+05:30
P-0004177,V-03,5,19.071277,72.879292,9.0,2026-06-17 07:49:42+05:30,2026-06-17 07:49:46+05:30
P-0004178,V-03,5,19.071125,72.878803,9.4,2026-06-17 07:50:03+05:30,2026-06-17 07:50:06+05:30
P-0004179,V-03,5,19.07099,72.878615,4.0,2026-06-17 07:50:21+05:30,2026-06-17 07:50:24+05:30
P-0004180,V-03,5,19.07076,72.878217,8.7,2026-06-17 07:50:40+05:30,2026-06-17 07:50:43+05:30
P-0004181,V-03,5,19.070459,72.877836,10.6,2026-06-17 07:51:02+05:30,2026-06-17 07:51:05+05:30
P-0004182,V-03,5,19.070355,72.877579,4.1,2026-06-17 07:51:21+05:30,2026-06-17 07:51:24+05:30
P-0004183,V-03,5,19.070226,72.877264,4.8,2026-06-17 07:51:43+05:30,2026-06-17 07:51:46+05:30
P-0004184,V-03,5,19.069919,72.876766,10.2,2026-06-17 07:52:06+05:30,2026-06-17 07:52:07+05:30
P-0004185,V-03,5,19.069899,72.876526,3.3,2026-06-17 07:52:24+05:30,2026-06-17 07:52:25+05:30
P-0004186,V-03,5,19.069541,72.876113,10.1,2026-06-17 07:52:43+05:30,2026-06-17 07:52:44+05:30
P-0004187,V-03,5,19.069393,72.8758,6.4,2026-06-17 07:53:00+05:30,2026-06-17 07:53:04+05:30
P-0004188,V-03,5,19.069244,72.875623,6.1,2026-06-17 07:53:21+05:30,2026-06-17 07:53:24+05:30
P-0004189,V-03,5,19.069179,72.875141,9.2,2026-06-17 07:53:44+05:30,2026-06-17 07:53:46+05:30
P-0004190,V-03,5,19.068911,72.874675,10.8,2026-06-17 07:54:06+05:30,2026-06-17 07:54:08+05:30
P-0004191,V-03,5,19.068741,72.874445,4.0,2026-06-17 07:54:25+05:30,2026-06-17 07:54:29+05:30
P-0004192,V-03,5,19.068554,72.874193,5.4,2026-06-17 07:54:42+05:30,2026-06-17 07:54:45+05:30
P-0004193,V-03,5,19.068431,72.873684,9.5,2026-06-17 07:55:05+05:30,2026-06-17 07:55:06+05:30
P-0004194,V-03,5,19.068359,72.873306,8.0,2026-06-17 07:55:23+05:30,2026-06-17 07:55:25+05:30
P-0004195,V-03,5,19.068214,72.872965,5.7,2026-06-17 07:55:45+05:30,2026-06-17 07:55:46+05:30
P-0004196,V-03,5,19.068025,72.87259,7.0,2026-06-17 07:56:05+05:30,2026-06-17 07:56:09+05:30
P-0004197,V-03,5,19.06795,72.872358,4.2,2026-06-17 07:56:22+05:30,2026-06-17 07:56:24+05:30
P-0004198,V-03,5,19.067637,72.872129,6.4,2026-06-17 07:56:41+05:30,2026-06-17 07:56:45+05:30
P-0004199,V-03,5,19.067507,72.871639,9.9,2026-06-17 07:57:04+05:30,2026-06-17 07:57:05+05:30
P-0004200,V-03,5,19.067265,72.871367,7.0,2026-06-17 07:57:25+05:30,2026-06-17 07:57:28+05:30
P-0004201,V-03,5,19.067214,72.87111,4.4,2026-06-17 07:57:42+05:30,2026-06-17 07:57:45+05:30
P-0004202,V-03,5,19.067044,72.870678,8.9,2026-06-17 07:58:02+05:30,2026-06-17 07:58:05+05:30
P-0004203,V-03,5,19.066801,72.870334,6.7,2026-06-17 07:58:24+05:30,2026-06-17 07:58:28+05:30
P-0004204,V-03,5,19.066659,72.869846,11.3,2026-06-17 07:58:45+05:30,2026-06-17 07:58:49+05:30
P-0004205,V-03,5,19.066388,72.869674,6.1,2026-06-17 07:59:02+05:30,2026-06-17 07:59:04+05:30
P-0004206,V-03,5,19.066477,72.869307,8.3,2026-06-17 07:59:19+05:30,2026-06-17 07:59:21+05:30
P-0004207,V-03,5,19.06615,72.86894,10.8,2026-06-17 07:59:41+05:30,2026-06-17 07:59:45+05:30
P-0004208,V-03,5,19.066123,72.868941,0.1,2026-06-17 08:00:02+05:30,2026-06-17 08:00:05+05:30
P-0004209,V-03,5,19.066155,72.869008,0.1,2026-06-17 08:00:23+05:30,2026-06-17 08:00:24+05:30
P-0004210,V-03,5,19.066192,72.869055,0.9,2026-06-17 08:00:44+05:30,2026-06-17 08:00:47+05:30
P-0004211,V-03,5,19.066129,72.869059,0.4,2026-06-17 08:01:01+05:30,2026-06-17 08:01:03+05:30
P-0004212,V-03,5,19.066214,72.868959,4.5,2026-06-17 08:01:18+05:30,2026-06-17 08:01:19+05:30
P-0004213,V-03,5,19.066216,72.86897,2.0,2026-06-17 08:01:38+05:30,2026-06-17 08:01:41+05:30
P-0004214,V-03,5,19.066252,72.868936,1.3,2026-06-17 08:02:00+05:30,2026-06-17 08:02:01+05:30
P-0004215,V-03,5,19.06617,72.868918,2.0,2026-06-17 08:02:21+05:30,2026-06-17 08:02:25+05:30
P-0004216,V-03,5,19.066158,72.868942,0.3,2026-06-17 08:02:40+05:30,2026-06-17 08:02:43+05:30
P-0004217,V-03,5,19.066101,72.868923,0.6,2026-06-17 08:02:57+05:30,2026-06-17 08:02:59+05:30
P-0004218,V-03,5,19.066102,72.869065,3.1,2026-06-17 08:03:19+05:30,2026-06-17 08:03:20+05:30
P-0004219,V-03,5,19.066092,72.869104,1.5,2026-06-17 08:03:36+05:30,2026-06-17 08:03:39+05:30
P-0004220,V-03,5,19.066135,72.868946,4.1,2026-06-17 08:03:57+05:30,2026-06-17 08:04:01+05:30
P-0004221,V-03,5,19.066268,72.86892,1.5,2026-06-17 08:04:17+05:30,2026-06-17 08:04:21+05:30
P-0004222,V-03,5,19.06615,72.869039,3.8,2026-06-17 08:04:40+05:30,2026-06-17 08:04:43+05:30
P-0004223,V-03,5,19.066231,72.869019,0.3,2026-06-17 08:04:59+05:30,2026-06-17 08:05:00+05:30
P-0004224,V-03,5,19.0662,72.869039,2.5,2026-06-17 08:05:22+05:30,2026-06-17 08:05:25+05:30
P-0004225,V-03,5,19.066082,72.8691,4.0,2026-06-17 08:05:40+05:30,2026-06-17 08:05:44+05:30
P-0004226,V-03,5,19.066124,72.869063,0.1,2026-06-17 08:05:58+05:30,2026-06-17 08:06:00+05:30
P-0004227,V-03,5,19.066237,72.868928,2.9,2026-06-17 08:06:19+05:30,2026-06-17 08:06:22+05:30
P-0004228,V-03,5,19.066183,72.868894,0.6,2026-06-17 08:06:38+05:30,2026-06-17 08:06:42+05:30
P-0004229,V-03,5,19.066144,72.868893,1.8,2026-06-17 08:06:59+05:30,2026-06-17 08:07:03+05:30
P-0004230,V-03,5,19.066237,72.869056,3.2,2026-06-17 08:07:17+05:30,2026-06-17 08:07:21+05:30
P-0004231,V-03,5,19.06629,72.86901,2.8,2026-06-17 08:07:38+05:30,2026-06-17 08:07:40+05:30
P-0004232,V-03,5,19.06609,72.869009,2.9,2026-06-17 08:07:56+05:30,2026-06-17 08:07:58+05:30
P-0004233,V-03,5,19.066121,72.868956,2.2,2026-06-17 08:08:18+05:30,2026-06-17 08:08:21+05:30
P-0004234,V-03,5,19.066303,72.868958,5.4,2026-06-17 08:08:41+05:30,2026-06-17 08:08:42+05:30
P-0004235,V-03,5,19.066136,72.869099,6.2,2026-06-17 08:09:04+05:30,2026-06-17 08:09:07+05:30
P-0004236,V-03,5,19.066206,72.868951,1.6,2026-06-17 08:09:24+05:30,2026-06-17 08:09:26+05:30
P-0004237,V-03,5,19.066318,72.868925,4.2,2026-06-17 08:09:45+05:30,2026-06-17 08:09:48+05:30
P-0004238,V-03,5,19.066189,72.86909,4.5,2026-06-17 08:10:06+05:30,2026-06-17 08:10:09+05:30
P-0004239,V-03,5,19.066265,72.869076,1.3,2026-06-17 08:10:26+05:30,2026-06-17 08:10:27+05:30
P-0004240,V-03,5,19.066242,72.869083,2.1,2026-06-17 08:10:49+05:30,2026-06-17 08:10:52+05:30
P-0004241,V-03,5,19.066168,72.869053,2.3,2026-06-17 08:11:10+05:30,2026-06-17 08:11:11+05:30
P-0004242,V-03,5,19.066246,72.868941,1.1,2026-06-17 08:11:27+05:30,2026-06-17 08:11:31+05:30
P-0004243,V-03,5,19.066211,72.868933,0.5,2026-06-17 08:11:46+05:30,2026-06-17 08:11:47+05:30
P-0004244,V-03,5,19.066081,72.868902,3.1,2026-06-17 08:12:05+05:30,2026-06-17 08:12:08+05:30
P-0004245,V-03,5,19.066103,72.868883,2.2,2026-06-17 08:12:24+05:30,2026-06-17 08:12:28+05:30
P-0004246,V-03,5,19.066214,72.869029,2.3,2026-06-17 08:12:45+05:30,2026-06-17 08:12:46+05:30
P-0004247,V-03,5,19.066252,72.86896,0.0,2026-06-17 08:13:06+05:30,2026-06-17 08:13:07+05:30
P-0004248,V-03,5,19.066103,72.868982,4.8,2026-06-17 08:13:26+05:30,2026-06-17 08:13:27+05:30
P-0004249,V-03,5,19.06625,72.869003,2.8,2026-06-17 08:13:44+05:30,2026-06-17 08:13:48+05:30
P-0004250,V-03,5,19.066251,72.869088,1.9,2026-06-17 08:14:01+05:30,2026-06-17 08:14:04+05:30
P-0004251,V-03,5,19.066121,72.869049,4.5,2026-06-17 08:14:24+05:30,2026-06-17 08:14:26+05:30
P-0004252,V-03,5,19.06626,72.868983,4.9,2026-06-17 08:14:45+05:30,2026-06-17 08:14:47+05:30
P-0004253,V-03,5,19.066236,72.868942,2.1,2026-06-17 08:15:05+05:30,2026-06-17 08:15:07+05:30
P-0004254,V-03,5,19.066157,72.868908,0.2,2026-06-17 08:15:25+05:30,2026-06-17 08:15:26+05:30
P-0004255,V-03,5,19.066219,72.869045,3.7,2026-06-17 08:15:45+05:30,2026-06-17 08:15:47+05:30
P-0004256,V-03,5,19.066147,72.869118,3.6,2026-06-17 08:16:05+05:30,2026-06-17 08:16:08+05:30
P-0004257,V-03,5,19.066086,72.868928,2.8,2026-06-17 08:16:22+05:30,2026-06-17 08:16:26+05:30
P-0004258,V-03,5,19.066308,72.869054,5.0,2026-06-17 08:16:42+05:30,2026-06-17 08:16:43+05:30
P-0004259,V-03,5,19.066093,72.869111,5.4,2026-06-17 08:17:00+05:30,2026-06-17 08:17:01+05:30
P-0004260,V-03,5,19.066229,72.869043,2.9,2026-06-17 08:17:22+05:30,2026-06-17 08:17:24+05:30
P-0004261,V-03,5,19.066267,72.869046,1.8,2026-06-17 08:17:39+05:30,2026-06-17 08:17:41+05:30
P-0004262,V-03,5,19.066214,72.868938,2.9,2026-06-17 08:18:00+05:30,2026-06-17 08:18:04+05:30
P-0004263,V-03,5,19.066292,72.869115,4.1,2026-06-17 08:18:19+05:30,2026-06-17 08:18:23+05:30
P-0004264,V-03,5,19.066094,72.869031,6.1,2026-06-17 08:18:40+05:30,2026-06-17 08:18:41+05:30
P-0004265,V-03,5,19.06625,72.869056,4.4,2026-06-17 08:19:03+05:30,2026-06-17 08:19:06+05:30
P-0004266,V-03,5,19.06608,72.868993,4.0,2026-06-17 08:19:24+05:30,2026-06-17 08:19:28+05:30
P-0004267,V-03,5,19.066127,72.868895,2.3,2026-06-17 08:19:47+05:30,2026-06-17 08:19:50+05:30
P-0004268,V-03,5,19.066282,72.868941,2.8,2026-06-17 08:20:10+05:30,2026-06-17 08:20:13+05:30
P-0004269,V-03,5,19.066098,72.868921,3.2,2026-06-17 08:20:27+05:30,2026-06-17 08:20:30+05:30
P-0004270,V-03,5,19.066197,72.869081,4.6,2026-06-17 08:20:46+05:30,2026-06-17 08:20:47+05:30
P-0004271,V-03,5,19.066258,72.869055,3.1,2026-06-17 08:21:04+05:30,2026-06-17 08:21:06+05:30
P-0004272,V-03,5,19.06614,72.869046,3.4,2026-06-17 08:21:21+05:30,2026-06-17 08:21:25+05:30
P-0004273,V-03,5,19.066125,72.868968,0.0,2026-06-17 08:21:39+05:30,2026-06-17 08:21:40+05:30
P-0004274,V-03,5,19.066227,72.86894,2.1,2026-06-17 08:21:57+05:30,2026-06-17 08:22:01+05:30
P-0004275,V-03,5,19.066238,72.868951,1.2,2026-06-17 08:22:18+05:30,2026-06-17 08:22:22+05:30
P-0004276,V-03,5,19.066202,72.868984,1.3,2026-06-17 08:22:35+05:30,2026-06-17 08:22:36+05:30
P-0004277,V-03,5,19.066101,72.868971,1.7,2026-06-17 08:22:53+05:30,2026-06-17 08:22:56+05:30
P-0004278,V-03,5,19.066172,72.869071,3.8,2026-06-17 08:23:16+05:30,2026-06-17 08:23:20+05:30
P-0004279,V-03,5,19.066104,72.868936,3.9,2026-06-17 08:23:35+05:30,2026-06-17 08:23:36+05:30
P-0004280,V-03,5,19.066164,72.868909,1.7,2026-06-17 08:23:58+05:30,2026-06-17 08:24:02+05:30
P-0004281,V-03,5,19.066289,72.86888,1.7,2026-06-17 08:24:20+05:30,2026-06-17 08:24:21+05:30
P-0004282,V-03,5,19.066319,72.869018,3.4,2026-06-17 08:24:38+05:30,2026-06-17 08:24:41+05:30
P-0004283,V-03,5,19.06621,72.868916,1.6,2026-06-17 08:24:56+05:30,2026-06-17 08:24:58+05:30
P-0004284,V-09,7,19.085889,72.908954,2.7,2026-06-17 07:32:00+05:30,2026-06-17 07:32:02+05:30
P-0004285,V-09,7,19.086039,72.908534,6.8,2026-06-17 07:32:20+05:30,2026-06-17 07:32:21+05:30
P-0004286,V-09,7,19.085843,72.908265,7.7,2026-06-17 07:32:43+05:30,2026-06-17 07:32:44+05:30
P-0004287,V-09,7,19.085805,72.907726,11.7,2026-06-17 07:33:04+05:30,2026-06-17 07:33:05+05:30
P-0004288,V-09,7,19.085914,72.907434,4.4,2026-06-17 07:33:22+05:30,2026-06-17 07:33:26+05:30
P-0004289,V-09,7,19.08567,72.907187,5.5,2026-06-17 07:33:41+05:30,2026-06-17 07:33:42+05:30
P-0004290,V-09,7,19.085667,72.906738,7.2,2026-06-17 07:33:58+05:30,2026-06-17 07:34:01+05:30
P-0004291,V-09,7,19.085767,72.906565,2.0,2026-06-17 07:34:19+05:30,2026-06-17 07:34:23+05:30
P-0004292,V-09,7,19.085596,72.906034,8.6,2026-06-17 07:34:40+05:30,2026-06-17 07:34:42+05:30
P-0004293,V-09,7,19.085508,72.905892,2.5,2026-06-17 07:34:59+05:30,2026-06-17 07:35:02+05:30
P-0004294,V-09,7,19.0856,72.90552,9.2,2026-06-17 07:35:21+05:30,2026-06-17 07:35:24+05:30
P-0004295,V-09,7,19.085601,72.905165,8.3,2026-06-17 07:35:41+05:30,2026-06-17 07:35:45+05:30
P-0004296,V-09,7,19.085371,72.904704,9.2,2026-06-17 07:35:59+05:30,2026-06-17 07:36:01+05:30
P-0004297,V-09,7,19.085518,72.904424,5.3,2026-06-17 07:36:19+05:30,2026-06-17 07:36:21+05:30
P-0004298,V-09,7,19.085314,72.904091,8.1,2026-06-17 07:36:40+05:30,2026-06-17 07:36:44+05:30
P-0004299,V-09,7,19.085238,72.90367,8.4,2026-06-17 07:37:03+05:30,2026-06-17 07:37:07+05:30
P-0004300,V-09,7,19.085179,72.90334,7.0,2026-06-17 07:37:24+05:30,2026-06-17 07:37:25+05:30
P-0004301,V-09,7,19.085343,72.902959,9.4,2026-06-17 07:37:43+05:30,2026-06-17 07:37:47+05:30
P-0004302,V-09,7,19.085237,72.902601,7.3,2026-06-17 07:38:04+05:30,2026-06-17 07:38:05+05:30
P-0004303,V-09,7,19.085187,72.90223,9.0,2026-06-17 07:38:27+05:30,2026-06-17 07:38:31+05:30
P-0004304,V-09,7,19.085041,72.901771,8.9,2026-06-17 07:38:46+05:30,2026-06-17 07:38:48+05:30
P-0004305,V-09,7,19.085079,72.901517,5.3,2026-06-17 07:39:09+05:30,2026-06-17 07:39:13+05:30
P-0004306,V-09,7,19.084969,72.900983,9.8,2026-06-17 07:39:28+05:30,2026-06-17 07:39:30+05:30
P-0004307,V-09,7,19.084979,72.900628,5.6,2026-06-17 07:39:49+05:30,2026-06-17 07:39:50+05:30
P-0004308,V-09,7,19.084999,72.900388,4.4,2026-06-17 07:40:10+05:30,2026-06-17 07:40:14+05:30
P-0004309,V-09,7,19.084834,72.900074,5.5,2026-06-17 07:40:32+05:30,2026-06-17 07:40:33+05:30
P-0004310,V-09,7,19.084758,72.899667,9.0,2026-06-17 07:40:49+05:30,2026-06-17 07:40:52+05:30
P-0004311,V-09,7,19.08479,72.899439,3.6,2026-06-17 07:41:07+05:30,2026-06-17 07:41:09+05:30
P-0004312,V-09,7,19.084743,72.899171,3.4,2026-06-17 07:41:26+05:30,2026-06-17 07:41:27+05:30
P-0004313,V-09,7,19.084484,72.898823,8.6,2026-06-17 07:41:46+05:30,2026-06-17 07:41:48+05:30
P-0004314,V-09,7,19.084161,72.89845,11.3,2026-06-17 07:42:05+05:30,2026-06-17 07:42:08+05:30
P-0004315,V-09,7,19.084058,72.898317,3.6,2026-06-17 07:42:22+05:30,2026-06-17 07:42:23+05:30
P-0004316,V-09,7,19.083838,72.89803,8.0,2026-06-17 07:42:42+05:30,2026-06-17 07:42:44+05:30
P-0004317,V-09,7,19.083669,72.897807,5.0,2026-06-17 07:43:00+05:30,2026-06-17 07:43:02+05:30
P-0004318,V-09,7,19.083483,72.897541,5.6,2026-06-17 07:43:19+05:30,2026-06-17 07:43:20+05:30
P-0004319,V-09,7,19.083135,72.897273,7.1,2026-06-17 07:43:41+05:30,2026-06-17 07:43:45+05:30
P-0004320,V-09,7,19.08307,72.897066,3.4,2026-06-17 07:43:58+05:30,2026-06-17 07:43:59+05:30
P-0004321,V-09,7,19.082759,72.896879,9.1,2026-06-17 07:44:18+05:30,2026-06-17 07:44:19+05:30
P-0004322,V-09,7,19.082592,72.896587,6.6,2026-06-17 07:44:38+05:30,2026-06-17 07:44:41+05:30
P-0004323,V-09,7,19.082351,72.896286,8.2,2026-06-17 07:44:55+05:30,2026-06-17 07:44:59+05:30
P-0004324,V-09,7,19.082188,72.896092,3.2,2026-06-17 07:45:15+05:30,2026-06-17 07:45:16+05:30
P-0004325,V-09,7,19.08183,72.895743,10.9,2026-06-17 07:45:35+05:30,2026-06-17 07:45:37+05:30
P-0004326,V-09,7,19.081708,72.895617,3.4,2026-06-17 07:45:57+05:30,2026-06-17 07:45:59+05:30
P-0004327,V-09,7,19.08151,72.895196,10.0,2026-06-17 07:46:16+05:30,2026-06-17 07:46:18+05:30
P-0004328,V-09,7,19.081202,72.89489,6.7,2026-06-17 07:46:39+05:30,2026-06-17 07:46:43+05:30
P-0004329,V-09,7,19.080901,72.894649,6.4,2026-06-17 07:47:00+05:30,2026-06-17 07:47:03+05:30
P-0004330,V-09,7,19.080666,72.894479,7.3,2026-06-17 07:47:20+05:30,2026-06-17 07:47:24+05:30
P-0004331,V-09,7,19.080515,72.894201,4.8,2026-06-17 07:47:37+05:30,2026-06-17 07:47:38+05:30
P-0004332,V-09,7,19.080389,72.893992,4.2,2026-06-17 07:47:58+05:30,2026-06-17 07:47:59+05:30
P-0004333,V-09,7,19.080107,72.893803,6.1,2026-06-17 07:48:16+05:30,2026-06-17 07:48:19+05:30
P-0004334,V-09,7,19.079956,72.893439,5.7,2026-06-17 07:48:34+05:30,2026-06-17 07:48:35+05:30
P-0004335,V-09,7,19.079724,72.893327,5.5,2026-06-17 07:48:51+05:30,2026-06-17 07:48:52+05:30
P-0004336,V-09,7,19.07948,72.893013,6.0,2026-06-17 07:49:09+05:30,2026-06-17 07:49:12+05:30
P-0004337,V-09,7,19.079438,72.892674,8.5,2026-06-17 07:49:28+05:30,2026-06-17 07:49:30+05:30
P-0004338,V-09,7,19.079104,72.892366,8.4,2026-06-17 07:49:51+05:30,2026-06-17 07:49:54+05:30
P-0004339,V-09,7,19.078897,72.892187,3.7,2026-06-17 07:50:09+05:30,2026-06-17 07:50:11+05:30
P-0004340,V-09,7,19.078674,72.892081,6.8,2026-06-17 07:50:26+05:30,2026-06-17 07:50:29+05:30
P-0004341,V-09,7,19.078574,72.891658,7.4,2026-06-17 07:50:45+05:30,2026-06-17 07:50:49+05:30
P-0004342,V-09,7,19.078246,72.891521,6.7,2026-06-17 07:51:05+05:30,2026-06-17 07:51:08+05:30
P-0004343,V-09,7,19.078122,72.891286,3.2,2026-06-17 07:51:22+05:30,2026-06-17 07:51:26+05:30
P-0004344,V-09,7,19.078021,72.891031,4.7,2026-06-17 07:51:40+05:30,2026-06-17 07:51:41+05:30
P-0004345,V-09,7,19.077663,72.890627,8.9,2026-06-17 07:52:01+05:30,2026-06-17 07:52:04+05:30
P-0004346,V-09,7,19.077664,72.890342,5.8,2026-06-17 07:52:20+05:30,2026-06-17 07:52:22+05:30
P-0004347,V-09,7,19.07755,72.890183,5.7,2026-06-17 07:52:39+05:30,2026-06-17 07:52:41+05:30
P-0004348,V-09,7,19.077329,72.889718,9.0,2026-06-17 07:52:56+05:30,2026-06-17 07:52:57+05:30
P-0004349,V-09,7,19.077189,72.889666,2.0,2026-06-17 07:53:13+05:30,2026-06-17 07:53:16+05:30
P-0004350,V-09,7,19.077083,72.889293,6.3,2026-06-17 07:53:33+05:30,2026-06-17 07:53:37+05:30
P-0004351,V-09,7,19.076976,72.88886,8.3,2026-06-17 07:53:53+05:30,2026-06-17 07:53:56+05:30
P-0004352,V-09,7,19.076625,72.888482,11.5,2026-06-17 07:54:15+05:30,2026-06-17 07:54:18+05:30
P-0004353,V-09,7,19.076488,72.888179,7.0,2026-06-17 07:54:35+05:30,2026-06-17 07:54:37+05:30
P-0004354,V-09,7,19.076442,72.888024,3.0,2026-06-17 07:54:56+05:30,2026-06-17 07:54:58+05:30
P-0004355,V-09,7,19.076216,72.887614,9.5,2026-06-17 07:55:14+05:30,2026-06-17 07:55:17+05:30
P-0004356,V-09,7,19.07611,72.887424,4.0,2026-06-17 07:55:35+05:30,2026-06-17 07:55:36+05:30
P-0004357,V-09,7,19.075905,72.88696,8.0,2026-06-17 07:55:54+05:30,2026-06-17 07:55:58+05:30
P-0004358,V-09,7,19.075759,72.886738,3.8,2026-06-17 07:56:13+05:30,2026-06-17 07:56:14+05:30
P-0004359,V-09,7,19.075656,72.886487,3.9,2026-06-17 07:56:36+05:30,2026-06-17 07:56:39+05:30
P-0004360,V-09,7,19.075506,72.886181,6.9,2026-06-17 07:56:57+05:30,2026-06-17 07:57:00+05:30
P-0004361,V-09,7,19.075228,72.885781,9.2,2026-06-17 07:57:20+05:30,2026-06-17 07:57:24+05:30
P-0004362,V-09,7,19.075222,72.885459,5.2,2026-06-17 07:57:40+05:30,2026-06-17 07:57:44+05:30
P-0004363,V-09,7,19.074844,72.885199,8.5,2026-06-17 07:57:58+05:30,2026-06-17 07:58:01+05:30
P-0004364,V-09,7,19.074873,72.884783,7.2,2026-06-17 07:58:18+05:30,2026-06-17 07:58:21+05:30
P-0004365,V-09,7,19.0746,72.884522,8.0,2026-06-17 07:58:38+05:30,2026-06-17 07:58:41+05:30
P-0004366,V-09,7,19.074385,72.88432,5.0,2026-06-17 07:58:57+05:30,2026-06-17 07:58:59+05:30
P-0004367,V-09,7,19.074304,72.883874,7.2,2026-06-17 07:59:18+05:30,2026-06-17 07:59:22+05:30
P-0004368,V-09,7,19.07412,72.883655,5.5,2026-06-17 07:59:35+05:30,2026-06-17 07:59:39+05:30
P-0004369,V-09,7,19.073847,72.883518,4.1,2026-06-17 07:59:53+05:30,2026-06-17 07:59:55+05:30
P-0004370,V-09,7,19.073783,72.883255,5.7,2026-06-17 08:00:16+05:30,2026-06-17 08:00:18+05:30
P-0004371,V-09,7,19.073622,72.882811,10.6,2026-06-17 08:00:35+05:30,2026-06-17 08:00:39+05:30
P-0004372,V-09,7,19.073319,72.882677,7.5,2026-06-17 08:00:55+05:30,2026-06-17 08:00:56+05:30
P-0004373,V-09,7,19.073192,72.882378,7.0,2026-06-17 08:01:13+05:30,2026-06-17 08:01:14+05:30
P-0004374,V-09,7,19.073114,72.882037,8.5,2026-06-17 08:01:30+05:30,2026-06-17 08:01:32+05:30
P-0004375,V-09,7,19.072866,72.881669,10.2,2026-06-17 08:01:51+05:30,2026-06-17 08:01:52+05:30
P-0004376,V-09,7,19.072571,72.881461,7.5,2026-06-17 08:02:13+05:30,2026-06-17 08:02:16+05:30
P-0004377,V-09,7,19.072429,72.881055,10.0,2026-06-17 08:02:32+05:30,2026-06-17 08:02:34+05:30
P-0004378,V-09,7,19.072269,72.880926,4.8,2026-06-17 08:02:54+05:30,2026-06-17 08:02:56+05:30
P-0004379,V-09,7,19.072157,72.880464,8.9,2026-06-17 08:03:13+05:30,2026-06-17 08:03:14+05:30
P-0004380,V-09,7,19.071864,72.880209,7.4,2026-06-17 08:03:32+05:30,2026-06-17 08:03:35+05:30
P-0004381,V-09,7,19.071671,72.880009,4.1,2026-06-17 08:03:55+05:30,2026-06-17 08:03:56+05:30
P-0004382,V-09,7,19.071389,72.879671,9.0,2026-06-17 08:04:18+05:30,2026-06-17 08:04:20+05:30
P-0004383,V-09,7,19.071353,72.879222,10.3,2026-06-17 08:04:35+05:30,2026-06-17 08:04:36+05:30
P-0004384,V-09,7,19.071205,72.878977,7.5,2026-06-17 08:04:55+05:30,2026-06-17 08:04:56+05:30
P-0004385,V-09,7,19.071053,72.878773,5.8,2026-06-17 08:05:15+05:30,2026-06-17 08:05:17+05:30
P-0004386,V-09,7,19.070746,72.878431,8.6,2026-06-17 08:05:37+05:30,2026-06-17 08:05:40+05:30
P-0004387,V-09,7,19.070697,72.878202,3.2,2026-06-17 08:05:59+05:30,2026-06-17 08:06:02+05:30
P-0004388,V-09,7,19.070412,72.877861,6.8,2026-06-17 08:06:20+05:30,2026-06-17 08:06:24+05:30
P-0004389,V-09,7,19.07029,72.877468,8.0,2026-06-17 08:06:37+05:30,2026-06-17 08:06:39+05:30
P-0004390,V-09,7,19.070202,72.877185,7.1,2026-06-17 08:06:57+05:30,2026-06-17 08:07:01+05:30
P-0004391,V-09,7,19.069966,72.87691,7.7,2026-06-17 08:07:18+05:30,2026-06-17 08:07:20+05:30
P-0004392,V-09,7,19.069852,72.876536,9.2,2026-06-17 08:07:39+05:30,2026-06-17 08:07:43+05:30
P-0004393,V-09,7,19.069676,72.876224,5.5,2026-06-17 08:07:59+05:30,2026-06-17 08:08:00+05:30
P-0004394,V-09,7,19.069525,72.875948,4.7,2026-06-17 08:08:22+05:30,2026-06-17 08:08:24+05:30
P-0004395,V-09,7,19.069249,72.875584,10.2,2026-06-17 08:08:41+05:30,2026-06-17 08:08:44+05:30
P-0004396,V-09,7,19.069151,72.875226,7.9,2026-06-17 08:09:00+05:30,2026-06-17 08:09:03+05:30
P-0004397,V-09,7,19.069055,72.874843,8.5,2026-06-17 08:09:22+05:30,2026-06-17 08:09:24+05:30
P-0004398,V-09,7,19.068787,72.874574,8.3,2026-06-17 08:09:45+05:30,2026-06-17 08:09:48+05:30
P-0004399,V-09,7,19.068627,72.87426,6.7,2026-06-17 08:10:07+05:30,2026-06-17 08:10:09+05:30
P-0004400,V-09,7,19.068504,72.873927,8.1,2026-06-17 08:10:27+05:30,2026-06-17 08:10:28+05:30
P-0004401,V-09,7,19.068334,72.873489,7.4,2026-06-17 08:10:50+05:30,2026-06-17 08:10:52+05:30
P-0004402,V-09,7,19.068309,72.873272,6.1,2026-06-17 08:11:10+05:30,2026-06-17 08:11:14+05:30
P-0004403,V-09,7,19.068029,72.872858,8.3,2026-06-17 08:11:33+05:30,2026-06-17 08:11:36+05:30
P-0004404,V-09,7,19.067895,72.872524,8.4,2026-06-17 08:11:56+05:30,2026-06-17 08:12:00+05:30
P-0004405,V-09,7,19.067799,72.872133,6.1,2026-06-17 08:12:18+05:30,2026-06-17 08:12:20+05:30
P-0004406,V-09,7,19.067469,72.87185,7.3,2026-06-17 08:12:36+05:30,2026-06-17 08:12:38+05:30
P-0004407,V-09,7,19.067421,72.87168,2.3,2026-06-17 08:12:56+05:30,2026-06-17 08:13:00+05:30
P-0004408,V-09,7,19.067267,72.87124,7.4,2026-06-17 08:13:14+05:30,2026-06-17 08:13:17+05:30
P-0004409,V-09,7,19.067042,72.870831,7.9,2026-06-17 08:13:36+05:30,2026-06-17 08:13:40+05:30
P-0004410,V-09,7,19.066899,72.870523,6.8,2026-06-17 08:13:59+05:30,2026-06-17 08:14:02+05:30
P-0004411,V-09,7,19.066745,72.870204,8.6,2026-06-17 08:14:20+05:30,2026-06-17 08:14:24+05:30
P-0004412,V-09,7,19.066755,72.870036,4.5,2026-06-17 08:14:37+05:30,2026-06-17 08:14:39+05:30
P-0004413,V-09,7,19.066588,72.869757,4.4,2026-06-17 08:14:57+05:30,2026-06-17 08:15:01+05:30
P-0004414,V-09,7,19.066286,72.869343,11.6,2026-06-17 08:15:19+05:30,2026-06-17 08:15:21+05:30
P-0004415,V-09,7,19.066095,72.868907,7.9,2026-06-17 08:15:39+05:30,2026-06-17 08:15:40+05:30
P-0004416,V-09,7,19.066142,72.868942,2.4,2026-06-17 08:16:01+05:30,2026-06-17 08:16:03+05:30
P-0004417,V-09,7,19.066205,72.868938,1.6,2026-06-17 08:16:21+05:30,2026-06-17 08:16:24+05:30
P-0004418,V-09,7,19.066124,72.869114,4.3,2026-06-17 08:16:42+05:30,2026-06-17 08:16:43+05:30
P-0004419,V-09,7,19.066093,72.8689,4.7,2026-06-17 08:17:02+05:30,2026-06-17 08:17:04+05:30
P-0004420,V-09,7,19.066216,72.869104,5.8,2026-06-17 08:17:21+05:30,2026-06-17 08:17:25+05:30
P-0004421,V-09,7,19.06616,72.868944,1.6,2026-06-17 08:17:39+05:30,2026-06-17 08:17:43+05:30
P-0004422,V-09,7,19.066312,72.868906,3.9,2026-06-17 08:18:00+05:30,2026-06-17 08:18:03+05:30
P-0004423,V-09,7,19.066162,72.869102,3.3,2026-06-17 08:18:17+05:30,2026-06-17 08:18:18+05:30
P-0004424,V-09,7,19.066265,72.868922,5.2,2026-06-17 08:18:36+05:30,2026-06-17 08:18:39+05:30
P-0004425,V-09,7,19.066168,72.868923,3.8,2026-06-17 08:18:56+05:30,2026-06-17 08:18:59+05:30
P-0004426,V-09,7,19.066223,72.86908,4.1,2026-06-17 08:19:14+05:30,2026-06-17 08:19:15+05:30
P-0004427,V-09,7,19.066089,72.868896,6.1,2026-06-17 08:19:34+05:30,2026-06-17 08:19:36+05:30
P-0004428,V-09,7,19.066278,72.869063,4.8,2026-06-17 08:19:56+05:30,2026-06-17 08:19:59+05:30
P-0004429,V-09,7,19.066176,72.868942,4.3,2026-06-17 08:20:15+05:30,2026-06-17 08:20:16+05:30
P-0004430,V-09,7,19.066212,72.8691,4.2,2026-06-17 08:20:35+05:30,2026-06-17 08:20:39+05:30
P-0004431,V-09,7,19.066213,72.86894,4.7,2026-06-17 08:20:55+05:30,2026-06-17 08:20:58+05:30
P-0004432,V-09,7,19.066082,72.86889,4.6,2026-06-17 08:21:15+05:30,2026-06-17 08:21:18+05:30
P-0004433,V-09,7,19.066186,72.869075,4.2,2026-06-17 08:21:34+05:30,2026-06-17 08:21:36+05:30
P-0004434,V-09,7,19.066103,72.868954,2.4,2026-06-17 08:21:57+05:30,2026-06-17 08:22:00+05:30
P-0004435,V-09,7,19.066283,72.869024,2.3,2026-06-17 08:22:17+05:30,2026-06-17 08:22:19+05:30
P-0004436,V-09,7,19.066151,72.86903,4.6,2026-06-17 08:22:36+05:30,2026-06-17 08:22:40+05:30
P-0004437,V-09,7,19.06632,72.86897,5.1,2026-06-17 08:22:53+05:30,2026-06-17 08:22:55+05:30
P-0004438,V-09,7,19.066261,72.868989,1.1,2026-06-17 08:23:15+05:30,2026-06-17 08:23:17+05:30
P-0004439,V-09,7,19.066229,72.868978,0.5,2026-06-17 08:23:35+05:30,2026-06-17 08:23:39+05:30
P-0004440,V-09,7,19.066262,72.869057,1.4,2026-06-17 08:23:53+05:30,2026-06-17 08:23:57+05:30
P-0004441,V-09,7,19.066197,72.869101,0.0,2026-06-17 08:24:10+05:30,2026-06-17 08:24:11+05:30
P-0004442,V-09,7,19.066165,72.868914,4.7,2026-06-17 08:24:27+05:30,2026-06-17 08:24:29+05:30
P-0004443,V-09,7,19.066268,72.869084,3.2,2026-06-17 08:24:48+05:30,2026-06-17 08:24:49+05:30
P-0004444,V-09,7,19.066264,72.8691,0.0,2026-06-17 08:25:08+05:30,2026-06-17 08:25:11+05:30
P-0004445,V-09,7,19.066226,72.868931,5.1,2026-06-17 08:25:26+05:30,2026-06-17 08:25:27+05:30
P-0004446,V-09,7,19.066268,72.868928,1.5,2026-06-17 08:25:46+05:30,2026-06-17 08:25:47+05:30
P-0004447,V-09,7,19.066193,72.868885,3.5,2026-06-17 08:26:04+05:30,2026-06-17 08:26:06+05:30
P-0004448,V-09,7,19.066285,72.86905,3.4,2026-06-17 08:26:22+05:30,2026-06-17 08:26:26+05:30
P-0004449,V-09,7,19.066206,72.869047,2.1,2026-06-17 08:26:41+05:30,2026-06-17 08:26:45+05:30
P-0004450,V-09,7,19.066175,72.868955,0.8,2026-06-17 08:27:03+05:30,2026-06-17 08:27:06+05:30
P-0004451,V-09,7,19.066264,72.868971,0.1,2026-06-17 08:27:21+05:30,2026-06-17 08:27:24+05:30
P-0004452,V-09,7,19.066262,72.868968,1.8,2026-06-17 08:27:44+05:30,2026-06-17 08:27:45+05:30
P-0004453,V-09,7,19.066105,72.869046,2.7,2026-06-17 08:28:07+05:30,2026-06-17 08:28:11+05:30
P-0004454,V-09,7,19.066122,72.869032,0.1,2026-06-17 08:28:29+05:30,2026-06-17 08:28:33+05:30
P-0004455,V-09,7,19.06613,72.868922,1.3,2026-06-17 08:28:52+05:30,2026-06-17 08:28:55+05:30
P-0004456,V-09,7,19.066293,72.868962,1.8,2026-06-17 08:29:12+05:30,2026-06-17 08:29:16+05:30
P-0004457,V-09,7,19.066195,72.869073,3.6,2026-06-17 08:29:35+05:30,2026-06-17 08:29:39+05:30
P-0004458,V-09,7,19.066308,72.868905,5.5,2026-06-17 08:29:54+05:30,2026-06-17 08:29:57+05:30
P-0004459,V-09,7,19.066089,72.869092,6.3,2026-06-17 08:30:12+05:30,2026-06-17 08:30:16+05:30
P-0004460,V-09,7,19.066277,72.869112,2.5,2026-06-17 08:30:32+05:30,2026-06-17 08:30:34+05:30
P-0004461,V-09,7,19.066167,72.868953,3.9,2026-06-17 08:30:52+05:30,2026-06-17 08:30:55+05:30
P-0004462,V-09,7,19.066263,72.869118,5.1,2026-06-17 08:31:14+05:30,2026-06-17 08:31:17+05:30
P-0004463,V-09,7,19.06621,72.868956,4.7,2026-06-17 08:31:35+05:30,2026-06-17 08:31:36+05:30
P-0004464,V-09,7,19.066265,72.868988,3.1,2026-06-17 08:31:55+05:30,2026-06-17 08:31:59+05:30
P-0002821,V-11,5,19.130639,72.912933,14.9,2026-06-17 07:39:17+05:30,2026-06-17 07:39:20+05:30
